INFO 2026-03-05 23:06:56,362 autoreload 27264 24396 Watching for file changes with StatReloader
INFO 2026-03-05 23:07:00,708 basehttp 27264 15544 "GET / HTTP/1.1" 302 0
INFO 2026-03-05 23:07:00,777 basehttp 27264 15544 "GET /login/?next=/ HTTP/1.1" 200 2555
WARNING 2026-03-05 23:07:01,013 basehttp 27264 15544 "GET /static/assets/css/makon-style.css HTTP/1.1" 404 179
WARNING 2026-03-05 23:07:01,022 basehttp 27264 15544 "GET /static/assets/js/login-main.js HTTP/1.1" 404 179
WARNING 2026-03-05 23:07:01,023 basehttp 27264 17820 "GET /static/assets/img/icons/white-icon-nobg.png HTTP/1.1" 404 179
WARNING 2026-03-05 23:07:01,252 basehttp 27264 15544 "GET /static/assets/img/icons/original-icon-nobg.png HTTP/1.1" 404 179
INFO 2026-03-05 23:07:10,479 basehttp 27264 15544 "POST /login/?next=/ HTTP/1.1" 302 0
INFO 2026-03-05 23:07:10,727 basehttp 27264 15544 "GET /sat/practises/ HTTP/1.1" 200 5247
WARNING 2026-03-05 23:07:10,853 basehttp 27264 15544 "GET /static/assets/css/makon-dashboard.css HTTP/1.1" 404 179
WARNING 2026-03-05 23:07:10,855 basehttp 27264 17820 "GET /static/font-awesome-4.7.0/css/font-awesome.min.css HTTP/1.1" 404 179
WARNING 2026-03-05 23:07:10,860 basehttp 27264 22804 "GET /static/assets/img/icons/original-icon-nobg.png HTTP/1.1" 404 179
INFO 2026-03-05 23:10:43,658 autoreload 7548 15544 Watching for file changes with StatReloader
INFO 2026-03-05 23:10:50,433 basehttp 7548 30540 "GET / HTTP/1.1" 302 0
INFO 2026-03-05 23:10:50,561 basehttp 7548 30540 "GET /sat/practises/ HTTP/1.1" 200 5247
INFO 2026-03-05 23:10:50,826 basehttp 7548 29980 "GET /static/font-awesome-4.7.0/css/font-awesome.min.css HTTP/1.1" 200 31000
INFO 2026-03-05 23:10:50,853 basehttp 7548 30540 "GET /static/assets/css/makon-dashboard.css HTTP/1.1" 200 4958
INFO 2026-03-05 23:10:50,862 basehttp 7548 14152 "GET /static/assets/img/icons/original-icon-nobg.png HTTP/1.1" 200 91518
INFO 2026-03-05 23:10:50,938 basehttp 7548 14152 "GET /static/font-awesome-4.7.0/fonts/fontawesome-webfont.woff2?v=4.7.0 HTTP/1.1" 200 77160
INFO 2026-03-05 23:10:54,834 basehttp 7548 14152 "GET /sat/admin-panel/ HTTP/1.1" 200 10340
INFO 2026-03-05 23:10:54,950 basehttp 7548 29980 "GET /static/assets/vendor/aos/aos.css HTTP/1.1" 200 28765
INFO 2026-03-05 23:10:54,952 basehttp 7548 30540 "GET /static/assets/vendor/bootstrap-icons/bootstrap-icons.css HTTP/1.1" 200 98255
INFO 2026-03-05 23:10:54,963 basehttp 7548 23444 "GET /static/assets/css/main.css HTTP/1.1" 200 50430
INFO 2026-03-05 23:10:54,970 basehttp 7548 29148 "GET /static/assets/vendor/glightbox/css/glightbox.min.css HTTP/1.1" 200 13749
INFO 2026-03-05 23:10:54,972 basehttp 7548 25920 "GET /static/assets/vendor/swiper/swiper-bundle.min.css HTTP/1.1" 200 18432
INFO 2026-03-05 23:10:54,979 basehttp 7548 14152 "GET /static/assets/vendor/bootstrap/css/bootstrap.min.css HTTP/1.1" 200 232803
INFO 2026-03-05 23:10:55,088 basehttp 7548 30540 "GET /static/assets/vendor/bootstrap/js/bootstrap.bundle.min.js HTTP/1.1" 200 80721
INFO 2026-03-05 23:10:55,115 basehttp 7548 25920 "GET /static/assets/vendor/swiper/swiper-bundle.min.js HTTP/1.1" 200 149982
INFO 2026-03-05 23:10:55,122 basehttp 7548 14152 "GET /static/assets/vendor/aos/aos.js HTTP/1.1" 200 13800
INFO 2026-03-05 23:10:55,134 basehttp 7548 29148 "GET /static/assets/vendor/purecounter/purecounter_vanilla.js HTTP/1.1" 200 5417
INFO 2026-03-05 23:10:55,146 basehttp 7548 30540 "GET /static/assets/vendor/php-email-form/validate.js HTTP/1.1" 200 2734
INFO 2026-03-05 23:10:55,172 basehttp 7548 29980 "GET /static/assets/vendor/isotope-layout/isotope.pkgd.min.js HTTP/1.1" 200 35445
INFO 2026-03-05 23:10:55,175 basehttp 7548 25920 "GET /static/assets/js/main.js HTTP/1.1" 200 7526
INFO 2026-03-05 23:10:55,204 basehttp 7548 23444 "GET /static/assets/vendor/glightbox/js/glightbox.min.js HTTP/1.1" 200 56300
INFO 2026-03-05 23:10:55,819 basehttp 7548 23444 "GET /static/assets/vendor/bootstrap-icons/fonts/bootstrap-icons.woff2?dd67030699838ea613ee6dbda90effa6 HTTP/1.1" 200 130396
INFO 2026-03-05 23:10:59,063 basehttp 7548 23444 "GET /sat/admin-panel/tests/ HTTP/1.1" 200 9884
INFO 2026-03-05 23:11:01,805 basehttp 7548 23444 "GET /sat/admin-panel/tests/ HTTP/1.1" 200 9884
INFO 2026-03-05 23:11:04,899 basehttp 7548 23444 "GET / HTTP/1.1" 302 0
INFO 2026-03-05 23:11:05,035 basehttp 7548 23444 "GET /sat/practises/ HTTP/1.1" 200 5247
INFO 2026-03-05 23:11:08,159 basehttp 7548 23444 "GET /logout/ HTTP/1.1" 302 0
INFO 2026-03-05 23:11:08,211 basehttp 7548 23444 "GET /login HTTP/1.1" 301 0
INFO 2026-03-05 23:11:08,241 basehttp 7548 25920 "GET /login/ HTTP/1.1" 200 2555
INFO 2026-03-05 23:11:08,317 basehttp 7548 29980 "GET /static/assets/img/icons/white-icon-nobg.png HTTP/1.1" 200 84649
INFO 2026-03-05 23:11:08,318 basehttp 7548 25920 "GET /static/assets/css/makon-style.css HTTP/1.1" 200 2986
INFO 2026-03-05 23:11:08,342 basehttp 7548 30540 "GET /static/assets/js/login-main.js HTTP/1.1" 200 517
INFO 2026-03-05 23:11:36,311 basehttp 7548 30540 "POST /login/ HTTP/1.1" 302 0
INFO 2026-03-05 23:11:36,517 basehttp 7548 30540 "GET /sat/practises/ HTTP/1.1" 200 5247
INFO 2026-03-05 23:11:40,155 basehttp 7548 30540 "GET /sat/admin-panel/ HTTP/1.1" 200 10340
INFO 2026-03-05 23:11:44,155 basehttp 7548 30540 "GET /sat/admin-panel/users/ HTTP/1.1" 200 11400
INFO 2026-03-05 23:22:30,295 autoreload 27028 30636 Watching for file changes with StatReloader
INFO 2026-03-05 23:22:37,921 basehttp 27028 14536 "GET /sat/admin-panel/ HTTP/1.1" 200 10340
INFO 2026-03-05 23:22:41,098 basehttp 27028 14536 "GET /sat/admin-panel/users/ HTTP/1.1" 200 12349
INFO 2026-03-05 23:22:46,318 basehttp 27028 14536 "GET /sat/admin-panel/users/2/ HTTP/1.1" 200 10814
INFO 2026-03-05 23:22:51,204 basehttp 27028 14536 "POST /sat/admin-panel/users/2/delete/ HTTP/1.1" 302 0
INFO 2026-03-05 23:22:51,385 basehttp 27028 14536 "GET /sat/admin-panel/users/ HTTP/1.1" 200 11985
INFO 2026-03-05 23:22:53,598 basehttp 27028 14536 "GET /sat/admin-panel/users/3/ HTTP/1.1" 200 10814
INFO 2026-03-05 23:22:55,770 basehttp 27028 14536 "POST /sat/admin-panel/users/3/delete/ HTTP/1.1" 302 0
INFO 2026-03-05 23:22:55,887 basehttp 27028 14536 "GET /sat/admin-panel/users/ HTTP/1.1" 200 11510
INFO 2026-03-05 23:24:28,997 basehttp 27028 14536 "GET / HTTP/1.1" 302 0
INFO 2026-03-05 23:24:29,133 basehttp 27028 14536 "GET /sat/practises/ HTTP/1.1" 200 5247
INFO 2026-03-06 08:37:20,251 autoreload 29952 20176 Watching for file changes with StatReloader
INFO 2026-03-06 08:44:51,948 autoreload 24620 2696 Watching for file changes with StatReloader
INFO 2026-03-06 08:47:51,334 basehttp 29952 18112 "GET / HTTP/1.1" 302 0
INFO 2026-03-06 08:47:51,760 basehttp 29952 18112 "GET /sat/practises/ HTTP/1.1" 200 5247
INFO 2026-03-06 08:47:56,865 basehttp 29952 18112 "GET /sat/admin-panel/ HTTP/1.1" 200 10340
INFO 2026-03-06 08:48:00,253 basehttp 29952 18112 "GET /sat/admin-panel/tests/ HTTP/1.1" 200 9884
INFO 2026-03-06 08:48:01,390 basehttp 29952 18112 "GET /sat/admin-panel/mocks/ HTTP/1.1" 200 10087
INFO 2026-03-06 08:48:02,744 basehttp 29952 18112 "GET /sat/admin-panel/users/ HTTP/1.1" 200 11400
INFO 2026-03-08 00:28:10,992 autoreload 16600 14048 Watching for file changes with StatReloader
INFO 2026-03-08 00:28:13,789 basehttp 16600 1408 "GET / HTTP/1.1" 302 0
INFO 2026-03-08 00:28:14,134 basehttp 16600 1408 "GET /sat/practises/ HTTP/1.1" 200 5247
INFO 2026-03-08 00:28:14,305 basehttp 16600 1408 "GET /static/assets/css/makon-dashboard.css HTTP/1.1" 304 0
INFO 2026-03-08 00:28:14,313 basehttp 16600 18796 "GET /static/font-awesome-4.7.0/css/font-awesome.min.css HTTP/1.1" 304 0
INFO 2026-03-08 00:28:14,321 basehttp 16600 18796 "GET /static/assets/img/icons/original-icon-nobg.png HTTP/1.1" 304 0
INFO 2026-03-08 00:28:14,398 basehttp 16600 18796 "GET /static/font-awesome-4.7.0/fonts/fontawesome-webfont.woff2?v=4.7.0 HTTP/1.1" 304 0
INFO 2026-03-08 00:28:16,335 basehttp 16600 18796 "GET /sat/admin-panel/ HTTP/1.1" 200 10340
INFO 2026-03-08 00:28:16,422 basehttp 16600 18796 "GET /static/assets/vendor/bootstrap/css/bootstrap.min.css HTTP/1.1" 304 0
INFO 2026-03-08 00:28:16,424 basehttp 16600 1408 "GET /static/assets/vendor/bootstrap-icons/bootstrap-icons.css HTTP/1.1" 304 0
INFO 2026-03-08 00:28:16,437 basehttp 16600 1408 "GET /static/assets/vendor/bootstrap/js/bootstrap.bundle.min.js HTTP/1.1" 304 0
INFO 2026-03-08 00:28:16,445 basehttp 16600 7352 "GET /static/assets/vendor/glightbox/css/glightbox.min.css HTTP/1.1" 304 0
INFO 2026-03-08 00:28:16,445 basehttp 16600 19908 "GET /static/assets/vendor/aos/aos.css HTTP/1.1" 304 0
INFO 2026-03-08 00:28:16,448 basehttp 16600 11864 "GET /static/assets/vendor/swiper/swiper-bundle.min.css HTTP/1.1" 304 0
INFO 2026-03-08 00:28:16,452 basehttp 16600 18796 "GET /static/assets/css/main.css HTTP/1.1" 304 0
INFO 2026-03-08 00:28:16,454 basehttp 16600 1408 "GET /static/assets/vendor/glightbox/js/glightbox.min.js HTTP/1.1" 304 0
INFO 2026-03-08 00:28:16,459 basehttp 16600 12696 "GET /static/assets/vendor/aos/aos.js HTTP/1.1" 304 0
INFO 2026-03-08 00:28:16,459 basehttp 16600 19908 "GET /static/assets/vendor/purecounter/purecounter_vanilla.js HTTP/1.1" 304 0
INFO 2026-03-08 00:28:16,461 basehttp 16600 7352 "GET /static/assets/vendor/swiper/swiper-bundle.min.js HTTP/1.1" 304 0
INFO 2026-03-08 00:28:16,463 basehttp 16600 11864 "GET /static/assets/vendor/isotope-layout/isotope.pkgd.min.js HTTP/1.1" 304 0
INFO 2026-03-08 00:28:16,463 basehttp 16600 18796 "GET /static/assets/vendor/php-email-form/validate.js HTTP/1.1" 304 0
INFO 2026-03-08 00:28:16,465 basehttp 16600 1408 "GET /static/assets/js/main.js HTTP/1.1" 304 0
INFO 2026-03-08 00:28:16,637 basehttp 16600 1408 "GET /static/assets/vendor/bootstrap-icons/fonts/bootstrap-icons.woff2?dd67030699838ea613ee6dbda90effa6 HTTP/1.1" 304 0
INFO 2026-03-08 00:28:19,392 basehttp 16600 1408 "GET /sat/admin-panel/groups/ HTTP/1.1" 200 10411
INFO 2026-03-08 00:28:21,398 basehttp 16600 1408 "GET /sat/admin-panel/users/ HTTP/1.1" 200 11400
INFO 2026-03-08 00:28:22,544 basehttp 16600 1408 "GET /sat/admin-panel/tests/ HTTP/1.1" 200 9884
INFO 2026-03-08 00:28:24,261 basehttp 16600 1408 "GET /sat/admin-panel/groups/ HTTP/1.1" 200 10411
INFO 2026-03-08 00:28:29,762 basehttp 16600 1408 "GET /sat/admin-panel/tests/ HTTP/1.1" 200 9884
INFO 2026-03-08 00:28:40,928 basehttp 16600 1408 "GET /sat/admin-panel/groups/ HTTP/1.1" 200 10411
INFO 2026-03-08 00:28:44,975 basehttp 16600 1408 "POST /sat/admin-panel/groups/ HTTP/1.1" 302 0
INFO 2026-03-08 00:28:45,163 basehttp 16600 1408 "GET /sat/admin-panel/groups/ HTTP/1.1" 200 11036
INFO 2026-03-08 00:28:46,965 basehttp 16600 1408 "GET /sat/admin-panel/groups/1/ HTTP/1.1" 200 10196
INFO 2026-03-08 00:52:59,678 autoreload 12232 7104 Watching for file changes with StatReloader
INFO 2026-03-08 00:53:03,291 basehttp 12232 19308 "GET / HTTP/1.1" 302 0
INFO 2026-03-08 00:53:03,483 basehttp 12232 19308 "GET /sat/practises/ HTTP/1.1" 200 5247
INFO 2026-03-08 00:53:07,471 basehttp 12232 19308 "GET /sat/admin-panel/ HTTP/1.1" 200 10340
INFO 2026-03-08 00:53:10,010 basehttp 12232 19308 "GET /sat/admin-panel/groups/ HTTP/1.1" 200 10931
INFO 2026-03-08 00:53:11,817 basehttp 12232 19308 "GET /sat/admin-panel/groups/1/ HTTP/1.1" 200 10274
ERROR 2026-03-08 00:53:13,866 basehttp 12232 19308 "GET /sat/admin-panel/groups/1/edit-tests/ HTTP/1.1" 500 99795
WARNING 2026-03-08 00:53:14,219 basehttp 12232 19308 "GET /favicon.ico HTTP/1.1" 404 4513
INFO 2026-03-08 01:06:35,477 autoreload 1396 12852 Watching for file changes with StatReloader
INFO 2026-03-08 01:06:38,419 basehttp 1396 11736 "GET / HTTP/1.1" 302 0
INFO 2026-03-08 01:06:38,730 basehttp 1396 11736 "GET /sat/practises/ HTTP/1.1" 200 5247
INFO 2026-03-08 01:06:41,788 basehttp 1396 11736 "GET /sat/admin-panel/ HTTP/1.1" 200 10340
INFO 2026-03-08 01:06:43,406 basehttp 1396 11736 "GET /sat/admin-panel/groups/ HTTP/1.1" 200 10931
INFO 2026-03-08 01:06:44,967 basehttp 1396 11736 "GET /sat/admin-panel/groups/1/ HTTP/1.1" 200 10274
INFO 2026-03-08 01:06:46,152 basehttp 1396 11736 "GET /sat/admin-panel/groups/1/edit-tests/ HTTP/1.1" 200 369
ERROR 2026-03-08 01:06:49,272 basehttp 1396 11736 "POST /sat/admin-panel/groups/1/edit-tests/ HTTP/1.1" 500 104471
INFO 2026-03-08 05:42:44,775 autoreload 16364 19820 Watching for file changes with StatReloader
INFO 2026-03-08 05:42:49,374 basehttp 16364 9084 "GET / HTTP/1.1" 302 0
INFO 2026-03-08 05:42:49,563 basehttp 16364 9084 "GET /sat/practises/ HTTP/1.1" 200 5247
INFO 2026-03-08 05:42:52,404 basehttp 16364 9084 "GET /sat/admin-panel/ HTTP/1.1" 200 10445
INFO 2026-03-08 05:42:54,922 basehttp 16364 9084 "GET /sat/admin-panel/groups/ HTTP/1.1" 200 10931
INFO 2026-03-08 05:42:56,167 basehttp 16364 9084 "GET /sat/admin-panel/groups/1/ HTTP/1.1" 200 10274
INFO 2026-03-08 05:42:57,552 basehttp 16364 9084 "GET /sat/admin-panel/groups/1/edit-tests/ HTTP/1.1" 200 369
INFO 2026-03-08 05:42:59,020 basehttp 16364 9084 "POST /sat/admin-panel/groups/1/edit-tests/ HTTP/1.1" 302 0
INFO 2026-03-08 05:42:59,166 basehttp 16364 9084 "GET /sat/admin-panel/groups/1/ HTTP/1.1" 200 10379
INFO 2026-03-08 06:18:43,434 autoreload 13948 16620 Watching for file changes with StatReloader
INFO 2026-03-08 06:18:47,954 basehttp 13948 15980 "GET / HTTP/1.1" 302 0
INFO 2026-03-08 06:18:48,338 basehttp 13948 15980 "GET /sat/practises/ HTTP/1.1" 200 5247
INFO 2026-03-08 06:18:52,497 basehttp 13948 15980 "GET /sat/admin-panel/ HTTP/1.1" 200 10340
INFO 2026-03-08 06:18:54,273 basehttp 13948 15980 "GET /sat/admin-panel/groups/ HTTP/1.1" 200 10931
ERROR 2026-03-08 06:18:56,307 basehttp 13948 15980 "GET /sat/admin-panel/groups/1/ HTTP/1.1" 500 201185
INFO 2026-03-08 06:54:07,236 basehttp 13948 17584 "GET /sat/admin-panel/groups/ HTTP/1.1" 200 11079
INFO 2026-03-08 06:55:21,792 autoreload 1400 12632 Watching for file changes with StatReloader
INFO 2026-03-08 06:55:32,119 basehttp 1400 7020 "GET / HTTP/1.1" 302 0
INFO 2026-03-08 06:55:32,270 basehttp 1400 7020 "GET /sat/practises/ HTTP/1.1" 200 5247
INFO 2026-03-08 06:55:37,923 basehttp 1400 7020 "GET /sat/admin-panel/ HTTP/1.1" 200 10488
INFO 2026-03-08 06:55:41,360 basehttp 1400 7020 "GET /sat/admin-panel/groups/ HTTP/1.1" 200 11079
INFO 2026-03-08 06:55:43,294 basehttp 1400 7020 "GET /sat/admin-panel/groups/1/ HTTP/1.1" 200 12118
INFO 2026-03-08 06:55:49,077 basehttp 1400 7020 "GET /sat/admin-panel/tests/ HTTP/1.1" 200 10032
INFO 2026-03-08 07:03:59,744 basehttp 1400 9784 "GET / HTTP/1.1" 302 0
INFO 2026-03-08 07:04:00,046 basehttp 1400 9784 "GET /sat/practises/ HTTP/1.1" 200 5247
INFO 2026-03-08 07:04:02,011 basehttp 1400 9784 "GET /sat/admin-panel/ HTTP/1.1" 200 10488
INFO 2026-03-08 07:04:05,150 basehttp 1400 9784 "GET /sat/admin-panel/groups/ HTTP/1.1" 200 11079
INFO 2026-03-08 07:04:06,530 basehttp 1400 9784 "GET /sat/admin-panel/tests/ HTTP/1.1" 200 11185
INFO 2026-03-08 07:04:10,794 basehttp 1400 9784 "GET /sat/admin-panel/tests/1/ HTTP/1.1" 200 10211
INFO 2026-03-08 07:04:13,973 basehttp 1400 9784 "GET /sat/admin-panel/groups/ HTTP/1.1" 200 11079
INFO 2026-03-08 07:04:15,928 basehttp 1400 9784 "GET /sat/admin-panel/groups/1/ HTTP/1.1" 200 12463
INFO 2026-03-08 07:04:19,855 basehttp 1400 9784 "POST /sat/admin-panel/groups/1/edit-tests/ HTTP/1.1" 302 0
INFO 2026-03-08 07:04:20,048 basehttp 1400 9784 "GET /sat/admin-panel/groups/1/ HTTP/1.1" 200 12641
INFO 2026-03-08 07:04:23,007 basehttp 1400 9784 "GET /sat/admin-panel/tests/ HTTP/1.1" 200 11191
INFO 2026-03-08 07:04:25,354 basehttp 1400 9784 "GET /sat/admin-panel/users/ HTTP/1.1" 200 11582
INFO 2026-03-08 07:04:36,602 basehttp 1400 9784 "GET /sat/admin-panel/ HTTP/1.1" 200 10488
INFO 2026-03-08 07:07:28,206 autoreload 1400 12632 C:\Users\turgu\OneDrive\Desktop\makonbook-master\makonbook-master\apps\sat\urls_admin.py changed, reloading.
INFO 2026-03-08 07:07:32,058 autoreload 9336 20360 Watching for file changes with StatReloader
INFO 2026-03-08 07:08:16,977 autoreload 9336 20360 C:\Users\turgu\OneDrive\Desktop\makonbook-master\makonbook-master\apps\sat\views_admin.py changed, reloading.
INFO 2026-03-08 07:08:19,734 autoreload 15376 2492 Watching for file changes with StatReloader
INFO 2026-03-08 07:19:21,233 autoreload 6840 19296 Watching for file changes with StatReloader
INFO 2026-03-08 07:19:38,408 basehttp 6840 18248 "GET / HTTP/1.1" 302 0
INFO 2026-03-08 07:19:38,633 basehttp 6840 18248 "GET /sat/practises/ HTTP/1.1" 200 5247
INFO 2026-03-08 07:19:42,606 basehttp 6840 18248 "GET /sat/admin-panel/ HTTP/1.1" 200 10488
INFO 2026-03-08 07:19:45,057 basehttp 6840 18248 "GET /sat/admin-panel/groups/ HTTP/1.1" 200 11079
INFO 2026-03-08 07:19:47,352 basehttp 6840 18248 "GET /sat/admin-panel/groups/1/ HTTP/1.1" 200 12536
INFO 2026-03-08 07:19:50,841 basehttp 6840 18248 "POST /sat/admin-panel/groups/1/edit-tests/ HTTP/1.1" 302 0
INFO 2026-03-08 07:19:51,020 basehttp 6840 18248 "GET /sat/admin-panel/groups/1/ HTTP/1.1" 200 12641
INFO 2026-03-08 07:19:53,568 basehttp 6840 18248 "GET /sat/admin-panel/tests/ HTTP/1.1" 200 11191
INFO 2026-03-08 07:19:55,966 basehttp 6840 18248 "GET /sat/admin-panel/users/ HTTP/1.1" 200 11833
INFO 2026-03-08 07:19:57,297 basehttp 6840 18248 "GET /sat/admin-panel/users/create/ HTTP/1.1" 200 11043
INFO 2026-03-08 07:20:13,434 basehttp 6840 18248 "POST /sat/admin-panel/users/create/ HTTP/1.1" 302 0
INFO 2026-03-08 07:20:13,691 basehttp 6840 18248 "GET /sat/admin-panel/users/ HTTP/1.1" 200 12421
INFO 2026-03-08 07:20:23,057 basehttp 6840 18248 "GET /sat/admin-panel/users/4/ HTTP/1.1" 200 10982
INFO 2026-03-08 07:20:24,178 basehttp 6840 18248 "GET /sat/admin-panel/users/4/edit/ HTTP/1.1" 200 10409
INFO 2026-03-08 07:20:26,234 basehttp 6840 18248 "POST /sat/admin-panel/users/4/edit/ HTTP/1.1" 302 0
INFO 2026-03-08 07:20:26,387 basehttp 6840 18248 "GET /sat/admin-panel/users/4/ HTTP/1.1" 200 11059
INFO 2026-03-08 07:20:29,101 basehttp 6840 18248 "GET /sat/admin-panel/users/ HTTP/1.1" 200 12313
INFO 2026-03-08 07:20:31,961 basehttp 6840 18248 "GET /sat/admin-panel/users/4/ HTTP/1.1" 200 10949
INFO 2026-03-08 07:20:32,995 basehttp 6840 18248 "GET /sat/admin-panel/users/4/edit/ HTTP/1.1" 200 10401
INFO 2026-03-08 07:20:35,126 basehttp 6840 18248 "POST /sat/admin-panel/users/4/edit/ HTTP/1.1" 302 0
INFO 2026-03-08 07:20:35,284 basehttp 6840 18248 "GET /sat/admin-panel/users/4/ HTTP/1.1" 200 11092
INFO 2026-03-08 07:20:38,827 basehttp 6840 18248 "GET /logout/ HTTP/1.1" 302 0
INFO 2026-03-08 07:20:38,852 basehttp 6840 18248 "GET /login HTTP/1.1" 301 0
INFO 2026-03-08 07:20:38,931 basehttp 6840 12824 "GET /login/ HTTP/1.1" 200 2555
INFO 2026-03-08 07:20:39,008 basehttp 6840 12824 "GET /static/assets/css/makon-style.css HTTP/1.1" 304 0
INFO 2026-03-08 07:20:39,017 basehttp 6840 12824 "GET /static/assets/img/icons/white-icon-nobg.png HTTP/1.1" 304 0
INFO 2026-03-08 07:20:39,044 basehttp 6840 12824 "GET /static/assets/js/login-main.js HTTP/1.1" 304 0
INFO 2026-03-08 07:20:51,586 basehttp 6840 12824 "POST /login/ HTTP/1.1" 302 0
INFO 2026-03-08 07:20:51,770 basehttp 6840 12824 "GET /sat/practises/ HTTP/1.1" 200 5247
INFO 2026-03-08 07:20:54,827 basehttp 6840 12824 "GET /sat/admin-panel/ HTTP/1.1" 200 10488
INFO 2026-03-08 07:20:57,477 basehttp 6840 12824 "GET /sat/admin-panel/users/ HTTP/1.1" 200 12316
INFO 2026-03-08 07:20:59,063 basehttp 6840 12824 "GET /sat/admin-panel/users/4/ HTTP/1.1" 200 10982
INFO 2026-03-08 07:21:04,502 basehttp 6840 12824 "GET /logout/ HTTP/1.1" 302 0
INFO 2026-03-08 07:21:04,519 basehttp 6840 12824 "GET /login/ HTTP/1.1" 200 2555
INFO 2026-03-08 07:21:12,516 basehttp 6840 12824 "POST /login/ HTTP/1.1" 302 0
INFO 2026-03-08 07:21:12,713 basehttp 6840 12824 "GET /sat/practises/ HTTP/1.1" 200 5860
WARNING 2026-03-08 07:21:12,838 basehttp 6840 12824 "GET /static/assets/img/tests/.png HTTP/1.1" 404 1990
INFO 2026-03-08 07:21:15,964 basehttp 6840 18212 "GET /sat/practise/2 HTTP/1.1" 200 7794
INFO 2026-03-08 07:21:17,189 basehttp 6840 18212 "GET /static/assets/img/favicon.png HTTP/1.1" 200 491
INFO 2026-03-08 07:21:17,959 basehttp 6840 18212 "GET /sat/practise/2/start HTTP/1.1" 200 23
INFO 2026-03-08 07:21:24,298 basehttp 6840 18212 "GET /sat/practise/1 HTTP/1.1" 200 7794
INFO 2026-03-08 07:21:25,668 basehttp 6840 18212 "GET /sat/practise/1/start HTTP/1.1" 200 23
INFO 2026-03-08 07:21:32,226 basehttp 6840 18212 "GET /edit-profile/ HTTP/1.1" 200 4495
INFO 2026-03-08 07:21:36,641 basehttp 6840 18212 "POST /edit-profile/ HTTP/1.1" 302 0
INFO 2026-03-08 07:21:36,835 basehttp 6840 18212 "GET /sat/practises/ HTTP/1.1" 200 5860
WARNING 2026-03-08 07:21:36,983 basehttp 6840 18212 "GET /static/assets/img/tests/.png HTTP/1.1" 404 1990
INFO 2026-03-08 07:21:38,143 basehttp 6840 4012 "GET /logout/ HTTP/1.1" 302 0
INFO 2026-03-08 07:21:38,156 basehttp 6840 4012 "GET /login/ HTTP/1.1" 200 2555
INFO 2026-03-08 07:27:36,283 basehttp 6840 13260 - Broken pipe from ('127.0.0.1', 52730)
INFO 2026-03-08 07:27:37,107 basehttp 6840 9444 "POST /login/ HTTP/1.1" 302 0
INFO 2026-03-08 07:27:37,374 basehttp 6840 9444 "GET /sat/practises/ HTTP/1.1" 200 5247
INFO 2026-03-08 07:27:39,910 basehttp 6840 9444 "GET /sat/admin-panel/ HTTP/1.1" 200 10488
INFO 2026-03-08 07:27:41,808 basehttp 6840 9444 "GET /sat/admin-panel/groups/ HTTP/1.1" 200 11079
INFO 2026-03-08 07:27:44,748 basehttp 6840 9444 "GET /sat/admin-panel/groups/1/ HTTP/1.1" 200 12952
INFO 2026-03-08 07:27:48,194 basehttp 6840 9444 "GET /sat/admin-panel/groups/ HTTP/1.1" 200 11079
INFO 2026-03-08 07:27:51,030 basehttp 6840 9444 "GET /sat/admin-panel/ HTTP/1.1" 200 10488
INFO 2026-03-08 07:27:52,085 basehttp 6840 9444 "GET /sat/admin-panel/users/ HTTP/1.1" 200 12316
INFO 2026-03-08 07:27:58,284 basehttp 6840 9444 "GET /sat/admin-panel/users/1/ HTTP/1.1" 200 11122
INFO 2026-03-08 07:28:02,603 basehttp 6840 9444 "GET / HTTP/1.1" 302 0
INFO 2026-03-08 07:28:02,779 basehttp 6840 9444 "GET /sat/practises/ HTTP/1.1" 200 5247
INFO 2026-03-08 07:28:05,329 basehttp 6840 9444 "GET /sat/admin-panel/ HTTP/1.1" 200 10488
INFO 2026-03-08 07:28:06,665 basehttp 6840 9444 "GET /sat/admin-panel/groups/ HTTP/1.1" 200 11079
INFO 2026-03-08 07:28:13,585 basehttp 6840 9444 "POST /sat/admin-panel/groups/ HTTP/1.1" 302 0
INFO 2026-03-08 07:28:13,750 basehttp 6840 9444 "GET /sat/admin-panel/groups/ HTTP/1.1" 200 11806
INFO 2026-03-08 07:28:15,809 basehttp 6840 9444 "GET /sat/admin-panel/groups/2/ HTTP/1.1" 200 12469
INFO 2026-03-08 07:28:19,903 basehttp 6840 9444 "POST /sat/admin-panel/groups/2/edit-tests/ HTTP/1.1" 302 0
INFO 2026-03-08 07:28:20,086 basehttp 6840 9444 "GET /sat/admin-panel/groups/2/ HTTP/1.1" 200 12716
INFO 2026-03-08 07:28:22,848 basehttp 6840 9444 "GET /sat/admin-panel/tests/ HTTP/1.1" 200 11330
INFO 2026-03-08 07:28:23,932 basehttp 6840 9444 "GET /sat/admin-panel/users/ HTTP/1.1" 200 12352
INFO 2026-03-08 07:28:26,429 basehttp 6840 9444 "GET /sat/admin-panel/users/1/ HTTP/1.1" 200 11122
INFO 2026-03-08 07:28:34,009 basehttp 6840 9444 "GET /sat/admin-panel/users/1/edit/ HTTP/1.1" 200 10568
INFO 2026-03-08 07:28:36,493 basehttp 6840 9444 "POST /sat/admin-panel/users/1/edit/ HTTP/1.1" 302 0
INFO 2026-03-08 07:28:36,659 basehttp 6840 9444 "GET /sat/admin-panel/users/1/ HTTP/1.1" 200 11269
INFO 2026-03-08 07:29:31,266 basehttp 6840 9444 "GET /sat/admin-panel/ HTTP/1.1" 200 10488
INFO 2026-03-08 23:17:19,520 autoreload 22508 18588 Watching for file changes with StatReloader
INFO 2026-03-08 23:39:07,484 basehttp 22508 12824 "GET / HTTP/1.1" 302 0
INFO 2026-03-08 23:39:07,869 basehttp 22508 12824 "GET /sat/practises/ HTTP/1.1" 200 6406
WARNING 2026-03-08 23:39:08,234 basehttp 22508 12824 "GET /static/assets/img/tests/.png HTTP/1.1" 404 1990
INFO 2026-03-08 23:39:15,442 basehttp 22508 2224 "GET /sat/admin-panel/ HTTP/1.1" 200 10488
INFO 2026-03-08 23:39:17,472 basehttp 22508 2224 "GET /sat/admin-panel/groups/ HTTP/1.1" 200 11699
INFO 2026-03-08 23:39:23,161 basehttp 22508 2224 "GET /sat/admin-panel/mocks/ HTTP/1.1" 200 10235
INFO 2026-03-08 23:39:24,479 basehttp 22508 2224 "GET /sat/admin-panel/mocks/create/ HTTP/1.1" 200 12229
INFO 2026-03-08 23:39:48,820 basehttp 22508 2224 "POST /sat/admin-panel/mocks/create/ HTTP/1.1" 302 0
INFO 2026-03-08 23:39:49,299 basehttp 22508 2224 "GET /sat/admin-panel/mocks/1/ HTTP/1.1" 200 11145
INFO 2026-03-08 23:42:47,077 basehttp 22508 2224 "GET /sat/admin-panel/mocks/ HTTP/1.1" 200 10621
INFO 2026-03-09 06:30:51,617 autoreload 12612 8148 Watching for file changes with StatReloader
INFO 2026-03-09 06:31:25,500 basehttp 12612 20536 "GET / HTTP/1.1" 302 0
INFO 2026-03-09 06:31:25,875 basehttp 12612 20536 "GET /sat/practises/ HTTP/1.1" 200 6406
INFO 2026-03-09 06:31:26,304 basehttp 12612 20536 "GET /static/assets/css/makon-dashboard.css HTTP/1.1" 304 0
INFO 2026-03-09 06:31:26,316 basehttp 12612 20536 "GET /static/font-awesome-4.7.0/css/font-awesome.min.css HTTP/1.1" 304 0
INFO 2026-03-09 06:31:26,323 basehttp 12612 1440 "GET /static/assets/img/icons/original-icon-nobg.png HTTP/1.1" 304 0
WARNING 2026-03-09 06:31:26,355 basehttp 12612 20536 "GET /static/assets/img/tests/.png HTTP/1.1" 404 1990
INFO 2026-03-09 06:31:26,611 basehttp 12612 1440 "GET /static/font-awesome-4.7.0/fonts/fontawesome-webfont.woff2?v=4.7.0 HTTP/1.1" 304 0
INFO 2026-03-09 06:31:30,342 basehttp 12612 1440 "GET /sat/admin-panel/ HTTP/1.1" 200 10489
INFO 2026-03-09 06:31:30,763 basehttp 12612 7476 "GET /static/assets/vendor/bootstrap-icons/bootstrap-icons.css HTTP/1.1" 304 0
INFO 2026-03-09 06:31:30,764 basehttp 12612 1440 "GET /static/assets/vendor/bootstrap/css/bootstrap.min.css HTTP/1.1" 304 0
INFO 2026-03-09 06:31:30,777 basehttp 12612 7476 "GET /static/assets/vendor/purecounter/purecounter_vanilla.js HTTP/1.1" 304 0
INFO 2026-03-09 06:31:30,785 basehttp 12612 1440 "GET /static/assets/vendor/bootstrap/js/bootstrap.bundle.min.js HTTP/1.1" 304 0
INFO 2026-03-09 06:31:30,795 basehttp 12612 7476 "GET /static/assets/vendor/glightbox/js/glightbox.min.js HTTP/1.1" 304 0
INFO 2026-03-09 06:31:30,795 basehttp 12612 1440 "GET /static/assets/vendor/aos/aos.js HTTP/1.1" 304 0
INFO 2026-03-09 06:31:30,810 basehttp 12612 1440 "GET /static/assets/vendor/swiper/swiper-bundle.min.js HTTP/1.1" 304 0
INFO 2026-03-09 06:31:30,811 basehttp 12612 7476 "GET /static/assets/vendor/php-email-form/validate.js HTTP/1.1" 304 0
INFO 2026-03-09 06:31:30,835 basehttp 12612 7476 "GET /static/assets/vendor/isotope-layout/isotope.pkgd.min.js HTTP/1.1" 304 0
INFO 2026-03-09 06:31:30,835 basehttp 12612 1440 "GET /static/assets/js/main.js HTTP/1.1" 304 0
INFO 2026-03-09 06:31:30,913 basehttp 12612 23296 "GET /static/assets/vendor/glightbox/css/glightbox.min.css HTTP/1.1" 304 0
INFO 2026-03-09 06:31:30,927 basehttp 12612 1820 "GET /static/assets/css/main.css HTTP/1.1" 304 0
INFO 2026-03-09 06:31:30,930 basehttp 12612 14640 "GET /static/assets/vendor/swiper/swiper-bundle.min.css HTTP/1.1" 304 0
INFO 2026-03-09 06:31:30,938 basehttp 12612 3480 "GET /static/assets/vendor/aos/aos.css HTTP/1.1" 304 0
INFO 2026-03-09 06:31:31,584 basehttp 12612 3480 "GET /static/assets/vendor/bootstrap-icons/fonts/bootstrap-icons.woff2?dd67030699838ea613ee6dbda90effa6 HTTP/1.1" 304 0
INFO 2026-03-09 06:31:37,875 basehttp 12612 3480 "GET /sat/admin-panel/users/ HTTP/1.1" 200 17198
INFO 2026-03-09 06:31:41,719 basehttp 12612 3480 "GET /sat/admin-panel/mocks/ HTTP/1.1" 200 10721
INFO 2026-03-09 06:31:44,779 basehttp 12612 3480 "GET /sat/admin-panel/mocks/1/ HTTP/1.1" 200 11198
INFO 2026-03-09 06:31:46,830 basehttp 12612 3480 "GET /sat/admin-panel/mocks/1/delete/ HTTP/1.1" 200 11100
INFO 2026-03-09 06:32:04,320 basehttp 12612 3480 "POST /sat/admin-panel/mocks/1/delete/ HTTP/1.1" 302 0
INFO 2026-03-09 06:32:04,539 basehttp 12612 3480 "GET /sat/admin-panel/mocks/ HTTP/1.1" 200 10896
INFO 2026-03-09 06:32:10,163 basehttp 12612 3480 "GET /sat/admin-panel/mocks/ HTTP/1.1" 200 10721
INFO 2026-03-09 06:32:13,577 basehttp 12612 3480 "GET /sat/admin-panel/users/ HTTP/1.1" 200 12357
INFO 2026-03-09 06:32:17,454 basehttp 12612 3480 "GET /sat/admin-panel/groups/ HTTP/1.1" 200 11699
INFO 2026-03-09 06:32:20,291 basehttp 12612 3480 "GET /sat/admin-panel/mocks/ HTTP/1.1" 200 10721
INFO 2026-03-09 06:32:22,268 basehttp 12612 3480 "GET /sat/admin-panel/mocks/1/ HTTP/1.1" 200 11150
INFO 2026-03-09 06:32:27,028 basehttp 12612 3480 "GET /sat/admin-panel/ HTTP/1.1" 200 10488
INFO 2026-03-09 06:32:30,910 basehttp 12612 3480 "GET /sat/admin-panel/groups/ HTTP/1.1" 200 11699
INFO 2026-03-09 06:32:33,707 basehttp 12612 3480 "GET /sat/admin-panel/groups/1/ HTTP/1.1" 200 12952
INFO 2026-03-09 06:32:37,434 basehttp 12612 3480 "GET /sat/admin-panel/mocks/ HTTP/1.1" 200 10721
INFO 2026-03-09 06:32:39,724 basehttp 12612 3480 "GET /sat/admin-panel/mocks/1/delete/ HTTP/1.1" 200 11092
INFO 2026-03-09 06:32:42,195 basehttp 12612 3480 "POST /sat/admin-panel/mocks/1/delete/ HTTP/1.1" 302 0
INFO 2026-03-09 06:32:42,458 basehttp 12612 3480 "GET /sat/admin-panel/mocks/ HTTP/1.1" 200 10895
INFO 2026-03-09 06:32:46,403 basehttp 12612 3480 "GET /sat/admin-panel/mocks/create/ HTTP/1.1" 200 12229
INFO 2026-03-09 06:33:09,551 basehttp 12612 3480 "POST /sat/admin-panel/mocks/create/ HTTP/1.1" 302 0
INFO 2026-03-09 06:33:09,798 basehttp 12612 3480 "GET /sat/admin-panel/mocks/2/ HTTP/1.1" 200 11306
INFO 2026-03-09 06:33:29,177 basehttp 12612 3480 "GET /sat/admin-panel/mocks/2/delete/ HTTP/1.1" 200 11100
INFO 2026-03-09 06:33:32,863 basehttp 12612 3480 "POST /sat/admin-panel/mocks/2/delete/ HTTP/1.1" 302 0
INFO 2026-03-09 06:33:33,087 basehttp 12612 3480 "GET /sat/admin-panel/mocks/ HTTP/1.1" 200 11489
INFO 2026-03-09 06:33:36,039 basehttp 12612 3480 "GET /sat/admin-panel/groups/ HTTP/1.1" 200 11699
INFO 2026-03-09 06:33:38,007 basehttp 12612 3480 "GET /sat/admin-panel/users/ HTTP/1.1" 200 12357
INFO 2026-03-09 06:33:40,133 basehttp 12612 3480 "GET /sat/admin-panel/mocks/ HTTP/1.1" 200 11314
INFO 2026-03-09 06:34:16,686 autoreload 12612 8148 C:\Users\turgu\OneDrive\Desktop\makonbook-master\makonbook-master\apps\sat\views_admin.py changed, reloading.
INFO 2026-03-09 06:34:25,445 autoreload 6060 5988 Watching for file changes with StatReloader
INFO 2026-03-09 06:34:40,733 basehttp 6060 8232 "GET /sat/admin-panel/mocks/ HTTP/1.1" 200 11314
INFO 2026-03-09 06:34:42,465 basehttp 6060 8232 "GET /sat/admin-panel/mocks/2/delete/ HTTP/1.1" 200 11092
INFO 2026-03-09 06:34:46,803 basehttp 6060 8232 "POST /sat/admin-panel/mocks/2/delete/ HTTP/1.1" 302 0
INFO 2026-03-09 06:34:47,135 basehttp 6060 8232 "GET /sat/admin-panel/mocks/ HTTP/1.1" 200 10842
INFO 2026-03-09 06:34:49,258 basehttp 6060 8232 "GET /sat/admin-panel/mocks/1/delete/ HTTP/1.1" 200 11092
INFO 2026-03-09 06:34:52,006 basehttp 6060 8232 "POST /sat/admin-panel/mocks/1/delete/ HTTP/1.1" 302 0
INFO 2026-03-09 06:34:52,285 basehttp 6060 8232 "GET /sat/admin-panel/mocks/ HTTP/1.1" 200 10356
INFO 2026-03-09 06:34:54,750 basehttp 6060 8232 "GET /sat/admin-panel/ HTTP/1.1" 200 10488
INFO 2026-03-09 06:34:57,847 basehttp 6060 8232 "GET /sat/admin-panel/users/ HTTP/1.1" 200 12357
INFO 2026-03-09 06:35:01,346 basehttp 6060 8232 "GET /sat/admin-panel/tests/ HTTP/1.1" 200 11330
INFO 2026-03-09 06:35:02,955 basehttp 6060 8232 "GET /sat/admin-panel/mocks/ HTTP/1.1" 200 10235
INFO 2026-03-09 06:35:05,213 basehttp 6060 8232 "GET /sat/admin-panel/mocks/create/ HTTP/1.1" 200 12229
INFO 2026-03-09 06:35:43,207 basehttp 6060 8232 "POST /sat/admin-panel/mocks/create/ HTTP/1.1" 302 0
INFO 2026-03-09 06:35:43,570 basehttp 6060 8232 "GET /sat/admin-panel/mocks/3/ HTTP/1.1" 200 11812
INFO 2026-03-09 06:35:43,943 basehttp 6060 8232 "POST /sat/admin-panel/mocks/create/ HTTP/1.1" 302 0
INFO 2026-03-09 06:35:44,178 basehttp 6060 8232 "GET /sat/admin-panel/mocks/create/ HTTP/1.1" 200 12674
INFO 2026-03-09 06:35:50,925 basehttp 6060 8232 "GET /sat/admin-panel/mocks/ HTTP/1.1" 200 10732
INFO 2026-03-09 06:35:54,680 basehttp 6060 8232 "GET /sat/admin-panel/mocks/3/delete/ HTTP/1.1" 200 11118
INFO 2026-03-09 06:36:00,145 basehttp 6060 8232 "POST /sat/admin-panel/mocks/3/delete/ HTTP/1.1" 302 0
INFO 2026-03-09 06:36:00,349 basehttp 6060 8232 "GET /sat/admin-panel/mocks/ HTTP/1.1" 200 10362
INFO 2026-03-09 06:36:02,845 basehttp 6060 8232 "GET /sat/admin-panel/groups/ HTTP/1.1" 200 11699
INFO 2026-03-09 06:36:05,216 basehttp 6060 8232 "GET /sat/admin-panel/users/ HTTP/1.1" 200 19534
INFO 2026-03-09 06:36:14,303 basehttp 6060 8232 "GET /sat/admin-panel/users/39/ HTTP/1.1" 200 10976
INFO 2026-03-09 06:36:18,372 basehttp 6060 8232 "POST /sat/admin-panel/users/39/delete/ HTTP/1.1" 302 0
INFO 2026-03-09 06:36:18,667 basehttp 6060 8232 "GET /sat/admin-panel/users/ HTTP/1.1" 200 19168
INFO 2026-03-09 06:36:22,326 basehttp 6060 8232 "GET /sat/admin-panel/users/38/ HTTP/1.1" 200 10976
INFO 2026-03-09 06:36:24,358 basehttp 6060 8232 "POST /sat/admin-panel/users/38/delete/ HTTP/1.1" 302 0
INFO 2026-03-09 06:36:24,628 basehttp 6060 8232 "GET /sat/admin-panel/users/ HTTP/1.1" 200 18689
INFO 2026-03-09 06:36:27,816 basehttp 6060 8232 "GET /sat/admin-panel/users/37/ HTTP/1.1" 200 10976
INFO 2026-03-09 06:36:29,911 basehttp 6060 8232 "POST /sat/admin-panel/users/37/delete/ HTTP/1.1" 302 0
INFO 2026-03-09 06:36:30,165 basehttp 6060 8232 "GET /sat/admin-panel/users/ HTTP/1.1" 200 18210
INFO 2026-03-09 06:36:32,185 basehttp 6060 8232 "GET /sat/admin-panel/users/36/ HTTP/1.1" 200 10976
INFO 2026-03-09 06:36:34,433 basehttp 6060 8232 "POST /sat/admin-panel/users/36/delete/ HTTP/1.1" 302 0
INFO 2026-03-09 06:36:34,750 basehttp 6060 8232 "GET /sat/admin-panel/users/ HTTP/1.1" 200 17731
INFO 2026-03-09 06:38:39,248 autoreload 6060 5988 C:\Users\turgu\OneDrive\Desktop\makonbook-master\makonbook-master\apps\sat\views_admin.py changed, reloading.
INFO 2026-03-09 06:38:48,246 autoreload 6624 22452 Watching for file changes with StatReloader
INFO 2026-03-09 07:17:49,913 basehttp 6624 9848 "GET /sat/admin-panel/users/ HTTP/1.1" 200 17618
INFO 2026-03-09 07:17:59,729 basehttp 6624 9848 "GET /sat/admin-panel/mocks/ HTTP/1.1" 200 10235
INFO 2026-03-09 07:18:02,245 basehttp 6624 9848 "GET /sat/admin-panel/mocks/create/ HTTP/1.1" 200 12229
INFO 2026-03-09 07:18:21,485 basehttp 6624 9848 "POST /sat/admin-panel/mocks/create/ HTTP/1.1" 302 0
INFO 2026-03-09 07:18:22,070 basehttp 6624 9848 "GET /sat/admin-panel/mocks/5/ HTTP/1.1" 200 11489
INFO 2026-03-09 07:18:27,310 basehttp 6624 9848 "GET /sat/admin-panel/groups/ HTTP/1.1" 200 12329
INFO 2026-03-09 07:18:31,228 basehttp 6624 9848 "GET /sat/admin-panel/users/ HTTP/1.1" 200 19551
INFO 2026-03-09 07:18:33,768 basehttp 6624 9848 "GET /sat/admin-panel/mocks/ HTTP/1.1" 200 10727
INFO 2026-03-09 07:18:37,350 basehttp 6624 9848 "GET /sat/admin-panel/mocks/5/delete/ HTTP/1.1" 200 11106
ERROR 2026-03-09 07:18:42,551 basehttp 6624 9848 "POST /sat/admin-panel/mocks/5/delete/ HTTP/1.1" 500 107663
INFO 2026-03-09 07:18:57,028 autoreload 6624 22452 C:\Users\turgu\OneDrive\Desktop\makonbook-master\makonbook-master\apps\sat\views_admin.py changed, reloading.
INFO 2026-03-09 07:19:07,015 autoreload 17192 20620 Watching for file changes with StatReloader
INFO 2026-03-09 07:21:49,178 basehttp 17192 18028 "GET /sat/admin-panel/mocks/5/delete/ HTTP/1.1" 200 11106
INFO 2026-03-09 07:21:57,138 basehttp 17192 18028 "POST /sat/admin-panel/mocks/5/delete/ HTTP/1.1" 302 0
INFO 2026-03-09 07:21:57,374 basehttp 17192 18028 "GET /sat/admin-panel/mocks/ HTTP/1.1" 200 10358
INFO 2026-03-09 07:22:00,118 basehttp 17192 18028 "GET /sat/admin-panel/tests/ HTTP/1.1" 200 11330
INFO 2026-03-09 07:22:02,096 basehttp 17192 18028 "GET /sat/admin-panel/users/ HTTP/1.1" 200 19510
INFO 2026-03-09 07:56:50,664 autoreload 17192 20620 C:\Users\turgu\OneDrive\Desktop\makonbook-master\makonbook-master\apps\sat\views_admin.py changed, reloading.
INFO 2026-03-09 07:56:59,976 autoreload 17968 23400 Watching for file changes with StatReloader
INFO 2026-03-09 07:57:06,779 basehttp 17968 14092 "GET /sat/admin-panel/users/ HTTP/1.1" 200 19510
INFO 2026-03-09 07:57:10,823 basehttp 17968 14092 "GET /sat/admin-panel/mocks/ HTTP/1.1" 200 10235
INFO 2026-03-09 07:57:13,094 basehttp 17968 14092 "GET /sat/admin-panel/mocks/create/ HTTP/1.1" 200 12229
INFO 2026-03-09 07:57:27,475 basehttp 17968 14092 "POST /sat/admin-panel/mocks/create/ HTTP/1.1" 302 0
INFO 2026-03-09 07:57:27,881 basehttp 17968 14092 "GET /sat/admin-panel/mocks/6/ HTTP/1.1" 200 11249
INFO 2026-03-09 07:57:34,091 basehttp 17968 14092 "GET /sat/admin-panel/tests/ HTTP/1.1" 200 11403
INFO 2026-03-09 07:57:35,503 basehttp 17968 14092 "GET /sat/admin-panel/users/ HTTP/1.1" 200 22457
INFO 2026-03-09 07:57:38,888 basehttp 17968 14092 "GET /sat/admin-panel/users/43/ HTTP/1.1" 200 10952
INFO 2026-03-09 07:57:40,605 basehttp 17968 14092 "GET /sat/admin-panel/users/43/edit/ HTTP/1.1" 200 10740
INFO 2026-03-09 07:57:44,202 basehttp 17968 14092 "POST /sat/admin-panel/users/43/edit/ HTTP/1.1" 302 0
INFO 2026-03-09 07:57:44,432 basehttp 17968 14092 "GET /sat/admin-panel/users/43/ HTTP/1.1" 200 11106
INFO 2026-03-09 07:57:46,879 basehttp 17968 14092 "GET /sat/admin-panel/groups/ HTTP/1.1" 200 12331
INFO 2026-03-09 07:57:49,024 basehttp 17968 14092 "GET /sat/admin-panel/users/ HTTP/1.1" 200 22468
INFO 2026-03-09 07:57:51,494 basehttp 17968 14092 "GET /sat/admin-panel/users/42/ HTTP/1.1" 200 10952
INFO 2026-03-09 07:57:52,830 basehttp 17968 14092 "GET /sat/admin-panel/users/42/edit/ HTTP/1.1" 200 10740
INFO 2026-03-09 07:57:54,718 basehttp 17968 14092 "POST /sat/admin-panel/users/42/edit/ HTTP/1.1" 302 0
INFO 2026-03-09 07:57:55,063 basehttp 17968 14092 "GET /sat/admin-panel/users/42/ HTTP/1.1" 200 11106
INFO 2026-03-09 07:57:56,916 basehttp 17968 14092 "GET /sat/admin-panel/users/ HTTP/1.1" 200 22479
INFO 2026-03-09 07:57:59,684 basehttp 17968 14092 "GET /sat/admin-panel/users/41/ HTTP/1.1" 200 10952
INFO 2026-03-09 07:58:01,040 basehttp 17968 14092 "GET /sat/admin-panel/users/41/edit/ HTTP/1.1" 200 10740
INFO 2026-03-09 07:58:03,158 basehttp 17968 14092 "POST /sat/admin-panel/users/41/edit/ HTTP/1.1" 302 0
INFO 2026-03-09 07:58:03,475 basehttp 17968 14092 "GET /sat/admin-panel/users/41/ HTTP/1.1" 200 11106
INFO 2026-03-09 07:58:05,405 basehttp 17968 14092 "GET /sat/admin-panel/users/ HTTP/1.1" 200 22490
INFO 2026-03-09 07:58:08,338 basehttp 17968 14092 "GET /sat/admin-panel/users/40/ HTTP/1.1" 200 10952
INFO 2026-03-09 07:58:09,678 basehttp 17968 14092 "GET /sat/admin-panel/users/40/edit/ HTTP/1.1" 200 10740
INFO 2026-03-09 07:58:11,693 basehttp 17968 14092 "POST /sat/admin-panel/users/40/edit/ HTTP/1.1" 302 0
INFO 2026-03-09 07:58:12,164 basehttp 17968 14092 "GET /sat/admin-panel/users/40/ HTTP/1.1" 200 11106
INFO 2026-03-09 07:58:18,182 basehttp 17968 14092 "GET /sat/admin-panel/users/40/edit/ HTTP/1.1" 200 10748
INFO 2026-03-09 07:58:19,891 basehttp 17968 14092 "POST /sat/admin-panel/users/40/edit/ HTTP/1.1" 302 0
INFO 2026-03-09 07:58:20,169 basehttp 17968 14092 "GET /sat/admin-panel/users/40/ HTTP/1.1" 200 11106
INFO 2026-03-09 07:58:20,919 basehttp 17968 14092 "GET /sat/admin-panel/users/ HTTP/1.1" 200 22501
INFO 2026-03-09 07:58:24,484 basehttp 17968 14092 "GET /sat/admin-panel/users/35/ HTTP/1.1" 200 10976
INFO 2026-03-09 07:58:25,640 basehttp 17968 14092 "GET /sat/admin-panel/users/35/edit/ HTTP/1.1" 200 10752
INFO 2026-03-09 07:58:27,446 basehttp 17968 14092 "POST /sat/admin-panel/users/35/edit/ HTTP/1.1" 302 0
INFO 2026-03-09 07:58:27,650 basehttp 17968 14092 "GET /sat/admin-panel/users/35/ HTTP/1.1" 200 11136
INFO 2026-03-09 07:58:30,400 basehttp 17968 14092 "GET /sat/admin-panel/users/ HTTP/1.1" 200 22512
INFO 2026-03-09 08:00:09,460 basehttp 17968 14092 "GET /sat/admin-panel/users/34/ HTTP/1.1" 200 10976
INFO 2026-03-09 08:00:12,038 basehttp 17968 14092 "GET /sat/admin-panel/users/34/edit/ HTTP/1.1" 200 10752
INFO 2026-03-09 08:00:14,964 basehttp 17968 14092 "POST /sat/admin-panel/users/34/edit/ HTTP/1.1" 302 0
INFO 2026-03-09 08:00:15,285 basehttp 17968 14092 "GET /sat/admin-panel/users/34/ HTTP/1.1" 200 11136
INFO 2026-03-09 08:00:17,137 basehttp 17968 14092 "GET /sat/admin-panel/users/ HTTP/1.1" 200 22523
INFO 2026-03-09 08:00:21,903 basehttp 17968 14092 "GET /sat/admin-panel/users/33/ HTTP/1.1" 200 10972
INFO 2026-03-09 08:00:23,928 basehttp 17968 14092 "GET /sat/admin-panel/users/33/edit/ HTTP/1.1" 200 10750
INFO 2026-03-09 08:00:26,072 basehttp 17968 14092 "POST /sat/admin-panel/users/33/edit/ HTTP/1.1" 302 0
INFO 2026-03-09 08:00:26,270 basehttp 17968 14092 "GET /sat/admin-panel/users/33/ HTTP/1.1" 200 11131
INFO 2026-03-09 08:00:28,192 basehttp 17968 14092 "GET /sat/admin-panel/users/ HTTP/1.1" 200 22534
INFO 2026-03-09 08:00:31,110 basehttp 17968 14092 "GET /sat/admin-panel/users/31/ HTTP/1.1" 200 10972
INFO 2026-03-09 08:00:32,454 basehttp 17968 14092 "GET /sat/admin-panel/users/31/edit/ HTTP/1.1" 200 10750
INFO 2026-03-09 08:00:35,691 basehttp 17968 14092 "POST /sat/admin-panel/users/31/edit/ HTTP/1.1" 302 0
INFO 2026-03-09 08:00:35,913 basehttp 17968 14092 "GET /sat/admin-panel/users/31/ HTTP/1.1" 200 11131
INFO 2026-03-09 08:00:37,962 basehttp 17968 14092 "GET /sat/admin-panel/users/31/edit/ HTTP/1.1" 200 10758
INFO 2026-03-09 08:00:41,075 basehttp 17968 14092 "GET /sat/admin-panel/users/ HTTP/1.1" 200 22545
INFO 2026-03-09 08:00:43,633 basehttp 17968 14092 "GET /sat/admin-panel/users/25/ HTTP/1.1" 200 10972
INFO 2026-03-09 08:00:45,398 basehttp 17968 14092 "GET /sat/admin-panel/users/25/edit/ HTTP/1.1" 200 10750
INFO 2026-03-09 08:00:47,684 basehttp 17968 14092 "POST /sat/admin-panel/users/25/edit/ HTTP/1.1" 302 0
INFO 2026-03-09 08:00:47,943 basehttp 17968 14092 "GET /sat/admin-panel/users/25/ HTTP/1.1" 200 11131
INFO 2026-03-09 08:00:49,444 basehttp 17968 14092 "GET /sat/admin-panel/users/ HTTP/1.1" 200 22556
INFO 2026-03-09 08:00:52,053 basehttp 17968 14092 "GET /sat/admin-panel/users/32/ HTTP/1.1" 200 10972
INFO 2026-03-09 08:00:53,550 basehttp 17968 14092 "GET /sat/admin-panel/users/32/edit/ HTTP/1.1" 200 10750
INFO 2026-03-09 08:00:55,604 basehttp 17968 14092 "POST /sat/admin-panel/users/32/edit/ HTTP/1.1" 302 0
INFO 2026-03-09 08:00:55,838 basehttp 17968 14092 "GET /sat/admin-panel/users/32/ HTTP/1.1" 200 11131
INFO 2026-03-09 08:00:59,803 basehttp 17968 14092 "GET /sat/admin-panel/users/ HTTP/1.1" 200 22567
INFO 2026-03-09 08:01:03,014 basehttp 17968 14092 "GET /sat/admin-panel/users/30/ HTTP/1.1" 200 10972
INFO 2026-03-09 08:01:04,458 basehttp 17968 14092 "GET /sat/admin-panel/users/30/edit/ HTTP/1.1" 200 10750
INFO 2026-03-09 08:01:07,956 basehttp 17968 14092 "POST /sat/admin-panel/users/30/edit/ HTTP/1.1" 302 0
INFO 2026-03-09 08:01:08,208 basehttp 17968 14092 "GET /sat/admin-panel/users/30/ HTTP/1.1" 200 11131
INFO 2026-03-09 08:01:09,844 basehttp 17968 14092 "GET /sat/admin-panel/users/ HTTP/1.1" 200 22578
INFO 2026-03-09 08:01:13,634 basehttp 17968 14092 "GET /sat/admin-panel/users/29/ HTTP/1.1" 200 10972
INFO 2026-03-09 08:01:15,004 basehttp 17968 14092 "GET /sat/admin-panel/users/29/edit/ HTTP/1.1" 200 10750
INFO 2026-03-09 08:01:17,424 basehttp 17968 14092 "POST /sat/admin-panel/users/29/edit/ HTTP/1.1" 302 0
INFO 2026-03-09 08:01:17,732 basehttp 17968 14092 "GET /sat/admin-panel/users/29/ HTTP/1.1" 200 11131
INFO 2026-03-09 08:01:20,140 basehttp 17968 14092 "GET /sat/admin-panel/groups/ HTTP/1.1" 200 12332
INFO 2026-03-09 08:01:22,811 basehttp 17968 14092 "GET /sat/admin-panel/users/ HTTP/1.1" 200 22589
INFO 2026-03-09 08:01:29,063 basehttp 17968 14092 "GET /sat/admin-panel/users/28/ HTTP/1.1" 200 10972
INFO 2026-03-09 08:01:31,520 basehttp 17968 14092 "GET /sat/admin-panel/users/28/edit/ HTTP/1.1" 200 10750
INFO 2026-03-09 08:01:34,175 basehttp 17968 14092 "POST /sat/admin-panel/users/28/edit/ HTTP/1.1" 302 0
INFO 2026-03-09 08:01:34,395 basehttp 17968 14092 "GET /sat/admin-panel/users/28/ HTTP/1.1" 200 11131
INFO 2026-03-09 08:01:36,053 basehttp 17968 14092 "GET /sat/admin-panel/users/ HTTP/1.1" 200 22600
INFO 2026-03-09 08:01:40,256 basehttp 17968 14092 "GET /sat/admin-panel/users/27/ HTTP/1.1" 200 10972
INFO 2026-03-09 08:01:41,491 basehttp 17968 14092 "GET /sat/admin-panel/users/27/edit/ HTTP/1.1" 200 10750
INFO 2026-03-09 08:01:46,456 basehttp 17968 14092 "POST /sat/admin-panel/users/27/edit/ HTTP/1.1" 302 0
INFO 2026-03-09 08:01:46,672 basehttp 17968 14092 "GET /sat/admin-panel/users/27/ HTTP/1.1" 200 11131
INFO 2026-03-09 08:01:48,924 basehttp 17968 14092 "GET /sat/admin-panel/users/ HTTP/1.1" 200 22611
INFO 2026-03-09 08:01:52,099 basehttp 17968 14092 "GET /sat/admin-panel/users/26/ HTTP/1.1" 200 10972
INFO 2026-03-09 08:01:53,505 basehttp 17968 14092 "GET /sat/admin-panel/users/26/edit/ HTTP/1.1" 200 10750
INFO 2026-03-09 08:01:55,797 basehttp 17968 14092 "POST /sat/admin-panel/users/26/edit/ HTTP/1.1" 302 0
INFO 2026-03-09 08:01:56,027 basehttp 17968 14092 "GET /sat/admin-panel/users/26/ HTTP/1.1" 200 11131
INFO 2026-03-09 08:01:58,360 basehttp 17968 14092 "GET /sat/admin-panel/mocks/ HTTP/1.1" 200 10723
INFO 2026-03-09 08:02:02,236 basehttp 17968 14092 "GET /sat/admin-panel/mocks/6/delete/ HTTP/1.1" 200 11109
INFO 2026-03-09 08:02:12,003 basehttp 17968 14092 "POST /sat/admin-panel/mocks/6/delete/ HTTP/1.1" 302 0
INFO 2026-03-09 08:02:12,295 basehttp 17968 14092 "GET /sat/admin-panel/mocks/ HTTP/1.1" 200 10403
INFO 2026-03-09 08:02:15,455 basehttp 17968 14092 "GET /sat/admin-panel/users/ HTTP/1.1" 200 12357
INFO 2026-03-09 08:02:17,924 basehttp 17968 14092 "GET /sat/admin-panel/groups/ HTTP/1.1" 200 11699
INFO 2026-03-09 08:02:20,336 basehttp 17968 14092 "GET /sat/admin-panel/mocks/ HTTP/1.1" 200 10235
INFO 2026-03-09 08:07:48,082 basehttp 17968 18280 "GET /sat/admin-panel/ HTTP/1.1" 200 10488
INFO 2026-03-10 10:04:48,678 autoreload 19140 22316 Watching for file changes with StatReloader
INFO 2026-03-10 10:04:51,975 basehttp 19140 16208 "GET / HTTP/1.1" 302 0
INFO 2026-03-10 10:04:52,282 basehttp 19140 16208 "GET /sat/practises/ HTTP/1.1" 200 6406
WARNING 2026-03-10 10:04:52,612 basehttp 19140 16208 "GET /static/assets/img/tests/.png HTTP/1.1" 404 1990
INFO 2026-03-10 10:04:59,900 basehttp 19140 18864 "GET /sat/admin-panel/ HTTP/1.1" 200 10488
INFO 2026-03-10 10:05:03,292 basehttp 19140 18864 "GET /sat/admin-panel/users/ HTTP/1.1" 200 12357
INFO 2026-03-10 10:05:11,203 basehttp 19140 18864 "GET /sat/admin-panel/groups/ HTTP/1.1" 200 11699
INFO 2026-03-10 10:05:13,839 basehttp 19140 18864 "GET /sat/admin-panel/groups/1/ HTTP/1.1" 200 12952
INFO 2026-03-10 10:05:25,161 basehttp 19140 18864 "GET /sat/admin-panel/groups/ HTTP/1.1" 200 11699
INFO 2026-03-10 10:05:26,710 basehttp 19140 18864 "GET /sat/admin-panel/users/ HTTP/1.1" 200 12357
INFO 2026-03-10 10:05:34,267 basehttp 19140 18864 "GET /sat/admin-panel/users/create/ HTTP/1.1" 200 11109
INFO 2026-03-10 10:05:37,054 basehttp 19140 18864 "GET /sat/admin-panel/users/ HTTP/1.1" 200 12357
INFO 2026-03-10 10:05:41,679 basehttp 19140 18864 "GET /sat/admin-panel/groups/ HTTP/1.1" 200 11699
INFO 2026-03-10 10:05:49,343 basehttp 19140 18864 "POST /sat/admin-panel/groups/ HTTP/1.1" 302 0
INFO 2026-03-10 10:05:49,526 basehttp 19140 18864 "GET /sat/admin-panel/groups/ HTTP/1.1" 200 12423
INFO 2026-03-10 10:05:52,421 basehttp 19140 18864 "GET /sat/admin-panel/groups/8/ HTTP/1.1" 200 12466
INFO 2026-03-10 10:05:55,542 basehttp 19140 18864 "GET /sat/admin-panel/groups/ HTTP/1.1" 200 12317
INFO 2026-03-10 10:05:56,875 basehttp 19140 18864 "GET /sat/admin-panel/mocks/ HTTP/1.1" 200 10235
INFO 2026-03-10 10:05:59,099 basehttp 19140 18864 "GET /sat/admin-panel/mocks/create/ HTTP/1.1" 200 12229
INFO 2026-03-10 10:06:56,109 basehttp 19140 18864 - Broken pipe from ('127.0.0.1', 60409)
INFO 2026-03-10 10:06:56,169 basehttp 19140 23236 "POST /sat/admin-panel/mocks/create/ HTTP/1.1" 302 0
INFO 2026-03-10 10:06:56,539 basehttp 19140 23236 "GET /sat/admin-panel/mocks/create/ HTTP/1.1" 200 12567
INFO 2026-03-10 10:07:11,736 basehttp 19140 23236 "GET /sat/admin-panel/groups/ HTTP/1.1" 200 12958
INFO 2026-03-10 10:14:10,311 basehttp 19140 19540 "GET /sat/admin-panel/groups/9/ HTTP/1.1" 200 20851
INFO 2026-03-10 10:14:18,733 basehttp 19140 19540 "POST /sat/admin-panel/groups/9/edit-tests/ HTTP/1.1" 302 0
INFO 2026-03-10 10:14:18,976 basehttp 19140 19540 "GET /sat/admin-panel/groups/9/ HTTP/1.1" 200 21102
INFO 2026-03-10 10:14:21,713 basehttp 19140 19540 "GET /sat/admin-panel/groups/9/ HTTP/1.1" 200 20985
INFO 2026-03-10 10:16:06,991 basehttp 19140 19540 "POST /sat/admin-panel/groups/9/delete/ HTTP/1.1" 302 0
INFO 2026-03-10 10:16:07,187 basehttp 19140 19540 "GET /sat/admin-panel/groups/ HTTP/1.1" 200 12434
INFO 2026-03-10 10:16:11,733 basehttp 19140 19540 "GET /sat/admin-panel/mocks/ HTTP/1.1" 200 10728
INFO 2026-03-10 10:16:14,302 basehttp 19140 19540 "GET /sat/admin-panel/mocks/7/delete/ HTTP/1.1" 200 11106
INFO 2026-03-10 10:16:21,521 basehttp 19140 19540 "POST /sat/admin-panel/mocks/7/delete/ HTTP/1.1" 302 0
INFO 2026-03-10 10:16:21,805 basehttp 19140 19540 "GET /sat/admin-panel/mocks/ HTTP/1.1" 200 10403
INFO 2026-03-10 22:01:26,365 autoreload 22100 7160 Watching for file changes with StatReloader
INFO 2026-03-10 22:01:29,399 basehttp 22100 11740 "GET / HTTP/1.1" 302 0
INFO 2026-03-10 22:01:29,677 basehttp 22100 11740 "GET /login/?next=/ HTTP/1.1" 200 2555
INFO 2026-03-10 22:01:30,047 basehttp 22100 11740 "GET /static/assets/css/makon-style.css HTTP/1.1" 304 0
INFO 2026-03-10 22:01:30,057 basehttp 22100 11740 "GET /static/assets/img/icons/white-icon-nobg.png HTTP/1.1" 304 0
INFO 2026-03-10 22:01:30,065 basehttp 22100 11740 "GET /static/assets/js/login-main.js HTTP/1.1" 304 0
INFO 2026-03-10 22:01:30,562 basehttp 22100 11740 "GET /static/assets/img/icons/original-icon-nobg.png HTTP/1.1" 304 0
INFO 2026-03-10 22:01:58,922 basehttp 22100 11740 "POST /login/?next=/ HTTP/1.1" 302 0
INFO 2026-03-10 22:01:59,288 basehttp 22100 11740 "GET /sat/practises/ HTTP/1.1" 200 5273
INFO 2026-03-10 22:01:59,503 basehttp 22100 11740 "GET /static/assets/css/makon-dashboard.css HTTP/1.1" 304 0
INFO 2026-03-10 22:01:59,505 basehttp 22100 2264 "GET /static/font-awesome-4.7.0/css/font-awesome.min.css HTTP/1.1" 304 0
INFO 2026-03-10 22:01:59,596 basehttp 22100 2264 "GET /static/font-awesome-4.7.0/fonts/fontawesome-webfont.woff2?v=4.7.0 HTTP/1.1" 304 0
INFO 2026-03-10 22:02:03,016 basehttp 22100 2264 "GET /sat/admin-panel/ HTTP/1.1" 200 10491
INFO 2026-03-10 22:02:03,160 basehttp 22100 11740 "GET /static/assets/vendor/bootstrap-icons/bootstrap-icons.css HTTP/1.1" 304 0
INFO 2026-03-10 22:02:03,165 basehttp 22100 2264 "GET /static/assets/vendor/bootstrap/css/bootstrap.min.css HTTP/1.1" 304 0
INFO 2026-03-10 22:02:03,170 basehttp 22100 25184 "GET /static/assets/vendor/aos/aos.css HTTP/1.1" 304 0
INFO 2026-03-10 22:02:03,172 basehttp 22100 11720 "GET /static/assets/vendor/glightbox/css/glightbox.min.css HTTP/1.1" 304 0
INFO 2026-03-10 22:02:03,175 basehttp 22100 19812 "GET /static/assets/vendor/swiper/swiper-bundle.min.css HTTP/1.1" 304 0
INFO 2026-03-10 22:02:03,178 basehttp 22100 11740 "GET /static/assets/vendor/bootstrap/js/bootstrap.bundle.min.js HTTP/1.1" 304 0
INFO 2026-03-10 22:02:03,194 basehttp 22100 25184 "GET /static/assets/vendor/swiper/swiper-bundle.min.js HTTP/1.1" 304 0
INFO 2026-03-10 22:02:03,195 basehttp 22100 2264 "GET /static/assets/vendor/aos/aos.js HTTP/1.1" 304 0
INFO 2026-03-10 22:02:03,206 basehttp 22100 19812 "GET /static/assets/vendor/isotope-layout/isotope.pkgd.min.js HTTP/1.1" 304 0
INFO 2026-03-10 22:02:03,202 basehttp 22100 15960 "GET /static/assets/css/main.css HTTP/1.1" 304 0
INFO 2026-03-10 22:02:03,197 basehttp 22100 11720 "GET /static/assets/vendor/glightbox/js/glightbox.min.js HTTP/1.1" 304 0
INFO 2026-03-10 22:02:03,209 basehttp 22100 11740 "GET /static/assets/vendor/purecounter/purecounter_vanilla.js HTTP/1.1" 304 0
INFO 2026-03-10 22:02:03,213 basehttp 22100 25184 "GET /static/assets/js/main.js HTTP/1.1" 304 0
INFO 2026-03-10 22:02:03,214 basehttp 22100 2264 "GET /static/assets/vendor/php-email-form/validate.js HTTP/1.1" 304 0
INFO 2026-03-10 22:02:03,327 basehttp 22100 2264 "GET /static/assets/vendor/bootstrap-icons/fonts/bootstrap-icons.woff2?dd67030699838ea613ee6dbda90effa6 HTTP/1.1" 304 0
INFO 2026-03-10 22:02:05,776 basehttp 22100 2264 "GET /sat/admin-panel/tests/ HTTP/1.1" 200 10032
INFO 2026-03-10 22:02:07,051 basehttp 22100 2264 "GET /sat/admin-panel/ HTTP/1.1" 200 10491
INFO 2026-03-10 22:02:20,791 basehttp 22100 2264 "GET /sat/admin-panel/users/ HTTP/1.1" 200 37207
INFO 2026-03-10 22:02:25,446 basehttp 22100 2264 "GET /sat/admin-panel/users/?group=&username=shah&status= HTTP/1.1" 200 12689
INFO 2026-03-10 22:42:34,120 basehttp 22100 18800 "GET /sat/admin-panel/users/?group=&username=&status= HTTP/1.1" 302 0
WARNING 2026-03-10 22:42:34,307 basehttp 22100 18800 "GET /accounts/login/?next=/sat/admin-panel/users/%3Fgroup%3D%26username%3D%26status%3D HTTP/1.1" 404 4591
INFO 2026-03-11 08:37:58,040 basehttp 22100 3584 "GET / HTTP/1.1" 302 0
INFO 2026-03-11 08:37:58,090 basehttp 22100 3584 "GET /login/?next=/ HTTP/1.1" 200 2555
INFO 2026-03-11 08:38:06,431 basehttp 22100 3584 "POST /login/?next=/ HTTP/1.1" 200 2765
INFO 2026-03-11 08:38:16,085 basehttp 22100 3584 "POST /login/?next=/ HTTP/1.1" 200 2765
INFO 2026-03-11 08:38:20,622 basehttp 22100 3584 "POST /login/?next=/ HTTP/1.1" 302 0
INFO 2026-03-11 08:38:20,915 basehttp 22100 3584 "GET /sat/practises/ HTTP/1.1" 200 5273
INFO 2026-03-11 08:38:24,724 basehttp 22100 3584 "GET /sat/admin-panel/ HTTP/1.1" 200 10491
INFO 2026-03-11 08:38:34,267 basehttp 22100 3584 "GET /sat/admin-panel/users/ HTTP/1.1" 200 37207
ERROR 2026-03-11 08:38:40,327 basehttp 22100 3584 "GET /sat/admin-panel/groups/ HTTP/1.1" 500 288514
INFO 2026-03-11 08:38:49,007 basehttp 22100 3584 "GET /sat/admin-panel/tests/ HTTP/1.1" 200 10032
INFO 2026-03-11 08:38:51,055 basehttp 22100 3584 "GET /sat/admin-panel/mocks/ HTTP/1.1" 200 10235
ERROR 2026-03-11 08:38:52,658 basehttp 22100 3584 "GET /sat/admin-panel/groups/ HTTP/1.1" 500 288514
INFO 2026-03-11 08:40:36,935 autoreload 12304 11364 Watching for file changes with StatReloader
INFO 2026-03-11 08:40:40,334 basehttp 12304 21108 "GET / HTTP/1.1" 302 0
INFO 2026-03-11 08:40:40,563 basehttp 12304 21108 "GET /sat/practises/ HTTP/1.1" 200 5273
INFO 2026-03-11 08:40:42,846 basehttp 12304 21108 "GET /sat/admin-panel/ HTTP/1.1" 200 10491
ERROR 2026-03-11 08:40:44,914 basehttp 12304 21108 "GET /sat/admin-panel/groups/ HTTP/1.1" 500 288508
INFO 2026-03-11 08:40:57,296 autoreload 21900 24440 Watching for file changes with StatReloader
INFO 2026-03-11 08:40:59,693 basehttp 21900 5864 "GET / HTTP/1.1" 302 0
INFO 2026-03-11 08:40:59,734 basehttp 21900 5864 "GET /login/?next=/ HTTP/1.1" 200 2555
INFO 2026-03-11 08:41:08,624 basehttp 21900 5864 "POST /login/?next=/ HTTP/1.1" 302 0
INFO 2026-03-11 08:41:08,859 basehttp 21900 5864 "GET /sat/practises/ HTTP/1.1" 200 6406
WARNING 2026-03-11 08:41:09,038 basehttp 21900 5864 "GET /static/assets/img/tests/.png HTTP/1.1" 404 1990
INFO 2026-03-11 08:41:11,140 basehttp 21900 19272 "GET /sat/admin-panel/ HTTP/1.1" 200 10489
INFO 2026-03-11 08:41:14,494 basehttp 21900 19272 "GET /sat/admin-panel/users/ HTTP/1.1" 200 19584
INFO 2026-03-11 08:41:17,752 basehttp 21900 19272 "GET /sat/admin-panel/tests/ HTTP/1.1" 200 11330
INFO 2026-03-11 08:41:19,667 basehttp 21900 19272 "GET /sat/admin-panel/groups/ HTTP/1.1" 200 12317
INFO 2026-03-11 08:41:33,025 basehttp 21900 19272 "GET /sat/admin-panel/users/ HTTP/1.1" 200 19584
INFO 2026-03-11 08:41:34,685 basehttp 21900 19272 "GET /sat/admin-panel/tests/ HTTP/1.1" 200 11330
INFO 2026-03-11 08:41:35,550 basehttp 21900 19272 "GET /sat/admin-panel/groups/ HTTP/1.1" 200 12317
INFO 2026-03-11 08:41:44,510 basehttp 21900 19272 "GET /sat/admin-panel/groups/8/ HTTP/1.1" 200 12466
INFO 2026-03-11 08:41:47,475 basehttp 21900 19272 "GET /sat/admin-panel/users/ HTTP/1.1" 200 19584
INFO 2026-03-11 08:41:49,134 basehttp 21900 19272 "GET /sat/admin-panel/users/64/ HTTP/1.1" 200 10980
INFO 2026-03-11 08:41:50,460 basehttp 21900 19272 "GET /sat/admin-panel/users/64/edit/ HTTP/1.1" 200 10747
INFO 2026-03-11 08:41:55,713 basehttp 21900 19272 "POST /sat/admin-panel/users/64/edit/ HTTP/1.1" 302 0
INFO 2026-03-11 08:41:55,928 basehttp 21900 19272 "GET /sat/admin-panel/users/64/ HTTP/1.1" 200 11134
INFO 2026-03-11 08:41:57,694 basehttp 21900 19272 "GET /sat/admin-panel/users/ HTTP/1.1" 200 19588
INFO 2026-03-11 08:42:00,474 basehttp 21900 19272 "GET /sat/admin-panel/users/63/ HTTP/1.1" 200 10980
INFO 2026-03-11 08:42:02,807 basehttp 21900 19272 "GET /sat/admin-panel/users/63/edit/ HTTP/1.1" 200 10747
INFO 2026-03-11 08:42:04,409 basehttp 21900 19272 "POST /sat/admin-panel/users/63/edit/ HTTP/1.1" 302 0
INFO 2026-03-11 08:42:04,578 basehttp 21900 19272 "GET /sat/admin-panel/users/63/ HTTP/1.1" 200 11133
INFO 2026-03-11 08:42:05,522 basehttp 21900 19272 "GET /sat/admin-panel/users/ HTTP/1.1" 200 19591
INFO 2026-03-11 08:42:07,592 basehttp 21900 19272 "GET /sat/admin-panel/users/62/ HTTP/1.1" 200 10980
INFO 2026-03-11 08:42:09,061 basehttp 21900 19272 "GET /sat/admin-panel/users/62/edit/ HTTP/1.1" 200 10747
INFO 2026-03-11 08:42:10,860 basehttp 21900 19272 "POST /sat/admin-panel/users/62/edit/ HTTP/1.1" 302 0
INFO 2026-03-11 08:42:11,046 basehttp 21900 19272 "GET /sat/admin-panel/users/62/ HTTP/1.1" 200 11133
INFO 2026-03-11 08:42:11,976 basehttp 21900 19272 "GET /sat/admin-panel/users/ HTTP/1.1" 200 19594
INFO 2026-03-11 08:42:14,760 basehttp 21900 19272 "GET /sat/admin-panel/users/61/ HTTP/1.1" 200 10980
INFO 2026-03-11 08:42:16,102 basehttp 21900 19272 "GET /sat/admin-panel/users/61/edit/ HTTP/1.1" 200 10747
INFO 2026-03-11 08:42:17,601 basehttp 21900 19272 "POST /sat/admin-panel/users/61/edit/ HTTP/1.1" 302 0
INFO 2026-03-11 08:42:17,788 basehttp 21900 19272 "GET /sat/admin-panel/users/61/ HTTP/1.1" 200 11133
INFO 2026-03-11 08:42:18,563 basehttp 21900 19272 "GET /sat/admin-panel/groups/ HTTP/1.1" 200 12317
INFO 2026-03-11 08:42:19,862 basehttp 21900 19272 "GET /sat/admin-panel/users/ HTTP/1.1" 200 19597
INFO 2026-03-11 08:42:22,797 basehttp 21900 19272 "GET /sat/admin-panel/users/60/ HTTP/1.1" 200 10980
INFO 2026-03-11 08:42:25,247 basehttp 21900 19272 "GET /sat/admin-panel/users/60/edit/ HTTP/1.1" 200 10747
INFO 2026-03-11 08:42:27,300 basehttp 21900 19272 "POST /sat/admin-panel/users/60/edit/ HTTP/1.1" 302 0
INFO 2026-03-11 08:42:27,501 basehttp 21900 19272 "GET /sat/admin-panel/users/60/ HTTP/1.1" 200 11133
INFO 2026-03-11 08:42:28,228 basehttp 21900 19272 "GET /sat/admin-panel/users/ HTTP/1.1" 200 19600
INFO 2026-03-11 08:42:30,488 basehttp 21900 19272 "GET /sat/admin-panel/users/59/ HTTP/1.1" 200 10980
INFO 2026-03-11 08:42:33,777 basehttp 21900 19272 "GET /sat/admin-panel/users/59/edit/ HTTP/1.1" 200 10747
INFO 2026-03-11 08:42:34,971 basehttp 21900 19272 "POST /sat/admin-panel/users/59/edit/ HTTP/1.1" 302 0
INFO 2026-03-11 08:42:35,150 basehttp 21900 19272 "GET /sat/admin-panel/users/59/ HTTP/1.1" 200 11133
INFO 2026-03-11 08:42:36,176 basehttp 21900 19272 "GET /sat/admin-panel/users/ HTTP/1.1" 200 19603
INFO 2026-03-11 08:42:38,220 basehttp 21900 19272 "GET /sat/admin-panel/users/58/ HTTP/1.1" 200 10976
INFO 2026-03-11 08:42:39,786 basehttp 21900 19272 "GET /sat/admin-panel/users/58/edit/ HTTP/1.1" 200 10745
INFO 2026-03-11 08:42:42,386 basehttp 21900 19272 "POST /sat/admin-panel/users/58/edit/ HTTP/1.1" 302 0
INFO 2026-03-11 08:42:42,541 basehttp 21900 19272 "GET /sat/admin-panel/users/58/ HTTP/1.1" 200 11128
INFO 2026-03-11 08:42:46,823 basehttp 21900 19272 "GET /sat/admin-panel/users/ HTTP/1.1" 200 19606
INFO 2026-03-11 08:42:48,808 basehttp 21900 19272 "GET /sat/admin-panel/users/57/ HTTP/1.1" 200 10976
INFO 2026-03-11 08:42:50,781 basehttp 21900 19272 "GET /sat/admin-panel/users/57/edit/ HTTP/1.1" 200 10745
INFO 2026-03-11 08:42:52,492 basehttp 21900 19272 "POST /sat/admin-panel/users/57/edit/ HTTP/1.1" 302 0
INFO 2026-03-11 08:42:52,662 basehttp 21900 19272 "GET /sat/admin-panel/users/57/ HTTP/1.1" 200 11128
INFO 2026-03-11 08:42:54,209 basehttp 21900 19272 "GET /sat/admin-panel/users/ HTTP/1.1" 200 19609
INFO 2026-03-11 08:42:56,413 basehttp 21900 19272 "GET /sat/admin-panel/users/56/ HTTP/1.1" 200 10976
INFO 2026-03-11 08:42:58,162 basehttp 21900 19272 "GET /sat/admin-panel/users/56/edit/ HTTP/1.1" 200 10745
INFO 2026-03-11 08:42:59,612 basehttp 21900 19272 "POST /sat/admin-panel/users/56/edit/ HTTP/1.1" 302 0
INFO 2026-03-11 08:42:59,830 basehttp 21900 19272 "GET /sat/admin-panel/users/56/ HTTP/1.1" 200 11128
INFO 2026-03-11 08:43:00,719 basehttp 21900 19272 "GET /sat/admin-panel/users/ HTTP/1.1" 200 19612
INFO 2026-03-11 08:43:02,735 basehttp 21900 19272 "GET /sat/admin-panel/users/55/ HTTP/1.1" 200 10976
INFO 2026-03-11 08:43:03,945 basehttp 21900 19272 "GET /sat/admin-panel/users/55/edit/ HTTP/1.1" 200 10745
INFO 2026-03-11 08:43:05,262 basehttp 21900 19272 "POST /sat/admin-panel/users/55/edit/ HTTP/1.1" 302 0
INFO 2026-03-11 08:43:05,527 basehttp 21900 19272 "GET /sat/admin-panel/users/55/ HTTP/1.1" 200 11128
INFO 2026-03-11 08:43:06,327 basehttp 21900 19272 "GET /sat/admin-panel/groups/ HTTP/1.1" 200 12318
INFO 2026-03-11 08:43:06,828 basehttp 21900 19272 "GET /sat/admin-panel/users/ HTTP/1.1" 200 19615
INFO 2026-03-11 08:43:08,755 basehttp 21900 19272 "GET /sat/admin-panel/users/54/ HTTP/1.1" 200 10976
INFO 2026-03-11 08:43:09,981 basehttp 21900 19272 "GET /sat/admin-panel/users/54/edit/ HTTP/1.1" 200 10745
INFO 2026-03-11 08:43:11,679 basehttp 21900 19272 "POST /sat/admin-panel/users/54/edit/ HTTP/1.1" 302 0
INFO 2026-03-11 08:43:11,951 basehttp 21900 19272 "GET /sat/admin-panel/users/54/ HTTP/1.1" 200 11128
INFO 2026-03-11 08:43:12,706 basehttp 21900 19272 "GET /sat/admin-panel/users/ HTTP/1.1" 200 19618
INFO 2026-03-11 08:43:15,571 basehttp 21900 19272 "GET /sat/admin-panel/users/53/ HTTP/1.1" 200 10976
INFO 2026-03-11 08:43:16,866 basehttp 21900 19272 "GET /sat/admin-panel/users/53/edit/ HTTP/1.1" 200 10745
INFO 2026-03-11 08:43:18,220 basehttp 21900 19272 "POST /sat/admin-panel/users/53/edit/ HTTP/1.1" 302 0
INFO 2026-03-11 08:43:18,384 basehttp 21900 19272 "GET /sat/admin-panel/users/53/ HTTP/1.1" 200 11128
INFO 2026-03-11 08:43:19,507 basehttp 21900 19272 "GET /sat/admin-panel/users/ HTTP/1.1" 200 19621
INFO 2026-03-11 08:43:21,917 basehttp 21900 19272 "GET /sat/admin-panel/users/52/ HTTP/1.1" 200 10976
INFO 2026-03-11 08:43:23,258 basehttp 21900 19272 "GET /sat/admin-panel/users/52/edit/ HTTP/1.1" 200 10745
INFO 2026-03-11 08:43:24,892 basehttp 21900 19272 "POST /sat/admin-panel/users/52/edit/ HTTP/1.1" 302 0
INFO 2026-03-11 08:43:25,044 basehttp 21900 19272 "GET /sat/admin-panel/users/52/ HTTP/1.1" 200 11128
INFO 2026-03-11 08:43:26,070 basehttp 21900 19272 "GET /sat/admin-panel/users/ HTTP/1.1" 200 19624
INFO 2026-03-11 08:43:28,260 basehttp 21900 19272 "GET /sat/admin-panel/users/51/ HTTP/1.1" 200 10976
INFO 2026-03-11 08:43:29,373 basehttp 21900 19272 "GET /sat/admin-panel/users/51/edit/ HTTP/1.1" 200 10745
INFO 2026-03-11 08:43:30,989 basehttp 21900 19272 "POST /sat/admin-panel/users/51/edit/ HTTP/1.1" 302 0
INFO 2026-03-11 08:43:31,158 basehttp 21900 19272 "GET /sat/admin-panel/users/51/ HTTP/1.1" 200 11128
INFO 2026-03-11 08:43:31,867 basehttp 21900 19272 "GET /sat/admin-panel/groups/ HTTP/1.1" 200 12318
INFO 2026-03-11 08:43:32,594 basehttp 21900 19272 "GET /sat/admin-panel/users/ HTTP/1.1" 200 19627
INFO 2026-03-11 08:43:34,076 basehttp 21900 19272 "GET /sat/admin-panel/users/50/ HTTP/1.1" 200 10976
INFO 2026-03-11 08:43:35,098 basehttp 21900 19272 "GET /sat/admin-panel/users/50/edit/ HTTP/1.1" 200 10745
INFO 2026-03-11 08:43:36,737 basehttp 21900 19272 "POST /sat/admin-panel/users/50/edit/ HTTP/1.1" 302 0
INFO 2026-03-11 08:43:36,933 basehttp 21900 19272 "GET /sat/admin-panel/users/50/ HTTP/1.1" 200 11128
INFO 2026-03-11 08:43:38,146 basehttp 21900 19272 "GET /sat/admin-panel/users/ HTTP/1.1" 200 19630
INFO 2026-03-11 08:43:38,631 basehttp 21900 19272 "GET /sat/admin-panel/groups/ HTTP/1.1" 200 12318
INFO 2026-03-11 08:43:41,022 basehttp 21900 19272 "GET /sat/admin-panel/groups/1/ HTTP/1.1" 200 20691
INFO 2026-03-11 08:43:45,366 basehttp 21900 19272 "GET /sat/admin-panel/users/ HTTP/1.1" 200 19630
INFO 2026-03-11 08:43:49,326 basehttp 21900 19272 "GET /sat/admin-panel/mocks/ HTTP/1.1" 200 10235
INFO 2026-03-11 08:43:50,737 basehttp 21900 19272 "GET /sat/admin-panel/tests/ HTTP/1.1" 200 11330
INFO 2026-03-11 08:43:52,736 basehttp 21900 19272 "GET /sat/admin-panel/groups/ HTTP/1.1" 200 12318
INFO 2026-03-11 08:43:55,868 basehttp 21900 19272 "POST /sat/admin-panel/groups/8/delete/ HTTP/1.1" 302 0
INFO 2026-03-11 08:43:56,043 basehttp 21900 19272 "GET /sat/admin-panel/groups/ HTTP/1.1" 200 11806
INFO 2026-03-11 08:43:58,698 basehttp 21900 19272 "GET /sat/admin-panel/users/ HTTP/1.1" 200 19591
INFO 2026-03-11 08:44:01,429 basehttp 21900 19272 "GET /sat/admin-panel/users/64/ HTTP/1.1" 200 10980
INFO 2026-03-11 08:44:02,950 basehttp 21900 19272 "GET /sat/admin-panel/users/64/edit/ HTTP/1.1" 200 10585
INFO 2026-03-11 08:44:04,988 basehttp 21900 19272 "POST /sat/admin-panel/users/64/edit/ HTTP/1.1" 302 0
INFO 2026-03-11 08:44:05,197 basehttp 21900 19272 "GET /sat/admin-panel/users/64/ HTTP/1.1" 200 11133
INFO 2026-03-11 08:44:05,944 basehttp 21900 19272 "GET /sat/admin-panel/groups/ HTTP/1.1" 200 11700
INFO 2026-03-11 08:44:10,648 basehttp 21900 19272 "GET /sat/admin-panel/groups/1/ HTTP/1.1" 200 21245
INFO 2026-03-11 08:44:14,653 basehttp 21900 19272 "GET /sat/admin-panel/groups/ HTTP/1.1" 200 11700
INFO 2026-03-11 09:03:57,281 autoreload 14740 14352 Watching for file changes with StatReloader
INFO 2026-03-11 09:04:06,248 basehttp 14740 9256 "GET / HTTP/1.1" 302 0
INFO 2026-03-11 09:04:06,425 basehttp 14740 12464 "GET / HTTP/1.1" 302 0
INFO 2026-03-11 09:04:07,627 basehttp 14740 12464 "GET /sat/practises/ HTTP/1.1" 200 6406
INFO 2026-03-11 09:04:09,035 basehttp 14740 4208 - Broken pipe from ('127.0.0.1', 57794)
INFO 2026-03-11 09:04:14,594 basehttp 14740 25068 "GET / HTTP/1.1" 302 0
INFO 2026-03-11 09:04:14,643 basehttp 14740 25068 "GET /login/?next=/ HTTP/1.1" 200 2555
INFO 2026-03-11 09:04:15,171 basehttp 14740 25068 "GET /static/assets/css/makon-style.css HTTP/1.1" 200 2986
INFO 2026-03-11 09:04:15,180 basehttp 14740 5532 "GET /static/assets/img/icons/white-icon-nobg.png HTTP/1.1" 200 84649
INFO 2026-03-11 09:04:15,259 basehttp 14740 24668 "GET /static/assets/js/login-main.js HTTP/1.1" 200 517
INFO 2026-03-11 09:04:15,398 basehttp 14740 5532 "GET /static/assets/img/icons/original-icon-nobg.png HTTP/1.1" 200 91518
INFO 2026-03-11 09:04:29,438 basehttp 14740 5532 "POST /login/?next=/ HTTP/1.1" 302 0
INFO 2026-03-11 09:04:29,638 basehttp 14740 5532 "GET /sat/practises/ HTTP/1.1" 200 6406
INFO 2026-03-11 09:04:29,805 basehttp 14740 5532 "GET /static/assets/css/makon-dashboard.css HTTP/1.1" 200 4958
INFO 2026-03-11 09:04:29,812 basehttp 14740 24668 "GET /static/font-awesome-4.7.0/css/font-awesome.min.css HTTP/1.1" 200 31000
WARNING 2026-03-11 09:04:29,829 basehttp 14740 5532 "GET /static/assets/img/tests/.png HTTP/1.1" 404 1990
INFO 2026-03-11 09:04:29,887 basehttp 14740 24668 "GET /static/font-awesome-4.7.0/fonts/fontawesome-webfont.woff2?v=4.7.0 HTTP/1.1" 200 77160
INFO 2026-03-11 09:04:32,599 basehttp 14740 24668 "GET /sat/admin-panel/ HTTP/1.1" 200 10489
INFO 2026-03-11 09:04:32,886 basehttp 14740 18928 "GET /static/assets/vendor/aos/aos.css HTTP/1.1" 200 28765
INFO 2026-03-11 09:04:32,898 basehttp 14740 2864 "GET /static/assets/vendor/glightbox/css/glightbox.min.css HTTP/1.1" 200 13749
INFO 2026-03-11 09:04:32,908 basehttp 14740 25068 "GET /static/assets/vendor/bootstrap-icons/bootstrap-icons.css HTTP/1.1" 200 98255
INFO 2026-03-11 09:04:32,917 basehttp 14740 24968 "GET /static/assets/vendor/swiper/swiper-bundle.min.css HTTP/1.1" 200 18432
INFO 2026-03-11 09:04:32,920 basehttp 14740 24668 "GET /static/assets/vendor/bootstrap/css/bootstrap.min.css HTTP/1.1" 200 232803
INFO 2026-03-11 09:04:32,929 basehttp 14740 17028 "GET /static/assets/css/main.css HTTP/1.1" 200 50430
INFO 2026-03-11 09:04:33,076 basehttp 14740 24968 "GET /static/assets/vendor/purecounter/purecounter_vanilla.js HTTP/1.1" 200 5417
INFO 2026-03-11 09:04:33,127 basehttp 14740 2864 "GET /static/assets/vendor/aos/aos.js HTTP/1.1" 200 13800
INFO 2026-03-11 09:04:33,140 basehttp 14740 18928 "GET /static/assets/vendor/bootstrap/js/bootstrap.bundle.min.js HTTP/1.1" 200 80721
INFO 2026-03-11 09:04:33,183 basehttp 14740 24668 "GET /static/assets/vendor/swiper/swiper-bundle.min.js HTTP/1.1" 200 149982
INFO 2026-03-11 09:04:33,212 basehttp 14740 24968 "GET /static/assets/vendor/php-email-form/validate.js HTTP/1.1" 200 2734
INFO 2026-03-11 09:04:33,262 basehttp 14740 2864 "GET /static/assets/js/main.js HTTP/1.1" 200 7526
INFO 2026-03-11 09:04:33,347 basehttp 14740 17028 "GET /static/assets/vendor/isotope-layout/isotope.pkgd.min.js HTTP/1.1" 200 35445
INFO 2026-03-11 09:04:33,358 basehttp 14740 25068 "GET /static/assets/vendor/glightbox/js/glightbox.min.js HTTP/1.1" 200 56300
INFO 2026-03-11 09:04:33,838 basehttp 14740 24668 "GET /static/assets/vendor/bootstrap-icons/fonts/bootstrap-icons.woff2?dd67030699838ea613ee6dbda90effa6 HTTP/1.1" 200 130396
INFO 2026-03-11 09:04:34,789 basehttp 14740 24668 "GET /static/assets/img/apple-touch-icon.png HTTP/1.1" 200 1738
INFO 2026-03-11 09:04:37,728 basehttp 14740 24668 "GET /sat/admin-panel/groups/ HTTP/1.1" 200 11700
INFO 2026-03-11 09:04:46,907 basehttp 14740 24668 "POST /sat/admin-panel/groups/1/delete/ HTTP/1.1" 200 11445
INFO 2026-03-11 09:04:58,045 basehttp 14740 24668 "GET /sat/admin-panel/groups/1/ HTTP/1.1" 200 21341
INFO 2026-03-11 09:06:06,765 basehttp 14740 24668 "GET /sat/admin-panel/groups/1/delete/ HTTP/1.1" 200 11333
INFO 2026-03-11 09:07:02,920 basehttp 14740 5480 "GET /login/?next=/ HTTP/1.1" 200 2555
INFO 2026-03-11 09:12:03,133 basehttp 14740 14808 "GET /sat/admin-panel/groups/1/delete/ HTTP/1.1" 200 11333
INFO 2026-03-11 09:12:14,339 basehttp 14740 14808 "GET /sat/admin-panel/groups/1/ HTTP/1.1" 200 21341
INFO 2026-03-11 16:06:38,467 basehttp 14740 6700 "GET / HTTP/1.1" 302 0
INFO 2026-03-11 16:06:38,624 basehttp 14740 1440 "GET /sat/practises/ HTTP/1.1" 200 6406
INFO 2026-03-11 16:06:38,905 basehttp 14740 6700 "GET /sat/practises/ HTTP/1.1" 200 6406
WARNING 2026-03-11 16:06:39,148 basehttp 14740 6700 "GET /static/assets/img/tests/.png HTTP/1.1" 404 1990
INFO 2026-03-11 16:06:43,668 basehttp 14740 1440 "GET /sat/admin-panel/ HTTP/1.1" 200 10489
INFO 2026-03-11 16:06:52,931 basehttp 14740 1440 "GET /sat/admin-panel/groups/ HTTP/1.1" 200 11700
INFO 2026-03-11 16:06:55,858 basehttp 14740 1440 "GET /sat/admin-panel/groups/1/ HTTP/1.1" 200 21341
INFO 2026-03-11 16:08:03,977 basehttp 14740 25780 "POST /sat/admin-panel/groups/1/edit-tests/ HTTP/1.1" 302 0
INFO 2026-03-11 16:08:04,205 basehttp 14740 25780 "GET /sat/admin-panel/groups/1/ HTTP/1.1" 200 21446
INFO 2026-03-11 16:30:49,863 basehttp 14740 25220 "GET / HTTP/1.1" 302 0
INFO 2026-03-11 16:30:50,311 basehttp 14740 25220 "GET /sat/practises/ HTTP/1.1" 200 6406
WARNING 2026-03-11 16:30:50,636 basehttp 14740 25220 "GET /static/assets/img/tests/.png HTTP/1.1" 404 1990
INFO 2026-03-11 16:31:27,391 basehttp 14740 14232 "GET / HTTP/1.1" 302 0
INFO 2026-03-11 16:31:27,599 basehttp 14740 14232 "GET /sat/practises/ HTTP/1.1" 200 6406
WARNING 2026-03-11 16:31:27,813 basehttp 14740 14232 "GET /static/assets/img/tests/.png HTTP/1.1" 404 1990
INFO 2026-03-11 16:33:32,363 basehttp 14740 25392 "GET /sat/practises/ HTTP/1.1" 302 0
INFO 2026-03-11 20:22:58,199 autoreload 15240 20508 Watching for file changes with StatReloader
INFO 2026-03-11 20:23:06,342 basehttp 15240 26436 "GET / HTTP/1.1" 302 0
INFO 2026-03-11 20:23:06,831 basehttp 15240 26436 "GET /sat/practises/ HTTP/1.1" 200 6406
WARNING 2026-03-11 20:23:07,181 basehttp 15240 26436 "GET /static/assets/img/tests/.png HTTP/1.1" 404 1990
INFO 2026-03-11 20:23:09,477 basehttp 15240 18940 "GET /sat/admin-panel/ HTTP/1.1" 200 10921
INFO 2026-03-11 20:23:13,452 basehttp 15240 18940 "GET /sat/admin-panel/groups/ HTTP/1.1" 200 12132
INFO 2026-03-11 20:23:20,923 basehttp 15240 18940 "POST /sat/admin-panel/groups/ HTTP/1.1" 302 0
INFO 2026-03-11 20:23:21,112 basehttp 15240 18940 "GET /sat/admin-panel/groups/ HTTP/1.1" 200 12859
INFO 2026-03-11 20:23:52,772 autoreload 22700 1232 Watching for file changes with StatReloader
INFO 2026-03-11 20:23:53,903 basehttp 22700 24964 "GET / HTTP/1.1" 302 0
INFO 2026-03-11 20:23:54,223 basehttp 22700 24964 "GET /sat/practises/ HTTP/1.1" 200 6406
WARNING 2026-03-11 20:23:54,465 basehttp 22700 19632 "GET /static/assets/img/tests/.png HTTP/1.1" 404 1990
INFO 2026-03-11 20:23:56,382 basehttp 22700 24964 "GET /sat/admin-panel/ HTTP/1.1" 200 10921
INFO 2026-03-11 20:23:59,501 basehttp 22700 24964 "GET /sat/admin-panel/groups/ HTTP/1.1" 200 11846
INFO 2026-03-11 20:24:07,341 basehttp 22700 24964 "GET /sat/admin-panel/groups/1/ HTTP/1.1" 200 16732
INFO 2026-03-11 20:24:09,269 basehttp 22700 24964 "GET /sat/admin-panel/groups/1/delete/ HTTP/1.1" 200 11765
INFO 2026-03-11 20:24:51,406 autoreload 26792 27528 Watching for file changes with StatReloader
INFO 2026-03-11 20:24:55,731 basehttp 26792 16448 "GET / HTTP/1.1" 302 0
INFO 2026-03-11 20:24:56,211 basehttp 26792 16448 "GET /sat/practises/ HTTP/1.1" 200 6406
WARNING 2026-03-11 20:24:56,413 basehttp 26792 16448 "GET /static/assets/img/tests/.png HTTP/1.1" 404 1990
INFO 2026-03-11 20:24:59,163 basehttp 26792 15232 "GET /sat/admin-panel/ HTTP/1.1" 200 10921
INFO 2026-03-11 20:25:02,002 basehttp 26792 15232 "GET /sat/admin-panel/groups/ HTTP/1.1" 200 12753
INFO 2026-03-11 20:25:20,623 basehttp 26792 15232 "GET /sat/admin-panel/groups/1/ HTTP/1.1" 200 16732
INFO 2026-03-11 20:26:25,253 autoreload 25468 21128 Watching for file changes with StatReloader
INFO 2026-03-11 20:26:32,344 basehttp 25468 5356 "GET / HTTP/1.1" 302 0
INFO 2026-03-11 20:26:32,755 basehttp 25468 5356 "GET /sat/practises/ HTTP/1.1" 200 6406
WARNING 2026-03-11 20:26:32,957 basehttp 25468 5356 "GET /static/assets/img/tests/.png HTTP/1.1" 404 1990
INFO 2026-03-11 20:26:35,341 basehttp 25468 3980 "GET /sat/admin-panel/ HTTP/1.1" 200 10921
INFO 2026-03-11 20:26:38,251 basehttp 25468 3980 "GET /sat/admin-panel/groups/ HTTP/1.1" 200 11982
INFO 2026-03-11 20:27:54,873 autoreload 16984 7188 Watching for file changes with StatReloader
INFO 2026-03-11 20:27:56,019 basehttp 16984 9144 "GET / HTTP/1.1" 302 0
INFO 2026-03-11 20:27:56,447 basehttp 16984 9144 "GET /sat/practises/ HTTP/1.1" 200 6406
WARNING 2026-03-11 20:27:56,691 basehttp 16984 5096 "GET /static/assets/img/tests/.png HTTP/1.1" 404 1990
INFO 2026-03-11 20:28:00,598 basehttp 16984 9144 "GET /sat/admin-panel/ HTTP/1.1" 200 10921
INFO 2026-03-11 20:28:03,163 basehttp 16984 9144 "GET /sat/admin-panel/groups/ HTTP/1.1" 200 12612
INFO 2026-03-11 20:28:05,955 basehttp 16984 9144 "POST /sat/admin-panel/groups/1/delete/ HTTP/1.1" 200 11877
INFO 2026-03-11 20:28:09,819 basehttp 16984 9144 "GET /sat/admin-panel/groups/1/ HTTP/1.1" 200 16732
INFO 2026-03-11 20:28:13,111 basehttp 16984 9144 "GET /sat/admin-panel/groups/ HTTP/1.1" 200 12612
INFO 2026-03-11 20:28:16,420 basehttp 16984 9144 "POST /sat/admin-panel/groups/11/delete/ HTTP/1.1" 200 11879
INFO 2026-03-11 20:28:20,611 basehttp 16984 9144 "POST /sat/admin-panel/groups/11/delete/ HTTP/1.1" 302 0
INFO 2026-03-11 20:28:20,749 basehttp 16984 9144 "GET /sat/admin-panel/groups/ HTTP/1.1" 200 12174
INFO 2026-03-11 20:29:10,139 autoreload 17012 23080 Watching for file changes with StatReloader
INFO 2026-03-11 20:29:19,284 basehttp 17012 10744 "GET /sat/admin-panel/groups/ HTTP/1.1" 200 11558
INFO 2026-03-11 20:29:24,691 basehttp 17012 10744 "GET /sat/admin-panel/groups/1/delete/ HTTP/1.1" 200 11765
INFO 2026-03-11 20:29:26,279 basehttp 17012 10744 - Broken pipe from ('127.0.0.1', 60503)
INFO 2026-03-11 20:29:53,026 autoreload 18868 26780 Watching for file changes with StatReloader
INFO 2026-03-11 20:29:54,960 basehttp 18868 9220 "GET /sat/admin-panel/groups/ HTTP/1.1" 200 11562
INFO 2026-03-11 20:30:03,015 basehttp 18868 9220 "POST /sat/admin-panel/groups/ HTTP/1.1" 302 0
INFO 2026-03-11 20:30:03,179 basehttp 18868 9220 "GET /sat/admin-panel/groups/ HTTP/1.1" 200 12002
INFO 2026-03-11 20:30:05,489 basehttp 18868 9220 "GET /sat/admin-panel/groups/12/delete/ HTTP/1.1" 200 11765
INFO 2026-03-11 20:30:09,409 basehttp 18868 9220 "POST /sat/admin-panel/groups/12/delete/ HTTP/1.1" 302 0
INFO 2026-03-11 20:30:09,549 basehttp 18868 9220 "GET /sat/admin-panel/groups/ HTTP/1.1" 200 11697
INFO 2026-03-11 20:30:13,238 basehttp 18868 9220 "GET /sat/admin-panel/ HTTP/1.1" 200 10921
INFO 2026-03-11 21:27:04,454 autoreload 15968 13336 Watching for file changes with StatReloader
INFO 2026-03-11 21:27:08,403 basehttp 15968 27004 "GET / HTTP/1.1" 302 0
INFO 2026-03-11 21:27:08,434 basehttp 15968 27004 "GET /login/?next=/ HTTP/1.1" 200 2555
INFO 2026-03-11 21:27:16,602 basehttp 15968 27004 "POST /login/?next=/ HTTP/1.1" 302 0
INFO 2026-03-11 21:27:16,894 basehttp 15968 27004 "GET /sat/practises/ HTTP/1.1" 200 29737
INFO 2026-03-11 21:27:17,252 basehttp 15968 5168 "GET /static/assets/img/tests/9.png HTTP/1.1" 200 14926
INFO 2026-03-11 21:27:17,264 basehttp 15968 22540 "GET /static/assets/img/tests/11.png HTTP/1.1" 200 14113
INFO 2026-03-11 21:27:17,270 basehttp 15968 25828 "GET /static/assets/img/tests/12.png HTTP/1.1" 200 14687
INFO 2026-03-11 21:27:17,283 basehttp 15968 27004 "GET /static/assets/img/tests/8.png HTTP/1.1" 200 14950
INFO 2026-03-11 21:27:17,291 basehttp 15968 24200 "GET /static/assets/img/tests/10.png HTTP/1.1" 200 14905
INFO 2026-03-11 21:27:17,292 basehttp 15968 5168 "GET /static/assets/img/tests/14.png HTTP/1.1" 200 14367
INFO 2026-03-11 21:27:17,301 basehttp 15968 24308 "GET /static/assets/img/tests/13.png HTTP/1.1" 200 14896
INFO 2026-03-11 21:27:17,303 basehttp 15968 22540 "GET /static/assets/img/tests/15.png HTTP/1.1" 200 14824
INFO 2026-03-11 21:27:17,305 basehttp 15968 25828 "GET /static/assets/img/tests/16.png HTTP/1.1" 200 15011
INFO 2026-03-11 21:27:17,324 basehttp 15968 5168 "GET /static/assets/img/tests/19.png HTTP/1.1" 200 14955
INFO 2026-03-11 21:27:17,334 basehttp 15968 22540 "GET /static/assets/img/tests/20.png HTTP/1.1" 200 15420
INFO 2026-03-11 21:27:17,348 basehttp 15968 25828 "GET /static/assets/img/tests/22.png HTTP/1.1" 200 15195
INFO 2026-03-11 21:27:17,349 basehttp 15968 24308 "GET /static/assets/img/tests/21.png HTTP/1.1" 200 14721
INFO 2026-03-11 21:27:17,350 basehttp 15968 24200 "GET /static/assets/img/tests/18.png HTTP/1.1" 200 15155
INFO 2026-03-11 21:27:17,355 basehttp 15968 5168 "GET /static/assets/img/tests/23.png HTTP/1.1" 200 15390
INFO 2026-03-11 21:27:17,368 basehttp 15968 27004 "GET /static/assets/img/tests/17.png HTTP/1.1" 200 14346
INFO 2026-03-11 21:27:17,375 basehttp 15968 22540 "GET /static/assets/img/tests/24.png HTTP/1.1" 200 14880
INFO 2026-03-11 21:27:17,377 basehttp 15968 25828 "GET /static/assets/img/tests/27.png HTTP/1.1" 200 14909
INFO 2026-03-11 21:27:17,390 basehttp 15968 24200 "GET /static/assets/img/tests/29.png HTTP/1.1" 200 15535
INFO 2026-03-11 21:27:17,393 basehttp 15968 5168 "GET /static/assets/img/tests/30.png HTTP/1.1" 200 15608
INFO 2026-03-11 21:27:17,402 basehttp 15968 24308 "GET /static/assets/img/tests/26.png HTTP/1.1" 200 15550
INFO 2026-03-11 21:27:17,404 basehttp 15968 27004 "GET /static/assets/img/tests/28.png HTTP/1.1" 200 15610
INFO 2026-03-11 21:27:17,408 basehttp 15968 22540 "GET /static/assets/img/tests/31.png HTTP/1.1" 200 14870
INFO 2026-03-11 21:27:17,409 basehttp 15968 25828 "GET /static/assets/img/tests/32.png HTTP/1.1" 200 15423
INFO 2026-03-11 21:27:17,421 basehttp 15968 5168 "GET /static/assets/img/tests/34.png HTTP/1.1" 200 15099
INFO 2026-03-11 21:27:17,424 basehttp 15968 24200 "GET /static/assets/img/tests/33.png HTTP/1.1" 200 14998
INFO 2026-03-11 21:27:17,434 basehttp 15968 24308 "GET /static/assets/img/tests/36.png HTTP/1.1" 200 15724
INFO 2026-03-11 21:27:17,437 basehttp 15968 27004 "GET /static/assets/img/tests/35.png HTTP/1.1" 200 15492
INFO 2026-03-11 21:27:17,437 basehttp 15968 25828 "GET /static/assets/img/tests/38.png HTTP/1.1" 200 15813
INFO 2026-03-11 21:27:17,447 basehttp 15968 22540 "GET /static/assets/img/tests/37.png HTTP/1.1" 200 15139
INFO 2026-03-11 21:27:17,455 basehttp 15968 5168 "GET /static/assets/img/tests/39.png HTTP/1.1" 200 15691
INFO 2026-03-11 21:27:17,456 basehttp 15968 24200 "GET /static/assets/img/tests/40.png HTTP/1.1" 200 15181
INFO 2026-03-11 21:27:17,470 basehttp 15968 24308 "GET /static/assets/img/tests/43.png HTTP/1.1" 200 15163
INFO 2026-03-11 21:27:17,476 basehttp 15968 22540 "GET /static/assets/img/tests/45.png HTTP/1.1" 200 15090
INFO 2026-03-11 21:27:17,477 basehttp 15968 25828 "GET /static/assets/img/tests/42.png HTTP/1.1" 200 14927
INFO 2026-03-11 21:27:17,481 basehttp 15968 27004 "GET /static/assets/img/tests/44.png HTTP/1.1" 200 14507
INFO 2026-03-11 21:27:17,490 basehttp 15968 5168 "GET /static/assets/img/tests/46.png HTTP/1.1" 200 15272
INFO 2026-03-11 21:27:17,495 basehttp 15968 24200 "GET /static/assets/img/tests/47.png HTTP/1.1" 200 14635
INFO 2026-03-11 21:27:17,505 basehttp 15968 24308 "GET /static/assets/img/tests/48.png HTTP/1.1" 200 15318
INFO 2026-03-11 21:27:17,510 basehttp 15968 25828 "GET /static/assets/img/tests/49.png HTTP/1.1" 200 15248
INFO 2026-03-11 21:27:17,516 basehttp 15968 5168 "GET /static/assets/img/tests/52.png HTTP/1.1" 200 15367
WARNING 2026-03-11 21:27:17,530 basehttp 15968 24308 "GET /static/assets/img/tests/%2054.png HTTP/1.1" 404 2001
INFO 2026-03-11 21:27:17,531 basehttp 15968 22540 "GET /static/assets/img/tests/50.png HTTP/1.1" 200 15554
INFO 2026-03-11 21:27:17,533 basehttp 15968 27004 "GET /static/assets/img/tests/51.png HTTP/1.1" 200 14845
WARNING 2026-03-11 21:27:17,537 basehttp 15968 25828 "GET /static/assets/img/tests/%2055.png HTTP/1.1" 404 2001
WARNING 2026-03-11 21:27:17,540 basehttp 15968 5168 "GET /static/assets/img/tests/56.png HTTP/1.1" 404 1996
INFO 2026-03-11 21:27:17,540 basehttp 15968 24200 "GET /static/assets/img/tests/53.png HTTP/1.1" 200 15501
WARNING 2026-03-11 21:27:17,550 basehttp 15968 27004 "GET /static/assets/img/tests/%2057.png HTTP/1.1" 404 2001
INFO 2026-03-11 21:27:22,326 basehttp 15968 24200 "GET /sat/admin-panel/ HTTP/1.1" 200 10925
INFO 2026-03-11 21:27:24,569 basehttp 15968 24200 "GET /sat/admin-panel/users/ HTTP/1.1" 200 37639
INFO 2026-03-11 21:27:26,847 basehttp 15968 24200 "GET /sat/admin-panel/groups/ HTTP/1.1" 200 17468
INFO 2026-03-11 21:31:09,676 autoreload 26184 22984 Watching for file changes with StatReloader
INFO 2026-03-11 21:31:15,483 basehttp 26184 21216 "GET / HTTP/1.1" 302 0
INFO 2026-03-11 21:31:15,795 basehttp 26184 21216 "GET /sat/practises/ HTTP/1.1" 200 29737
WARNING 2026-03-11 21:31:16,215 basehttp 26184 21216 "GET /static/assets/img/tests/%2054.png HTTP/1.1" 404 2001
WARNING 2026-03-11 21:31:16,246 basehttp 26184 8196 "GET /static/assets/img/tests/%2057.png HTTP/1.1" 404 2001
WARNING 2026-03-11 21:31:16,255 basehttp 26184 25996 "GET /static/assets/img/tests/56.png HTTP/1.1" 404 1996
WARNING 2026-03-11 21:31:16,259 basehttp 26184 24668 "GET /static/assets/img/tests/%2055.png HTTP/1.1" 404 2001
INFO 2026-03-11 21:31:23,583 basehttp 26184 18628 "GET /sat/admin-panel/ HTTP/1.1" 200 10925
INFO 2026-03-11 21:31:24,566 basehttp 26184 18628 "GET / HTTP/1.1" 302 0
INFO 2026-03-11 21:31:24,910 basehttp 26184 18628 "GET /sat/practises/ HTTP/1.1" 200 29737
WARNING 2026-03-11 21:31:25,030 basehttp 26184 18628 "GET /static/assets/img/tests/%2054.png HTTP/1.1" 404 2001
WARNING 2026-03-11 21:31:25,043 basehttp 26184 26760 "GET /static/assets/img/tests/%2055.png HTTP/1.1" 404 2001
WARNING 2026-03-11 21:31:25,045 basehttp 26184 24156 "GET /static/assets/img/tests/56.png HTTP/1.1" 404 1996
WARNING 2026-03-11 21:31:25,055 basehttp 26184 316 "GET /static/assets/img/tests/%2057.png HTTP/1.1" 404 2001
WARNING 2026-03-11 21:31:42,210 basehttp 26184 9944 "GET /sat/dashboard HTTP/1.1" 404 9822
WARNING 2026-03-11 21:31:42,327 basehttp 26184 9944 "GET /favicon.ico HTTP/1.1" 404 4513
WARNING 2026-03-11 21:36:08,683 basehttp 26184 23200 "GET /.well-known/appspecific/com.chrome.devtools.json HTTP/1.1" 404 4624
INFO 2026-03-11 22:02:32,673 autoreload 22548 3256 Watching for file changes with StatReloader
INFO 2026-03-11 22:02:34,670 basehttp 22548 24208 "GET /sat/practises/ HTTP/1.1" 200 5825
WARNING 2026-03-11 22:02:39,523 basehttp 22548 13828 "GET /sat/practice-tests/ HTTP/1.1" 404 9840
INFO 2026-03-11 22:38:39,525 autoreload 12536 25824 Watching for file changes with StatReloader
INFO 2026-03-11 22:42:42,309 autoreload 6812 4628 Watching for file changes with StatReloader
INFO 2026-03-11 22:43:03,501 basehttp 6812 15468 "GET / HTTP/1.1" 302 0
ERROR 2026-03-11 22:43:04,717 basehttp 6812 15468 "GET /sat/practises/ HTTP/1.1" 500 160028
INFO 2026-03-12 08:41:20,810 autoreload 19032 22852 Watching for file changes with StatReloader
INFO 2026-03-12 08:49:30,348 autoreload 19232 10664 Watching for file changes with StatReloader
INFO 2026-03-12 08:50:34,012 autoreload 19232 10664 C:\Users\turgu\OneDrive\Desktop\makonbook-master\makonbook-master\apps\sat\views.py changed, reloading.
INFO 2026-03-12 08:50:44,936 autoreload 9788 18976 Watching for file changes with StatReloader
INFO 2026-03-12 08:50:48,281 basehttp 9788 14164 "GET / HTTP/1.1" 302 0
ERROR 2026-03-12 08:50:48,883 basehttp 9788 14164 "GET /sat/practises/ HTTP/1.1" 500 160028
INFO 2026-03-12 09:02:32,705 autoreload 19772 7056 Watching for file changes with StatReloader
INFO 2026-03-12 09:02:38,400 basehttp 19772 22676 "GET / HTTP/1.1" 302 0
INFO 2026-03-12 09:02:38,646 basehttp 19772 22676 "GET / HTTP/1.1" 302 0
ERROR 2026-03-12 09:02:39,079 basehttp 19772 26704 "GET /sat/practises/ HTTP/1.1" 500 160007
ERROR 2026-03-12 09:02:39,842 basehttp 19772 22676 "GET /sat/practises/ HTTP/1.1" 500 160028
INFO 2026-03-12 09:07:28,974 autoreload 19888 23272 Watching for file changes with StatReloader
INFO 2026-03-12 09:07:51,797 basehttp 19888 18228 "GET / HTTP/1.1" 302 0
INFO 2026-03-12 09:07:52,253 basehttp 19888 18228 "GET /sat/practises/ HTTP/1.1" 200 7668
INFO 2026-03-12 09:07:52,568 basehttp 19888 18228 "GET /static/font-awesome-4.7.0/css/font-awesome.min.css HTTP/1.1" 304 0
INFO 2026-03-12 09:07:52,571 basehttp 19888 23428 "GET /static/assets/css/makon-dashboard.css HTTP/1.1" 304 0
INFO 2026-03-12 09:07:52,575 basehttp 19888 8532 "GET /static/assets/img/icons/original-icon-nobg.png HTTP/1.1" 304 0
WARNING 2026-03-12 09:07:52,725 basehttp 19888 8532 "GET /static/assets/img/icon_dashboard.png HTTP/1.1" 404 2014
INFO 2026-03-12 09:07:52,743 basehttp 19888 23428 "GET /static/font-awesome-4.7.0/fonts/fontawesome-webfont.woff2?v=4.7.0 HTTP/1.1" 304 0
INFO 2026-03-12 09:08:02,059 basehttp 19888 23428 "GET /sat/practises/ HTTP/1.1" 200 7668
WARNING 2026-03-12 09:08:02,184 basehttp 19888 23428 "GET /static/assets/img/icon_dashboard.png HTTP/1.1" 404 2014
INFO 2026-03-12 09:08:45,064 autoreload 19888 23272 C:\Users\turgu\OneDrive\Desktop\makonbook-master\makonbook-master\apps\sat\urls.py changed, reloading.
INFO 2026-03-12 09:08:49,397 autoreload 13772 15372 Watching for file changes with StatReloader
INFO 2026-03-12 09:09:48,830 autoreload 8324 15968 Watching for file changes with StatReloader
INFO 2026-03-12 09:09:52,150 basehttp 8324 10680 "GET / HTTP/1.1" 302 0
INFO 2026-03-12 09:09:52,613 basehttp 8324 10680 "GET /sat/practises/ HTTP/1.1" 200 7673
WARNING 2026-03-12 09:09:52,840 basehttp 8324 10680 "GET /static/assets/img/icon_dashboard.png HTTP/1.1" 404 2014
ERROR 2026-03-12 09:09:55,883 basehttp 8324 27496 "GET /sat/practice-tests/ HTTP/1.1" 500 97011
INFO 2026-03-12 09:10:46,588 autoreload 8324 15968 C:\Users\turgu\OneDrive\Desktop\makonbook-master\makonbook-master\apps\sat\urls.py changed, reloading.
INFO 2026-03-12 09:10:52,126 autoreload 12612 6372 Watching for file changes with StatReloader
INFO 2026-03-12 09:10:56,048 autoreload 12612 6372 C:\Users\turgu\OneDrive\Desktop\makonbook-master\makonbook-master\apps\sat\views.py changed, reloading.
INFO 2026-03-12 09:11:01,286 autoreload 24148 24372 Watching for file changes with StatReloader
ERROR 2026-03-12 09:11:07,814 basehttp 24148 12292 "GET /sat/practises/ HTTP/1.1" 500 160330
INFO 2026-03-12 09:12:51,287 autoreload 2736 16840 Watching for file changes with StatReloader
INFO 2026-03-12 09:13:28,524 basehttp 2736 10580 "GET /sat/practises/ HTTP/1.1" 200 7668
WARNING 2026-03-12 09:13:28,684 basehttp 2736 10580 "GET /static/assets/img/icon_dashboard.png HTTP/1.1" 404 2014
INFO 2026-03-12 09:13:35,852 basehttp 2736 4604 "GET /sat/practises/ HTTP/1.1" 200 7668
WARNING 2026-03-12 09:13:35,983 basehttp 2736 4604 "GET /static/assets/img/icon_dashboard.png HTTP/1.1" 404 2014
INFO 2026-03-12 09:13:37,812 basehttp 2736 14068 "GET /sat/practises/ HTTP/1.1" 200 7668
WARNING 2026-03-12 09:13:37,950 basehttp 2736 14068 "GET /static/assets/img/icon_dashboard.png HTTP/1.1" 404 2014
INFO 2026-03-12 09:13:38,766 basehttp 2736 27032 "GET /sat/vocabulary/ HTTP/1.1" 200 4136
INFO 2026-03-12 09:13:38,904 basehttp 2736 27032 "GET /static/assets/vendor/bootstrap/css/bootstrap.min.css HTTP/1.1" 304 0
INFO 2026-03-12 09:13:38,906 basehttp 2736 25920 "GET /static/assets/vendor/bootstrap-icons/bootstrap-icons.css HTTP/1.1" 304 0
INFO 2026-03-12 09:13:38,916 basehttp 2736 13288 "GET /static/assets/vendor/swiper/swiper-bundle.min.css HTTP/1.1" 304 0
INFO 2026-03-12 09:13:38,916 basehttp 2736 22272 "GET /static/assets/vendor/aos/aos.css HTTP/1.1" 304 0
INFO 2026-03-12 09:13:38,927 basehttp 2736 25920 "GET /static/assets/vendor/aos/aos.js HTTP/1.1" 304 0
INFO 2026-03-12 09:13:38,929 basehttp 2736 27032 "GET /static/assets/vendor/bootstrap/js/bootstrap.bundle.min.js HTTP/1.1" 304 0
INFO 2026-03-12 09:13:38,931 basehttp 2736 22272 "GET /static/assets/vendor/glightbox/js/glightbox.min.js HTTP/1.1" 304 0
INFO 2026-03-12 09:13:38,937 basehttp 2736 13288 "GET /static/assets/vendor/purecounter/purecounter_vanilla.js HTTP/1.1" 304 0
INFO 2026-03-12 09:13:38,937 basehttp 2736 14128 "GET /static/assets/vendor/glightbox/css/glightbox.min.css HTTP/1.1" 304 0
INFO 2026-03-12 09:13:38,938 basehttp 2736 26080 "GET /static/assets/css/main.css HTTP/1.1" 304 0
INFO 2026-03-12 09:13:38,942 basehttp 2736 22272 "GET /static/assets/vendor/php-email-form/validate.js HTTP/1.1" 304 0
INFO 2026-03-12 09:13:38,946 basehttp 2736 27032 "GET /static/assets/vendor/isotope-layout/isotope.pkgd.min.js HTTP/1.1" 304 0
INFO 2026-03-12 09:13:38,946 basehttp 2736 25920 "GET /static/assets/vendor/swiper/swiper-bundle.min.js HTTP/1.1" 304 0
INFO 2026-03-12 09:13:38,949 basehttp 2736 14128 "GET /static/assets/js/main.js HTTP/1.1" 304 0
INFO 2026-03-12 09:13:39,098 basehttp 2736 14128 "GET /static/assets/vendor/bootstrap-icons/fonts/bootstrap-icons.woff2?dd67030699838ea613ee6dbda90effa6 HTTP/1.1" 304 0
INFO 2026-03-12 09:13:42,641 basehttp 2736 14128 "GET /sat/admissions/ HTTP/1.1" 200 4136
INFO 2026-03-12 09:14:16,855 autoreload 26384 8612 Watching for file changes with StatReloader
INFO 2026-03-12 09:14:18,147 basehttp 26384 13392 "GET /sat/practises/ HTTP/1.1" 200 7668
INFO 2026-03-12 09:14:18,522 basehttp 26384 13392 "GET /static/assets/img/icon_dashboard.png HTTP/1.1" 200 10539
INFO 2026-03-12 09:15:17,228 autoreload 2416 20152 Watching for file changes with StatReloader
INFO 2026-03-12 09:15:21,130 basehttp 2416 21600 "GET /sat/practises/ HTTP/1.1" 200 7668
INFO 2026-03-12 09:15:26,683 basehttp 2416 21600 "GET /sat/practises/ HTTP/1.1" 200 7668
INFO 2026-03-12 09:15:48,678 basehttp 2416 21600 "GET /sat/practises/ HTTP/1.1" 200 7668
INFO 2026-03-12 10:11:30,977 autoreload 2416 20152 C:\Users\turgu\OneDrive\Desktop\makonbook-master\makonbook-master\apps\sat\urls.py changed, reloading.
INFO 2026-03-12 10:11:34,776 autoreload 9592 27372 Watching for file changes with StatReloader
INFO 2026-03-12 10:13:01,399 autoreload 9592 27372 C:\Users\turgu\OneDrive\Desktop\makonbook-master\makonbook-master\apps\sat\views.py changed, reloading.
INFO 2026-03-12 11:28:54,203 autoreload 2656 3396 Watching for file changes with StatReloader
ERROR 2026-03-12 11:28:59,655 basehttp 2656 11172 "GET / HTTP/1.1" 500 101280
WARNING 2026-03-12 11:29:00,947 basehttp 2656 11172 "GET /favicon.ico HTTP/1.1" 404 4513
INFO 2026-03-12 11:29:44,769 autoreload 27064 22156 Watching for file changes with StatReloader
ERROR 2026-03-12 11:29:57,577 basehttp 27064 11656 "GET / HTTP/1.1" 500 101417
INFO 2026-03-12 11:30:07,042 autoreload 27004 15464 Watching for file changes with StatReloader
ERROR 2026-03-12 11:30:09,732 basehttp 27004 25540 "GET / HTTP/1.1" 500 101280
INFO 2026-03-12 11:32:09,671 autoreload 1964 20952 Watching for file changes with StatReloader
ERROR 2026-03-12 11:32:18,886 basehttp 1964 9420 "GET / HTTP/1.1" 500 145
INFO 2026-03-12 11:34:37,073 autoreload 1964 20952 C:\Users\turgu\OneDrive\Desktop\makonbook-master\makonbook-master\apps\base\views.py changed, reloading.
INFO 2026-03-12 11:34:46,780 autoreload 13804 3744 Watching for file changes with StatReloader
INFO 2026-03-12 11:34:50,459 basehttp 13804 18792 "GET / HTTP/1.1" 302 0
INFO 2026-03-12 11:34:50,683 basehttp 13804 18792 "GET /sat/ HTTP/1.1" 200 6277
INFO 2026-03-12 11:34:51,383 basehttp 13804 18792 "GET /static/assets/img/icon_dashboard.png HTTP/1.1" 304 0
INFO 2026-03-12 11:34:57,496 basehttp 13804 18792 "GET /sat/practice-tests/ HTTP/1.1" 200 29736
WARNING 2026-03-12 11:34:57,785 basehttp 13804 18792 "GET /static/assets/img/tests/%2055.png HTTP/1.1" 404 2001
WARNING 2026-03-12 11:34:57,816 basehttp 13804 10568 "GET /static/assets/img/tests/%2054.png HTTP/1.1" 404 2001
WARNING 2026-03-12 11:34:57,818 basehttp 13804 22064 "GET /static/assets/img/tests/%2057.png HTTP/1.1" 404 2001
WARNING 2026-03-12 11:34:57,820 basehttp 13804 14068 "GET /static/assets/img/tests/56.png HTTP/1.1" 404 1996
INFO 2026-03-12 11:35:04,053 basehttp 13804 20076 "GET / HTTP/1.1" 302 0
INFO 2026-03-12 11:35:04,208 basehttp 13804 20076 "GET /sat/ HTTP/1.1" 200 6277
INFO 2026-03-12 11:35:06,702 basehttp 13804 20076 "GET /sat/practice-tests/ HTTP/1.1" 200 29736
WARNING 2026-03-12 11:35:07,033 basehttp 13804 20076 "GET /static/assets/img/tests/%2054.png HTTP/1.1" 404 2001
WARNING 2026-03-12 11:35:07,063 basehttp 13804 17536 "GET /static/assets/img/tests/%2055.png HTTP/1.1" 404 2001
WARNING 2026-03-12 11:35:07,085 basehttp 13804 14156 "GET /static/assets/img/tests/%2057.png HTTP/1.1" 404 2001
WARNING 2026-03-12 11:35:07,085 basehttp 13804 12780 "GET /static/assets/img/tests/56.png HTTP/1.1" 404 1996
INFO 2026-03-12 11:35:09,275 basehttp 13804 22224 "GET /sat/vocabulary/ HTTP/1.1" 200 4136
INFO 2026-03-12 11:35:11,631 basehttp 13804 22224 "GET /sat/admissions/ HTTP/1.1" 200 4136
INFO 2026-03-12 11:35:14,431 basehttp 13804 22224 "GET /sat/practice-tests/ HTTP/1.1" 200 29736
WARNING 2026-03-12 11:35:14,541 basehttp 13804 22224 "GET /static/assets/img/tests/%2055.png HTTP/1.1" 404 2001
WARNING 2026-03-12 11:35:14,545 basehttp 13804 9404 "GET /static/assets/img/tests/%2054.png HTTP/1.1" 404 2001
WARNING 2026-03-12 11:35:14,568 basehttp 13804 17752 "GET /static/assets/img/tests/56.png HTTP/1.1" 404 1996
WARNING 2026-03-12 11:35:14,570 basehttp 13804 17564 "GET /static/assets/img/tests/%2057.png HTTP/1.1" 404 2001
INFO 2026-03-12 11:35:20,416 basehttp 13804 20816 "GET / HTTP/1.1" 302 0
INFO 2026-03-12 11:35:20,666 basehttp 13804 20816 "GET /sat/ HTTP/1.1" 200 6277
INFO 2026-03-12 11:35:24,039 basehttp 13804 20816 "GET /sat/practice-tests/ HTTP/1.1" 200 29736
WARNING 2026-03-12 11:35:24,161 basehttp 13804 20816 "GET /static/assets/img/tests/%2054.png HTTP/1.1" 404 2001
WARNING 2026-03-12 11:35:24,209 basehttp 13804 1576 "GET /static/assets/img/tests/%2055.png HTTP/1.1" 404 2001
WARNING 2026-03-12 11:35:24,234 basehttp 13804 10488 "GET /static/assets/img/tests/56.png HTTP/1.1" 404 1996
WARNING 2026-03-12 11:35:24,236 basehttp 13804 17036 "GET /static/assets/img/tests/%2057.png HTTP/1.1" 404 2001
INFO 2026-03-12 11:35:30,079 basehttp 13804 22872 "GET /sat/vocabulary/ HTTP/1.1" 200 4136
INFO 2026-03-12 11:35:32,259 basehttp 13804 22872 "GET / HTTP/1.1" 302 0
INFO 2026-03-12 11:35:32,411 basehttp 13804 22872 "GET /sat/ HTTP/1.1" 200 6277
INFO 2026-03-12 11:35:34,702 basehttp 13804 22872 "GET /sat/practice-tests/ HTTP/1.1" 200 29736
WARNING 2026-03-12 11:35:34,821 basehttp 13804 18004 "GET /static/assets/img/tests/%2055.png HTTP/1.1" 404 2001
WARNING 2026-03-12 11:35:34,842 basehttp 13804 22872 "GET /static/assets/img/tests/%2054.png HTTP/1.1" 404 2001
WARNING 2026-03-12 11:35:34,854 basehttp 13804 7936 "GET /static/assets/img/tests/%2057.png HTTP/1.1" 404 2001
WARNING 2026-03-12 11:35:34,854 basehttp 13804 21064 "GET /static/assets/img/tests/56.png HTTP/1.1" 404 1996
INFO 2026-03-12 11:35:36,652 basehttp 13804 2016 "GET /sat/admin-panel/ HTTP/1.1" 200 10925
INFO 2026-03-12 11:35:39,381 basehttp 13804 2016 "GET / HTTP/1.1" 302 0
INFO 2026-03-12 11:35:39,556 basehttp 13804 2016 "GET /sat/ HTTP/1.1" 200 6277
INFO 2026-03-12 11:35:52,503 basehttp 13804 2016 "GET /sat/practice-tests/ HTTP/1.1" 200 29736
WARNING 2026-03-12 11:35:52,635 basehttp 13804 2016 "GET /static/assets/img/tests/%2054.png HTTP/1.1" 404 2001
WARNING 2026-03-12 11:35:52,662 basehttp 13804 8848 "GET /static/assets/img/tests/%2055.png HTTP/1.1" 404 2001
WARNING 2026-03-12 11:35:52,682 basehttp 13804 20652 "GET /static/assets/img/tests/56.png HTTP/1.1" 404 1996
WARNING 2026-03-12 11:35:52,697 basehttp 13804 24656 "GET /static/assets/img/tests/%2057.png HTTP/1.1" 404 2001
INFO 2026-03-12 11:37:21,842 basehttp 13804 27520 "GET /logout/ HTTP/1.1" 302 0
INFO 2026-03-12 11:37:22,056 basehttp 13804 27520 "GET /login/ HTTP/1.1" 200 2555
INFO 2026-03-12 11:37:22,150 basehttp 13804 27520 "GET /static/assets/css/makon-style.css HTTP/1.1" 304 0
INFO 2026-03-12 11:37:22,177 basehttp 13804 15556 "GET /static/assets/js/login-main.js HTTP/1.1" 304 0
INFO 2026-03-12 11:37:22,178 basehttp 13804 27520 "GET /static/assets/img/icons/white-icon-nobg.png HTTP/1.1" 304 0
INFO 2026-03-12 11:37:29,788 basehttp 13804 27520 "POST /login/ HTTP/1.1" 302 0
INFO 2026-03-12 11:37:29,941 basehttp 13804 27520 "GET /sat/ HTTP/1.1" 200 6277
INFO 2026-03-12 11:37:32,757 basehttp 13804 27520 "GET /sat/practice-tests/ HTTP/1.1" 200 29736
WARNING 2026-03-12 11:37:32,909 basehttp 13804 27520 "GET /static/assets/img/tests/%2054.png HTTP/1.1" 404 2001
WARNING 2026-03-12 11:37:32,919 basehttp 13804 15556 "GET /static/assets/img/tests/%2055.png HTTP/1.1" 404 2001
WARNING 2026-03-12 11:37:32,933 basehttp 13804 9984 "GET /static/assets/img/tests/56.png HTTP/1.1" 404 1996
WARNING 2026-03-12 11:37:32,933 basehttp 13804 27460 "GET /static/assets/img/tests/%2057.png HTTP/1.1" 404 2001
INFO 2026-03-12 11:37:35,226 basehttp 13804 18904 "GET /sat/vocabulary/ HTTP/1.1" 200 4136
INFO 2026-03-12 11:37:39,944 basehttp 13804 18904 "GET /sat/admissions/ HTTP/1.1" 200 4136
INFO 2026-03-12 11:37:42,554 basehttp 13804 18904 "GET /sat/vocabulary/ HTTP/1.1" 200 4136
INFO 2026-03-12 11:37:45,246 basehttp 13804 18904 "GET /sat/practice-tests/ HTTP/1.1" 200 29736
WARNING 2026-03-12 11:37:45,364 basehttp 13804 18904 "GET /static/assets/img/tests/%2054.png HTTP/1.1" 404 2001
WARNING 2026-03-12 11:37:45,416 basehttp 13804 2656 "GET /static/assets/img/tests/%2055.png HTTP/1.1" 404 2001
WARNING 2026-03-12 11:37:45,430 basehttp 13804 22932 "GET /static/assets/img/tests/56.png HTTP/1.1" 404 1996
WARNING 2026-03-12 11:37:45,431 basehttp 13804 11652 "GET /static/assets/img/tests/%2057.png HTTP/1.1" 404 2001
INFO 2026-03-12 11:40:32,965 basehttp 13804 12364 "GET /sat/ HTTP/1.1" 200 6277
INFO 2026-03-12 11:40:42,010 autoreload 3076 24816 Watching for file changes with StatReloader
INFO 2026-03-12 11:40:44,787 basehttp 3076 26336 "GET / HTTP/1.1" 302 0
INFO 2026-03-12 11:40:44,945 basehttp 3076 26336 "GET /sat/ HTTP/1.1" 200 6277
INFO 2026-03-12 11:40:47,820 basehttp 3076 26336 "GET /sat/practice-tests/ HTTP/1.1" 200 29723
WARNING 2026-03-12 11:40:48,120 basehttp 3076 26336 "GET /static/assets/img/tests/%2054.png HTTP/1.1" 404 2001
WARNING 2026-03-12 11:40:48,143 basehttp 3076 23268 "GET /static/assets/img/tests/%2055.png HTTP/1.1" 404 2001
WARNING 2026-03-12 11:40:48,157 basehttp 3076 7936 "GET /static/assets/img/tests/%2057.png HTTP/1.1" 404 2001
WARNING 2026-03-12 11:40:48,187 basehttp 3076 26608 "GET /static/assets/img/tests/56.png HTTP/1.1" 404 1996
INFO 2026-03-12 12:15:37,435 basehttp 3076 19684 "GET /sat/ HTTP/1.1" 200 6907
INFO 2026-03-12 12:15:37,568 basehttp 3076 19684 "GET /static/assets/img/icon_dashboard.png HTTP/1.1" 304 0
INFO 2026-03-12 12:15:49,877 basehttp 3076 19684 "GET /sat/ HTTP/1.1" 200 6908
INFO 2026-03-12 12:15:53,214 basehttp 3076 19684 "GET /sat/practice-tests/ HTTP/1.1" 200 29737
WARNING 2026-03-12 12:15:53,622 basehttp 3076 19684 "GET /static/assets/img/tests/%2054.png HTTP/1.1" 404 2001
WARNING 2026-03-12 12:15:53,622 basehttp 3076 6556 "GET /static/assets/img/tests/56.png HTTP/1.1" 404 1996
WARNING 2026-03-12 12:15:53,624 basehttp 3076 14660 "GET /static/assets/img/tests/%2055.png HTTP/1.1" 404 2001
WARNING 2026-03-12 12:15:53,636 basehttp 3076 1916 "GET /static/assets/img/tests/%2057.png HTTP/1.1" 404 2001
INFO 2026-03-12 12:15:58,124 basehttp 3076 13772 "GET /sat/vocabulary/ HTTP/1.1" 200 4382
INFO 2026-03-12 12:16:03,662 basehttp 3076 13772 "GET /sat/admissions/ HTTP/1.1" 200 4356
INFO 2026-03-12 12:16:05,487 basehttp 3076 13772 "GET /sat/vocabulary/ HTTP/1.1" 200 4382
INFO 2026-03-12 12:16:29,477 basehttp 3076 13772 "GET /sat/ HTTP/1.1" 200 6908
INFO 2026-03-12 12:16:31,617 basehttp 3076 13772 "GET /sat/ HTTP/1.1" 200 6908
INFO 2026-03-12 12:16:32,664 basehttp 3076 13772 "GET /sat/ HTTP/1.1" 200 6908
ERROR 2026-03-12 12:16:34,777 basehttp 3076 13772 "GET /sat/practice-tests/ HTTP/1.1" 500 339171
INFO 2026-03-12 12:17:02,705 basehttp 3076 13772 "GET /logout/ HTTP/1.1" 302 0
INFO 2026-03-12 12:17:02,746 basehttp 3076 13772 "GET /login/ HTTP/1.1" 200 2555
INFO 2026-03-12 12:17:12,125 basehttp 3076 13772 "POST /login/ HTTP/1.1" 302 0
INFO 2026-03-12 12:17:12,288 basehttp 3076 13772 "GET /sat/ HTTP/1.1" 200 6908
INFO 2026-03-12 12:25:08,062 basehttp 3076 20836 "GET /sat/vocabulary/ HTTP/1.1" 200 4382
INFO 2026-03-12 12:25:13,160 basehttp 3076 20836 "GET / HTTP/1.1" 302 0
INFO 2026-03-12 12:25:13,326 basehttp 3076 20836 "GET /sat/ HTTP/1.1" 200 6908
INFO 2026-03-12 12:39:05,408 autoreload 3076 24816 C:\Users\turgu\OneDrive\Desktop\makonbook-master\makonbook-master\apps\base\views.py changed, reloading.
INFO 2026-03-12 12:39:09,420 autoreload 18376 14472 Watching for file changes with StatReloader
INFO 2026-03-12 12:39:11,630 basehttp 18376 28132 "GET /sat/ HTTP/1.1" 200 6908
INFO 2026-03-12 12:39:11,877 basehttp 18376 28132 "GET /static/assets/img/icon_dashboard.png HTTP/1.1" 304 0
INFO 2026-03-12 12:39:15,385 basehttp 18376 28132 "GET /sat/practice-tests/ HTTP/1.1" 200 29804
WARNING 2026-03-12 12:39:15,703 basehttp 18376 15960 "GET /static/assets/img/tests/%2055.png HTTP/1.1" 404 2001
WARNING 2026-03-12 12:39:15,705 basehttp 18376 28132 "GET /static/assets/img/tests/%2054.png HTTP/1.1" 404 2001
WARNING 2026-03-12 12:39:15,717 basehttp 18376 21700 "GET /static/assets/img/tests/56.png HTTP/1.1" 404 1996
WARNING 2026-03-12 12:39:15,719 basehttp 18376 12448 "GET /static/assets/img/tests/%2057.png HTTP/1.1" 404 2001
INFO 2026-03-12 12:39:23,917 basehttp 18376 8328 "GET / HTTP/1.1" 302 0
INFO 2026-03-12 12:39:24,062 basehttp 18376 8328 "GET /sat/ HTTP/1.1" 200 6908
INFO 2026-03-12 12:39:25,042 basehttp 18376 8328 "GET /sat/vocabulary/ HTTP/1.1" 200 4382
INFO 2026-03-12 12:39:26,534 basehttp 18376 8328 "GET / HTTP/1.1" 302 0
INFO 2026-03-12 12:39:26,707 basehttp 18376 8328 "GET /sat/ HTTP/1.1" 200 6908
INFO 2026-03-12 12:39:28,362 basehttp 18376 8328 "GET /sat/practice-tests/ HTTP/1.1" 200 29804
WARNING 2026-03-12 12:39:28,468 basehttp 18376 8328 "GET /static/assets/img/tests/%2054.png HTTP/1.1" 404 2001
WARNING 2026-03-12 12:39:28,529 basehttp 18376 24312 "GET /static/assets/img/tests/%2055.png HTTP/1.1" 404 2001
WARNING 2026-03-12 12:39:28,529 basehttp 18376 21528 "GET /static/assets/img/tests/56.png HTTP/1.1" 404 1996
WARNING 2026-03-12 12:39:28,529 basehttp 18376 20160 "GET /static/assets/img/tests/%2057.png HTTP/1.1" 404 2001
INFO 2026-03-12 12:43:01,147 basehttp 18376 26844 "GET /sat/practice-tests/ HTTP/1.1" 200 29737
WARNING 2026-03-12 12:43:01,277 basehttp 18376 26844 "GET /static/assets/img/tests/%2054.png HTTP/1.1" 404 2001
WARNING 2026-03-12 12:43:01,281 basehttp 18376 23940 "GET /static/assets/img/tests/%2055.png HTTP/1.1" 404 2001
WARNING 2026-03-12 12:43:01,305 basehttp 18376 23664 "GET /static/assets/img/tests/56.png HTTP/1.1" 404 1996
WARNING 2026-03-12 12:43:01,306 basehttp 18376 10272 "GET /static/assets/img/tests/%2057.png HTTP/1.1" 404 2001
INFO 2026-03-12 12:44:26,166 basehttp 18376 20748 "GET /sat/practice-tests/ HTTP/1.1" 200 29804
WARNING 2026-03-12 12:44:26,566 basehttp 18376 20748 "GET /static/assets/img/tests/%2054.png HTTP/1.1" 404 2001
WARNING 2026-03-12 12:44:26,568 basehttp 18376 13152 "GET /static/assets/img/tests/%2055.png HTTP/1.1" 404 2001
WARNING 2026-03-12 12:44:26,599 basehttp 18376 28548 "GET /static/assets/img/tests/56.png HTTP/1.1" 404 1996
WARNING 2026-03-12 12:44:26,599 basehttp 18376 25132 "GET /static/assets/img/tests/%2057.png HTTP/1.1" 404 2001
INFO 2026-03-12 12:45:08,649 basehttp 18376 12996 "GET /sat/practice-tests/ HTTP/1.1" 200 29829
WARNING 2026-03-12 12:45:08,994 basehttp 18376 12996 "GET /static/assets/img/tests/%2054.png HTTP/1.1" 404 2001
WARNING 2026-03-12 12:45:08,996 basehttp 18376 22580 "GET /static/assets/img/tests/%2055.png HTTP/1.1" 404 2001
WARNING 2026-03-12 12:45:09,035 basehttp 18376 16896 "GET /static/assets/img/tests/56.png HTTP/1.1" 404 1996
WARNING 2026-03-12 12:45:09,035 basehttp 18376 11840 "GET /static/assets/img/tests/%2057.png HTTP/1.1" 404 2001
INFO 2026-03-12 12:45:23,764 basehttp 18376 25276 "GET /sat/practice-tests/ HTTP/1.1" 200 29829
WARNING 2026-03-12 12:45:23,871 basehttp 18376 25276 "GET /static/assets/img/tests/%2054.png HTTP/1.1" 404 2001
WARNING 2026-03-12 12:45:23,904 basehttp 18376 16360 "GET /static/assets/img/tests/%2055.png HTTP/1.1" 404 2001
WARNING 2026-03-12 12:45:23,936 basehttp 18376 9788 "GET /static/assets/img/tests/%2057.png HTTP/1.1" 404 2001
WARNING 2026-03-12 12:45:23,939 basehttp 18376 9760 "GET /static/assets/img/tests/56.png HTTP/1.1" 404 1996
INFO 2026-03-12 12:45:44,717 basehttp 18376 10568 "GET / HTTP/1.1" 302 0
INFO 2026-03-12 12:45:44,883 basehttp 18376 10568 "GET /sat/ HTTP/1.1" 200 6908
INFO 2026-03-12 12:45:45,859 basehttp 18376 10568 "GET /sat/vocabulary/ HTTP/1.1" 200 4382
INFO 2026-03-12 12:45:47,312 basehttp 18376 10568 "GET / HTTP/1.1" 302 0
INFO 2026-03-12 12:45:47,462 basehttp 18376 10568 "GET /sat/ HTTP/1.1" 200 6908
INFO 2026-03-12 12:45:48,676 basehttp 18376 10568 "GET /sat/practice-tests/ HTTP/1.1" 200 29829
WARNING 2026-03-12 12:45:48,859 basehttp 18376 10568 "GET /static/assets/img/tests/%2054.png HTTP/1.1" 404 2001
WARNING 2026-03-12 12:45:48,867 basehttp 18376 21428 "GET /static/assets/img/tests/%2055.png HTTP/1.1" 404 2001
WARNING 2026-03-12 12:45:48,897 basehttp 18376 7980 "GET /static/assets/img/tests/56.png HTTP/1.1" 404 1996
WARNING 2026-03-12 12:45:48,898 basehttp 18376 25332 "GET /static/assets/img/tests/%2057.png HTTP/1.1" 404 2001
WARNING 2026-03-12 12:46:07,516 basehttp 18376 624 "GET /.well-known/appspecific/com.chrome.devtools.json HTTP/1.1" 404 4624
INFO 2026-03-12 12:46:08,370 basehttp 18376 25172 "GET /static/assets/vendor/purecounter/purecounter_vanilla.js.map HTTP/1.1" 200 24750
INFO 2026-03-12 12:46:08,387 basehttp 18376 624 "GET /static/assets/vendor/bootstrap/js/bootstrap.bundle.min.js.map HTTP/1.1" 200 332090
INFO 2026-03-12 12:46:08,402 basehttp 18376 27164 "GET /static/assets/vendor/swiper/swiper-bundle.min.js.map HTTP/1.1" 200 203001
INFO 2026-03-12 12:46:08,543 basehttp 18376 22492 "GET /static/assets/vendor/bootstrap/css/bootstrap.min.css.map HTTP/1.1" 200 589892
INFO 2026-03-12 12:46:32,569 basehttp 18376 22492 "GET /sat/practice-tests/ HTTP/1.1" 200 29851
WARNING 2026-03-12 12:46:32,680 basehttp 18376 22492 "GET /.well-known/appspecific/com.chrome.devtools.json HTTP/1.1" 404 4624
WARNING 2026-03-12 12:46:32,784 basehttp 18376 22492 "GET /static/assets/img/tests/%2054.png HTTP/1.1" 404 2001
WARNING 2026-03-12 12:46:32,787 basehttp 18376 27164 "GET /static/assets/img/tests/%2055.png HTTP/1.1" 404 2001
WARNING 2026-03-12 12:46:32,886 basehttp 18376 624 "GET /static/assets/img/tests/56.png HTTP/1.1" 404 1996
WARNING 2026-03-12 12:46:32,888 basehttp 18376 25172 "GET /static/assets/img/tests/%2057.png HTTP/1.1" 404 2001
INFO 2026-03-12 12:46:36,257 basehttp 18376 18580 "GET /sat/practice-tests/ HTTP/1.1" 200 29851
WARNING 2026-03-12 12:46:36,369 basehttp 18376 18580 "GET /.well-known/appspecific/com.chrome.devtools.json HTTP/1.1" 404 4624
WARNING 2026-03-12 12:46:36,420 basehttp 18376 18580 "GET /static/assets/img/tests/%2054.png HTTP/1.1" 404 2001
WARNING 2026-03-12 12:46:36,441 basehttp 18376 15028 "GET /static/assets/img/tests/%2055.png HTTP/1.1" 404 2001
WARNING 2026-03-12 12:46:36,495 basehttp 18376 19928 "GET /static/assets/img/tests/56.png HTTP/1.1" 404 1996
WARNING 2026-03-12 12:46:36,495 basehttp 18376 23864 "GET /static/assets/img/tests/%2057.png HTTP/1.1" 404 2001
INFO 2026-03-12 12:47:08,389 basehttp 18376 25372 "GET /sat/practice-tests/ HTTP/1.1" 200 29829
WARNING 2026-03-12 12:47:08,834 basehttp 18376 25372 "GET /static/assets/img/tests/%2054.png HTTP/1.1" 404 2001
WARNING 2026-03-12 12:47:08,863 basehttp 18376 24320 "GET /static/assets/img/tests/%2055.png HTTP/1.1" 404 2001
WARNING 2026-03-12 12:47:08,867 basehttp 18376 27936 "GET /static/assets/img/tests/56.png HTTP/1.1" 404 1996
WARNING 2026-03-12 12:47:08,885 basehttp 18376 20736 "GET /static/assets/img/tests/%2057.png HTTP/1.1" 404 2001
INFO 2026-03-12 12:47:31,284 basehttp 18376 6420 "GET / HTTP/1.1" 302 0
INFO 2026-03-12 12:47:31,452 basehttp 18376 6420 "GET /sat/ HTTP/1.1" 200 6908
INFO 2026-03-12 12:47:33,490 basehttp 18376 6420 "GET /sat/vocabulary/ HTTP/1.1" 200 4382
INFO 2026-03-12 12:57:48,434 basehttp 18376 10892 "GET /sat/vocabulary/ HTTP/1.1" 200 4382
INFO 2026-03-12 12:57:53,634 basehttp 18376 10892 "GET / HTTP/1.1" 302 0
INFO 2026-03-12 12:57:53,782 basehttp 18376 10892 "GET /sat/ HTTP/1.1" 200 6908
INFO 2026-03-12 12:57:55,619 basehttp 18376 10892 "GET /logout/ HTTP/1.1" 302 0
INFO 2026-03-12 12:57:55,643 basehttp 18376 10892 "GET /login/ HTTP/1.1" 200 2555
INFO 2026-03-12 12:58:08,973 autoreload 23436 23088 Watching for file changes with StatReloader
INFO 2026-03-12 12:58:14,884 basehttp 23436 15964 "GET / HTTP/1.1" 302 0
INFO 2026-03-12 12:58:14,919 basehttp 23436 15964 "GET /login/?next=/ HTTP/1.1" 200 2555
INFO 2026-03-12 12:58:27,044 basehttp 23436 15964 "POST /login/?next=/ HTTP/1.1" 302 0
INFO 2026-03-12 12:58:27,182 basehttp 23436 15964 "GET /sat/ HTTP/1.1" 200 6908
INFO 2026-03-12 12:58:29,383 basehttp 23436 15964 "GET /sat/practice-tests/ HTTP/1.1" 200 29829
WARNING 2026-03-12 12:58:29,708 basehttp 23436 15964 "GET /static/assets/img/tests/%2054.png HTTP/1.1" 404 2001
WARNING 2026-03-12 12:58:29,710 basehttp 23436 15152 "GET /static/assets/img/tests/%2055.png HTTP/1.1" 404 2001
WARNING 2026-03-12 12:58:29,724 basehttp 23436 27080 "GET /static/assets/img/tests/56.png HTTP/1.1" 404 1996
WARNING 2026-03-12 12:58:29,738 basehttp 23436 22668 "GET /static/assets/img/tests/%2057.png HTTP/1.1" 404 2001
ERROR 2026-03-12 12:59:06,309 basehttp 23436 10644 "GET /sat/ HTTP/1.1" 500 217801
ERROR 2026-03-12 12:59:08,342 basehttp 23436 10644 "GET /sat/ HTTP/1.1" 500 217801
INFO 2026-03-12 12:59:10,750 basehttp 23436 10644 "GET / HTTP/1.1" 302 0
ERROR 2026-03-12 12:59:11,014 basehttp 23436 10644 "GET /sat/ HTTP/1.1" 500 217500
INFO 2026-03-12 22:32:59,592 autoreload 23444 15988 Watching for file changes with StatReloader
INFO 2026-03-12 22:33:03,251 basehttp 23444 13948 "GET / HTTP/1.1" 302 0
INFO 2026-03-12 22:33:03,434 basehttp 23444 13948 "GET /sat/ HTTP/1.1" 200 7740
INFO 2026-03-12 22:33:03,764 basehttp 23444 13948 "GET /static/assets/img/icon_dashboard.png HTTP/1.1" 304 0
INFO 2026-03-12 22:33:09,473 basehttp 23444 13948 "GET / HTTP/1.1" 302 0
INFO 2026-03-12 22:33:09,643 basehttp 23444 13948 "GET /sat/ HTTP/1.1" 200 7740
INFO 2026-03-12 22:33:11,448 basehttp 23444 13948 "GET /sat/ HTTP/1.1" 200 7740
INFO 2026-03-12 22:33:15,926 basehttp 23444 13948 "GET /sat/admin-panel/ HTTP/1.1" 200 11757
INFO 2026-03-12 22:33:18,212 basehttp 23444 13948 "GET /edit-profile/ HTTP/1.1" 200 5720
INFO 2026-03-12 22:33:42,921 basehttp 23444 13948 "GET /sat/ HTTP/1.1" 200 7740
INFO 2026-03-12 22:33:44,170 basehttp 23444 13948 "GET / HTTP/1.1" 302 0
INFO 2026-03-12 22:33:44,324 basehttp 23444 13948 "GET /sat/ HTTP/1.1" 200 7740
INFO 2026-03-12 22:33:45,874 basehttp 23444 13948 "GET /sat/ HTTP/1.1" 200 7740
ERROR 2026-03-12 22:33:50,779 basehttp 23444 13948 "GET /sat/enter-code/ HTTP/1.1" 500 137462
INFO 2026-03-12 22:33:54,697 basehttp 23444 13948 "GET /sat/admin-panel/ HTTP/1.1" 200 11757
INFO 2026-03-12 22:33:58,126 basehttp 23444 13948 "GET /logout/ HTTP/1.1" 302 0
INFO 2026-03-12 22:33:58,142 basehttp 23444 13948 "GET /login/ HTTP/1.1" 200 2555
INFO 2026-03-12 22:34:06,927 basehttp 23444 13948 "POST /login/ HTTP/1.1" 302 0
INFO 2026-03-12 22:34:07,089 basehttp 23444 13948 "GET /sat/ HTTP/1.1" 200 7740
INFO 2026-03-12 22:36:36,166 basehttp 23444 13948 "GET /sat/practice-tests/ HTTP/1.1" 200 30661
WARNING 2026-03-12 22:36:36,555 basehttp 23444 13948 "GET /static/assets/img/tests/%2054.png HTTP/1.1" 404 2001
WARNING 2026-03-12 22:36:36,618 basehttp 23444 26264 "GET /static/assets/img/tests/56.png HTTP/1.1" 404 1996
WARNING 2026-03-12 22:36:36,618 basehttp 23444 5128 "GET /static/assets/img/tests/%2055.png HTTP/1.1" 404 2001
WARNING 2026-03-12 22:36:36,636 basehttp 23444 16404 "GET /static/assets/img/tests/%2057.png HTTP/1.1" 404 2001
INFO 2026-03-12 22:36:42,825 basehttp 23444 24456 "GET / HTTP/1.1" 302 0
INFO 2026-03-12 22:36:43,052 basehttp 23444 24456 "GET /sat/ HTTP/1.1" 200 7740
INFO 2026-03-12 22:36:44,193 basehttp 23444 24456 "GET /sat/vocabulary/ HTTP/1.1" 200 5214
INFO 2026-03-12 22:36:45,643 basehttp 23444 24456 "GET / HTTP/1.1" 302 0
INFO 2026-03-12 22:36:45,802 basehttp 23444 24456 "GET /sat/ HTTP/1.1" 200 7740
INFO 2026-03-12 22:36:46,836 basehttp 23444 24456 "GET /sat/admissions/ HTTP/1.1" 200 5188
INFO 2026-03-12 22:36:48,094 basehttp 23444 24456 "GET / HTTP/1.1" 302 0
INFO 2026-03-12 22:36:48,269 basehttp 23444 24456 "GET /sat/ HTTP/1.1" 200 7740
INFO 2026-03-12 22:36:50,281 basehttp 23444 24456 "GET /sat/admissions/ HTTP/1.1" 200 5188
INFO 2026-03-12 22:36:51,564 basehttp 23444 24456 "GET /edit-profile/ HTTP/1.1" 200 5720
INFO 2026-03-12 22:37:05,370 basehttp 23444 24456 "GET / HTTP/1.1" 302 0
INFO 2026-03-12 22:37:05,514 basehttp 23444 24456 "GET /sat/ HTTP/1.1" 200 7740
ERROR 2026-03-12 22:38:35,118 basehttp 23444 24456 "GET /sat/enter-code/ HTTP/1.1" 500 137462
INFO 2026-03-12 22:38:39,910 basehttp 23444 24456 "GET /sat/admin-panel/ HTTP/1.1" 200 11757
INFO 2026-03-12 22:38:41,958 basehttp 23444 24456 "GET /edit-profile/ HTTP/1.1" 200 5720
ERROR 2026-03-12 22:42:30,866 basehttp 23444 24456 "GET /sat/enter-code/ HTTP/1.1" 500 137474
INFO 2026-03-12 22:52:02,726 basehttp 23444 24784 "GET /edit-profile/ HTTP/1.1" 200 5720
INFO 2026-03-12 23:45:04,999 basehttp 23444 23676 "GET / HTTP/1.1" 302 0
INFO 2026-03-12 23:45:05,298 basehttp 23444 23676 "GET /sat/ HTTP/1.1" 200 7742
INFO 2026-03-12 23:56:11,224 basehttp 23444 23180 "GET /sat/practice-tests/ HTTP/1.1" 200 30663
WARNING 2026-03-12 23:56:11,831 basehttp 23444 2036 "GET /static/assets/img/tests/56.png HTTP/1.1" 404 1996
WARNING 2026-03-12 23:56:11,835 basehttp 23444 25716 "GET /static/assets/img/tests/%2057.png HTTP/1.1" 404 2001
WARNING 2026-03-12 23:56:11,839 basehttp 23444 23180 "GET /static/assets/img/tests/%2054.png HTTP/1.1" 404 2001
WARNING 2026-03-12 23:56:11,867 basehttp 23444 26956 "GET /static/assets/img/tests/%2055.png HTTP/1.1" 404 2001
INFO 2026-03-13 00:01:35,406 basehttp 23444 29204 "GET /sat/practice-tests/ HTTP/1.1" 200 30663
WARNING 2026-03-13 00:01:35,940 basehttp 23444 29204 "GET /static/assets/img/tests/%2054.png HTTP/1.1" 404 2001
WARNING 2026-03-13 00:01:35,942 basehttp 23444 26992 "GET /static/assets/img/tests/%2055.png HTTP/1.1" 404 2001
WARNING 2026-03-13 00:01:35,979 basehttp 23444 26208 "GET /static/assets/img/tests/56.png HTTP/1.1" 404 1996
WARNING 2026-03-13 00:01:35,981 basehttp 23444 12820 "GET /static/assets/img/tests/%2057.png HTTP/1.1" 404 2001
INFO 2026-03-13 00:01:37,193 basehttp 23444 1516 "GET / HTTP/1.1" 302 0
INFO 2026-03-13 00:01:37,426 basehttp 23444 1516 "GET /sat/ HTTP/1.1" 200 7742
INFO 2026-03-13 00:01:37,580 basehttp 23444 1516 "GET /static/assets/img/icon_dashboard.png HTTP/1.1" 304 0
INFO 2026-03-13 00:01:39,012 basehttp 23444 1516 "GET /sat/ HTTP/1.1" 200 7742
INFO 2026-03-13 00:01:41,488 basehttp 23444 1516 "GET /edit-profile/ HTTP/1.1" 200 5720
INFO 2026-03-13 00:01:59,036 basehttp 23444 1516 "GET /sat/enter-code/ HTTP/1.1" 200 10327
INFO 2026-03-13 00:02:02,250 basehttp 23444 1516 "GET /sat/ HTTP/1.1" 200 7742
INFO 2026-03-13 00:02:04,948 basehttp 23444 1516 "GET /sat/enter-code/ HTTP/1.1" 200 10327
INFO 2026-03-13 00:02:09,416 basehttp 23444 1516 "GET /edit-profile/ HTTP/1.1" 200 5720
INFO 2026-03-13 00:04:50,428 basehttp 23444 1516 "GET / HTTP/1.1" 302 0
INFO 2026-03-13 00:04:50,655 basehttp 23444 1516 "GET /sat/ HTTP/1.1" 200 7742
INFO 2026-03-13 00:05:49,145 basehttp 23444 1516 "GET /edit-profile/ HTTP/1.1" 200 5720
INFO 2026-03-13 00:06:16,115 autoreload 7124 13428 Watching for file changes with StatReloader
INFO 2026-03-13 00:06:42,817 basehttp 7124 20872 "GET /sat/enter-code/ HTTP/1.1" 200 10327
INFO 2026-03-13 00:06:45,065 basehttp 7124 20872 "GET /edit-profile/ HTTP/1.1" 200 5720
INFO 2026-03-13 00:06:49,132 basehttp 7124 20872 "GET /edit-profile/ HTTP/1.1" 200 5720
INFO 2026-03-13 00:08:11,252 basehttp 7124 22132 "GET / HTTP/1.1" 302 0
INFO 2026-03-13 00:08:11,468 basehttp 7124 22132 "GET /sat/ HTTP/1.1" 200 7742
INFO 2026-03-13 00:08:14,309 basehttp 7124 22132 "GET / HTTP/1.1" 302 0
INFO 2026-03-13 00:08:14,490 basehttp 7124 22132 "GET /sat/ HTTP/1.1" 200 7742
INFO 2026-03-13 00:08:15,669 basehttp 7124 22132 "GET /sat/ HTTP/1.1" 200 7742
INFO 2026-03-13 00:08:19,257 basehttp 7124 22132 "GET /edit-profile/ HTTP/1.1" 200 5720
INFO 2026-03-13 00:18:03,108 basehttp 7124 11808 "GET / HTTP/1.1" 302 0
INFO 2026-03-13 00:18:03,347 basehttp 7124 11808 "GET /sat/ HTTP/1.1" 200 7742
INFO 2026-03-13 00:18:07,816 basehttp 7124 11808 "GET /edit-profile/ HTTP/1.1" 200 8674
INFO 2026-03-13 00:18:21,222 basehttp 7124 11808 "GET /sat/enter-code/ HTTP/1.1" 200 10327
INFO 2026-03-13 00:18:23,945 basehttp 7124 11808 "GET /sat/admin-panel/ HTTP/1.1" 200 11759
INFO 2026-03-13 00:18:28,594 basehttp 7124 11808 "GET /sat/admin-panel/mocks/ HTTP/1.1" 200 21761
INFO 2026-03-13 00:18:33,716 basehttp 7124 11808 "GET /sat/admin-panel/mocks/18/ HTTP/1.1" 200 12924
INFO 2026-03-13 00:18:43,905 basehttp 7124 5404 "GET / HTTP/1.1" 302 0
INFO 2026-03-13 00:18:44,059 basehttp 7124 5404 "GET /login/?next=/ HTTP/1.1" 200 2555
INFO 2026-03-13 00:18:44,430 basehttp 7124 17328 "GET /static/assets/img/icons/white-icon-nobg.png HTTP/1.1" 200 84649
INFO 2026-03-13 00:18:44,456 basehttp 7124 5404 "GET /static/assets/css/makon-style.css HTTP/1.1" 200 2986
INFO 2026-03-13 00:18:44,561 basehttp 7124 2024 "GET /static/assets/js/login-main.js HTTP/1.1" 200 517
INFO 2026-03-13 00:18:44,599 basehttp 7124 2024 "GET /static/assets/img/icons/original-icon-nobg.png HTTP/1.1" 200 91518
INFO 2026-03-13 00:18:52,420 basehttp 7124 2024 "POST /login/?next=/ HTTP/1.1" 302 0
INFO 2026-03-13 00:18:52,565 basehttp 7124 2024 "GET /sat/ HTTP/1.1" 200 7556
INFO 2026-03-13 00:18:52,689 basehttp 7124 2024 "GET /static/font-awesome-4.7.0/css/font-awesome.min.css HTTP/1.1" 200 31000
INFO 2026-03-13 00:18:52,690 basehttp 7124 29040 "GET /static/assets/vendor/glightbox/css/glightbox.min.css HTTP/1.1" 200 13749
INFO 2026-03-13 00:18:52,690 basehttp 7124 26092 "GET /static/assets/vendor/aos/aos.css HTTP/1.1" 200 28765
INFO 2026-03-13 00:18:52,705 basehttp 7124 29212 "GET /static/assets/vendor/swiper/swiper-bundle.min.css HTTP/1.1" 200 18432
INFO 2026-03-13 00:18:52,707 basehttp 7124 17328 "GET /static/assets/vendor/bootstrap-icons/bootstrap-icons.css HTTP/1.1" 200 98255
INFO 2026-03-13 00:18:52,720 basehttp 7124 5404 "GET /static/assets/vendor/bootstrap/css/bootstrap.min.css HTTP/1.1" 200 232803
INFO 2026-03-13 00:18:52,729 basehttp 7124 29040 "GET /static/assets/img/icon_dashboard.png HTTP/1.1" 200 10539
INFO 2026-03-13 00:18:52,730 basehttp 7124 2024 "GET /static/assets/css/main.css HTTP/1.1" 200 50430
INFO 2026-03-13 00:18:52,853 basehttp 7124 5404 "GET /static/assets/vendor/purecounter/purecounter_vanilla.js HTTP/1.1" 200 5417
INFO 2026-03-13 00:18:52,919 basehttp 7124 26092 "GET /static/assets/vendor/bootstrap/js/bootstrap.bundle.min.js HTTP/1.1" 200 80721
INFO 2026-03-13 00:18:52,953 basehttp 7124 5404 "GET /static/assets/vendor/php-email-form/validate.js HTTP/1.1" 200 2734
INFO 2026-03-13 00:18:52,965 basehttp 7124 2024 "GET /static/assets/vendor/swiper/swiper-bundle.min.js HTTP/1.1" 200 149982
INFO 2026-03-13 00:18:52,997 basehttp 7124 26092 "GET /static/assets/js/main.js HTTP/1.1" 200 7526
INFO 2026-03-13 00:18:53,004 basehttp 7124 29212 "GET /static/assets/vendor/aos/aos.js HTTP/1.1" 200 13800
INFO 2026-03-13 00:18:53,075 basehttp 7124 29040 "GET /static/assets/vendor/isotope-layout/isotope.pkgd.min.js HTTP/1.1" 200 35445
INFO 2026-03-13 00:18:53,208 basehttp 7124 17328 "GET /static/assets/vendor/glightbox/js/glightbox.min.js HTTP/1.1" 200 56300
INFO 2026-03-13 00:18:53,217 basehttp 7124 29212 "GET /static/font-awesome-4.7.0/fonts/fontawesome-webfont.woff2?v=4.7.0 HTTP/1.1" 200 77160
INFO 2026-03-13 00:18:53,217 basehttp 7124 29040 "GET /static/assets/vendor/bootstrap-icons/fonts/bootstrap-icons.woff2?dd67030699838ea613ee6dbda90effa6 HTTP/1.1" 200 130396
INFO 2026-03-13 00:18:59,754 basehttp 7124 29040 "GET /edit-profile/ HTTP/1.1" 200 7251
INFO 2026-03-13 00:19:03,531 basehttp 7124 29040 "GET / HTTP/1.1" 302 0
INFO 2026-03-13 00:19:03,689 basehttp 7124 29040 "GET /sat/ HTTP/1.1" 200 7556
INFO 2026-03-13 00:19:05,335 basehttp 7124 29040 "GET /sat/practice-tests/ HTTP/1.1" 200 7219
INFO 2026-03-13 00:19:05,412 basehttp 7124 29040 "GET /static/assets/css/makon-dashboard.css HTTP/1.1" 200 4958
INFO 2026-03-13 00:19:08,140 basehttp 7124 29040 "GET /sat/enter-code/ HTTP/1.1" 200 10141
INFO 2026-03-13 00:19:17,397 basehttp 7124 29040 "POST /sat/enter-code/ HTTP/1.1" 302 0
INFO 2026-03-13 00:19:17,675 basehttp 7124 29040 "GET /sat/practise/DAY11 HTTP/1.1" 200 7814
INFO 2026-03-13 00:19:18,979 basehttp 7124 29040 "GET /static/assets/img/favicon.png HTTP/1.1" 200 491
INFO 2026-03-13 00:19:22,327 basehttp 7124 29040 "GET /sat/practise/DAY11/start HTTP/1.1" 200 58620
INFO 2026-03-13 00:19:22,379 basehttp 7124 29212 "GET /static/assets/img/bookmark_empty.png HTTP/1.1" 200 1078
INFO 2026-03-13 00:19:22,379 basehttp 7124 17328 "GET /static/assets/img/crossAbc.png HTTP/1.1" 200 4685
INFO 2026-03-13 00:19:22,409 basehttp 7124 29040 "GET /static/assets/css/makon-eng.css HTTP/1.1" 200 8041
WARNING 2026-03-13 00:19:23,876 basehttp 7124 29040 "GET /favicon.ico HTTP/1.1" 404 4513
INFO 2026-03-13 00:19:24,213 basehttp 7124 29040 "GET /static/assets/img/crossAbcActive.png HTTP/1.1" 200 5537
INFO 2026-03-13 00:20:15,778 basehttp 7124 29040 "POST /sat/check_the_answers HTTP/1.1" 200 11
INFO 2026-03-13 00:20:16,065 basehttp 7124 29040 "GET /sat/practise/DAY11/start HTTP/1.1" 200 59226
INFO 2026-03-13 00:20:23,192 basehttp 7124 29040 "POST /sat/check_the_answers HTTP/1.1" 200 11
INFO 2026-03-13 00:20:28,124 basehttp 7124 29040 "GET /sat/practise/DAY11/start HTTP/1.1" 200 50420
INFO 2026-03-13 00:20:28,203 basehttp 7124 29040 "GET /static/assets/css/makon-math.css HTTP/1.1" 200 7442
INFO 2026-03-13 00:21:30,125 basehttp 7124 11808 "GET /edit-profile/ HTTP/1.1" 200 8674
INFO 2026-03-13 00:21:33,485 basehttp 7124 11808 "GET / HTTP/1.1" 302 0
INFO 2026-03-13 00:21:33,637 basehttp 7124 11808 "GET /sat/ HTTP/1.1" 200 7742
INFO 2026-03-13 00:21:36,433 basehttp 7124 11808 "GET /sat/ HTTP/1.1" 200 7742
INFO 2026-03-13 00:21:37,608 basehttp 7124 11808 "GET / HTTP/1.1" 302 0
INFO 2026-03-13 00:21:37,757 basehttp 7124 11808 "GET /sat/ HTTP/1.1" 200 7742
WARNING 2026-03-13 00:23:03,348 basehttp 7124 11808 "GET /welcome HTTP/1.1" 404 4501
WARNING 2026-03-13 00:26:34,688 basehttp 7124 9328 "GET /welcome HTTP/1.1" 404 4501
INFO 2026-03-13 00:26:37,299 basehttp 7124 9328 "GET / HTTP/1.1" 302 0
INFO 2026-03-13 00:26:37,507 basehttp 7124 9328 "GET /sat/ HTTP/1.1" 200 7694
INFO 2026-03-13 00:26:39,764 basehttp 7124 9328 "GET / HTTP/1.1" 302 0
INFO 2026-03-13 00:26:39,910 basehttp 7124 9328 "GET /sat/ HTTP/1.1" 200 7694
INFO 2026-03-13 00:26:42,634 basehttp 7124 9328 "GET /edit-profile/ HTTP/1.1" 200 8626
INFO 2026-03-13 00:26:46,673 basehttp 7124 9328 "GET / HTTP/1.1" 302 0
INFO 2026-03-13 00:26:46,837 basehttp 7124 9328 "GET /sat/ HTTP/1.1" 200 7694
INFO 2026-03-13 00:26:48,680 basehttp 7124 9328 "GET /sat/practice-tests/ HTTP/1.1" 200 30615
WARNING 2026-03-13 00:26:49,110 basehttp 7124 9328 "GET /static/assets/img/tests/%2054.png HTTP/1.1" 404 2001
WARNING 2026-03-13 00:26:49,120 basehttp 7124 25748 "GET /static/assets/img/tests/%2055.png HTTP/1.1" 404 2001
WARNING 2026-03-13 00:26:49,153 basehttp 7124 6436 "GET /static/assets/img/tests/%2057.png HTTP/1.1" 404 2001
WARNING 2026-03-13 00:26:49,155 basehttp 7124 10020 "GET /static/assets/img/tests/56.png HTTP/1.1" 404 1996
INFO 2026-03-13 00:26:56,845 basehttp 7124 16912 "GET / HTTP/1.1" 302 0
INFO 2026-03-13 00:26:57,046 basehttp 7124 16912 "GET /sat/ HTTP/1.1" 200 7694
INFO 2026-03-13 00:26:58,484 basehttp 7124 16912 "GET /sat/vocabulary/ HTTP/1.1" 200 5168
INFO 2026-03-13 00:27:01,014 basehttp 7124 16912 "GET /sat/admissions/ HTTP/1.1" 200 5142
INFO 2026-03-13 00:27:49,121 basehttp 7124 16912 "GET /sat/ HTTP/1.1" 200 7800
INFO 2026-03-13 00:27:52,710 basehttp 7124 16912 "GET / HTTP/1.1" 302 0
INFO 2026-03-13 00:27:52,945 basehttp 7124 16912 "GET /sat/ HTTP/1.1" 200 7800
INFO 2026-03-13 00:27:54,926 basehttp 7124 16912 "GET /edit-profile/ HTTP/1.1" 200 8732
INFO 2026-03-13 00:27:57,030 basehttp 7124 16912 "GET /sat/enter-code/ HTTP/1.1" 200 10385
INFO 2026-03-13 00:27:59,031 basehttp 7124 16912 "GET /sat/admin-panel/ HTTP/1.1" 200 11817
INFO 2026-03-13 00:28:01,306 basehttp 7124 16912 "GET /logout/ HTTP/1.1" 302 0
INFO 2026-03-13 00:28:01,325 basehttp 7124 16912 "GET /login/ HTTP/1.1" 200 2555
INFO 2026-03-13 00:28:10,759 basehttp 7124 16912 "POST /login/ HTTP/1.1" 302 0
INFO 2026-03-13 00:28:10,959 basehttp 7124 16912 "GET /sat/ HTTP/1.1" 200 7800
INFO 2026-03-13 00:28:15,166 basehttp 7124 16912 "GET /sat/practice-tests/ HTTP/1.1" 200 30721
WARNING 2026-03-13 00:28:15,559 basehttp 7124 16912 "GET /static/assets/img/tests/%2054.png HTTP/1.1" 404 2001
WARNING 2026-03-13 00:28:15,561 basehttp 7124 14172 "GET /static/assets/img/tests/%2055.png HTTP/1.1" 404 2001
WARNING 2026-03-13 00:28:15,586 basehttp 7124 11360 "GET /static/assets/img/tests/56.png HTTP/1.1" 404 1996
WARNING 2026-03-13 00:28:15,588 basehttp 7124 26312 "GET /static/assets/img/tests/%2057.png HTTP/1.1" 404 2001
INFO 2026-03-13 00:28:19,274 basehttp 7124 23840 "GET / HTTP/1.1" 302 0
INFO 2026-03-13 00:28:19,440 basehttp 7124 23840 "GET /sat/ HTTP/1.1" 200 7800
INFO 2026-03-13 00:28:20,734 basehttp 7124 23840 "GET /sat/vocabulary/ HTTP/1.1" 200 5274
INFO 2026-03-13 00:28:23,920 basehttp 7124 23840 "GET /sat/admissions/ HTTP/1.1" 200 5248
INFO 2026-03-13 00:28:26,205 basehttp 7124 23840 "GET /sat/practice-tests/ HTTP/1.1" 200 30721
WARNING 2026-03-13 00:28:26,327 basehttp 7124 23840 "GET /static/assets/img/tests/%2054.png HTTP/1.1" 404 2001
WARNING 2026-03-13 00:28:26,363 basehttp 7124 28612 "GET /static/assets/img/tests/%2055.png HTTP/1.1" 404 2001
WARNING 2026-03-13 00:28:26,382 basehttp 7124 4136 "GET /static/assets/img/tests/56.png HTTP/1.1" 404 1996
WARNING 2026-03-13 00:28:26,391 basehttp 7124 28144 "GET /static/assets/img/tests/%2057.png HTTP/1.1" 404 2001
INFO 2026-03-13 00:28:58,702 basehttp 7124 23320 "GET / HTTP/1.1" 302 0
INFO 2026-03-13 00:28:58,899 basehttp 7124 23320 "GET /sat/ HTTP/1.1" 200 7800
INFO 2026-03-13 00:39:44,937 autoreload 7124 13428 C:\Users\turgu\OneDrive\Desktop\makonbook-master\makonbook-master\apps\sat\views.py changed, reloading.
INFO 2026-03-13 00:39:49,313 autoreload 17872 5140 Watching for file changes with StatReloader
INFO 2026-03-13 00:42:49,322 autoreload 17872 5140 C:\Users\turgu\OneDrive\Desktop\makonbook-master\makonbook-master\apps\sat\views.py changed, reloading.
INFO 2026-03-13 00:42:53,134 autoreload 14560 23164 Watching for file changes with StatReloader
INFO 2026-03-13 00:44:27,254 autoreload 14560 23164 C:\Users\turgu\OneDrive\Desktop\makonbook-master\makonbook-master\apps\sat\urls.py changed, reloading.
INFO 2026-03-13 00:44:32,125 autoreload 1360 11524 Watching for file changes with StatReloader
INFO 2026-03-13 00:48:56,533 autoreload 1360 11524 C:\Users\turgu\OneDrive\Desktop\makonbook-master\makonbook-master\apps\sat\views.py changed, reloading.
INFO 2026-03-13 00:48:59,254 autoreload 28072 5300 Watching for file changes with StatReloader
INFO 2026-03-13 00:50:13,661 autoreload 28072 5300 C:\Users\turgu\OneDrive\Desktop\makonbook-master\makonbook-master\apps\sat\views.py changed, reloading.
INFO 2026-03-13 00:50:17,448 autoreload 25888 9256 Watching for file changes with StatReloader
INFO 2026-03-13 00:51:48,780 autoreload 25888 9256 C:\Users\turgu\OneDrive\Desktop\makonbook-master\makonbook-master\apps\sat\views.py changed, reloading.
INFO 2026-03-13 00:51:52,011 autoreload 15072 27808 Watching for file changes with StatReloader
INFO 2026-03-13 00:52:55,176 autoreload 15072 27808 C:\Users\turgu\OneDrive\Desktop\makonbook-master\makonbook-master\apps\sat\views.py changed, reloading.
INFO 2026-03-13 00:52:58,443 autoreload 8048 1684 Watching for file changes with StatReloader
INFO 2026-03-13 00:53:22,686 autoreload 8048 1684 C:\Users\turgu\OneDrive\Desktop\makonbook-master\makonbook-master\apps\sat\views.py changed, reloading.
INFO 2026-03-13 00:53:25,619 autoreload 28084 14884 Watching for file changes with StatReloader
INFO 2026-03-13 00:54:25,083 basehttp 28084 2964 "GET / HTTP/1.1" 302 0
INFO 2026-03-13 00:54:25,297 basehttp 28084 2964 "GET /sat/ HTTP/1.1" 200 7800
INFO 2026-03-13 00:54:32,253 basehttp 28084 2964 "GET /edit-profile/ HTTP/1.1" 200 8732
INFO 2026-03-13 00:54:35,544 basehttp 28084 2964 "GET /sat/enter-code/ HTTP/1.1" 200 10385
INFO 2026-03-13 00:54:39,457 basehttp 28084 2964 "GET /sat/admin-panel/ HTTP/1.1" 200 11817
INFO 2026-03-13 00:54:41,865 basehttp 28084 2964 "GET /sat/practice-tests/ HTTP/1.1" 200 30710
WARNING 2026-03-13 00:54:42,290 basehttp 28084 4292 "GET /static/assets/img/tests/%2055.png HTTP/1.1" 404 2001
WARNING 2026-03-13 00:54:42,290 basehttp 28084 2964 "GET /static/assets/img/tests/%2054.png HTTP/1.1" 404 2001
WARNING 2026-03-13 00:54:42,327 basehttp 28084 2144 "GET /static/assets/img/tests/56.png HTTP/1.1" 404 1996
WARNING 2026-03-13 00:54:42,335 basehttp 28084 21560 "GET /static/assets/img/tests/%2057.png HTTP/1.1" 404 2001
INFO 2026-03-13 00:54:48,874 basehttp 28084 7432 "GET /sat/vocabulary/ HTTP/1.1" 200 6144
INFO 2026-03-13 00:54:55,590 basehttp 28084 7432 "GET /sat/admissions/ HTTP/1.1" 200 6167
INFO 2026-03-13 00:54:57,582 basehttp 28084 7432 "GET /sat/practice-tests/ HTTP/1.1" 200 30710
WARNING 2026-03-13 00:54:57,742 basehttp 28084 7432 "GET /static/assets/img/tests/%2054.png HTTP/1.1" 404 2001
WARNING 2026-03-13 00:54:57,777 basehttp 28084 17740 "GET /static/assets/img/tests/%2055.png HTTP/1.1" 404 2001
WARNING 2026-03-13 00:54:57,806 basehttp 28084 24780 "GET /static/assets/img/tests/56.png HTTP/1.1" 404 1996
WARNING 2026-03-13 00:54:57,807 basehttp 28084 23116 "GET /static/assets/img/tests/%2057.png HTTP/1.1" 404 2001
INFO 2026-03-13 00:55:21,640 basehttp 28084 29096 "GET /sat/vocabulary/ HTTP/1.1" 200 6144
INFO 2026-03-13 01:02:45,869 basehttp 28084 11520 "GET /sat HTTP/1.1" 301 0
INFO 2026-03-13 01:02:46,240 basehttp 28084 24228 "GET /sat/ HTTP/1.1" 200 7800
INFO 2026-03-13 01:02:48,978 basehttp 28084 24228 "GET / HTTP/1.1" 302 0
INFO 2026-03-13 01:02:49,253 basehttp 28084 24228 "GET /sat/ HTTP/1.1" 200 7800
INFO 2026-03-13 01:02:53,638 basehttp 28084 24228 "GET /sat/practice-tests/ HTTP/1.1" 200 30710
WARNING 2026-03-13 01:02:54,000 basehttp 28084 26348 "GET /static/assets/img/tests/%2055.png HTTP/1.1" 404 2001
WARNING 2026-03-13 01:02:54,008 basehttp 28084 24228 "GET /static/assets/img/tests/%2054.png HTTP/1.1" 404 2001
WARNING 2026-03-13 01:02:54,035 basehttp 28084 20736 "GET /static/assets/img/tests/%2057.png HTTP/1.1" 404 2001
WARNING 2026-03-13 01:02:54,037 basehttp 28084 24744 "GET /static/assets/img/tests/56.png HTTP/1.1" 404 1996
INFO 2026-03-13 01:02:57,516 basehttp 28084 25696 "GET /sat/vocabulary/ HTTP/1.1" 200 6028
WARNING 2026-03-13 01:02:57,637 basehttp 28084 25696 "GET /static/assets/img/icons/icon_vocab.png HTTP/1.1" 404 2020
INFO 2026-03-13 01:03:06,094 basehttp 28084 2444 "GET /sat/admissions/ HTTP/1.1" 200 6050
WARNING 2026-03-13 01:03:06,224 basehttp 28084 2444 "GET /static/assets/img/icons/icon_vocab.png HTTP/1.1" 404 2020
INFO 2026-03-13 01:04:47,358 basehttp 28084 24512 "GET /sat/ HTTP/1.1" 200 7800
INFO 2026-03-13 01:04:49,100 basehttp 28084 24512 "GET /sat/practice-tests/ HTTP/1.1" 200 30788
WARNING 2026-03-13 01:04:49,441 basehttp 28084 24512 "GET /static/assets/img/tests/%2054.png HTTP/1.1" 404 2001
WARNING 2026-03-13 01:04:49,455 basehttp 28084 29488 "GET /static/assets/img/tests/%2055.png HTTP/1.1" 404 2001
WARNING 2026-03-13 01:04:49,491 basehttp 28084 1380 "GET /static/assets/img/tests/56.png HTTP/1.1" 404 1996
WARNING 2026-03-13 01:04:49,491 basehttp 28084 27376 "GET /static/assets/img/tests/%2057.png HTTP/1.1" 404 2001
INFO 2026-03-13 01:04:51,376 basehttp 28084 27780 "GET /sat/vocabulary/ HTTP/1.1" 200 6224
INFO 2026-03-13 01:04:59,229 basehttp 28084 27780 "GET /sat/admissions/ HTTP/1.1" 200 6247
INFO 2026-03-13 01:05:01,340 basehttp 28084 27780 "GET /sat/practice-tests/ HTTP/1.1" 200 30788
WARNING 2026-03-13 01:05:01,460 basehttp 28084 27780 "GET /static/assets/img/tests/%2054.png HTTP/1.1" 404 2001
WARNING 2026-03-13 01:05:01,494 basehttp 28084 28448 "GET /static/assets/img/tests/%2055.png HTTP/1.1" 404 2001
WARNING 2026-03-13 01:05:01,525 basehttp 28084 13336 "GET /static/assets/img/tests/56.png HTTP/1.1" 404 1996
WARNING 2026-03-13 01:05:01,527 basehttp 28084 26264 "GET /static/assets/img/tests/%2057.png HTTP/1.1" 404 2001
INFO 2026-03-13 01:06:22,755 basehttp 28084 24880 "GET /sat/ HTTP/1.1" 200 7800
INFO 2026-03-13 01:06:25,076 basehttp 28084 24880 "GET /sat/practice-tests/ HTTP/1.1" 200 30800
WARNING 2026-03-13 01:06:25,165 basehttp 28084 24880 "GET /static/assets/img/tests/%2054.png HTTP/1.1" 404 2001
WARNING 2026-03-13 01:06:25,185 basehttp 28084 29120 "GET /static/assets/img/tests/%2055.png HTTP/1.1" 404 2001
WARNING 2026-03-13 01:06:25,213 basehttp 28084 3860 "GET /static/assets/img/tests/56.png HTTP/1.1" 404 1996
WARNING 2026-03-13 01:06:25,215 basehttp 28084 23428 "GET /static/assets/img/tests/%2057.png HTTP/1.1" 404 2001
INFO 2026-03-13 01:06:28,274 basehttp 28084 21148 "GET /sat/vocabulary/ HTTP/1.1" 200 6232
INFO 2026-03-13 01:06:30,787 basehttp 28084 21148 "GET /sat/admissions/ HTTP/1.1" 200 6255
INFO 2026-03-13 01:12:01,426 basehttp 28084 27064 "GET / HTTP/1.1" 302 0
INFO 2026-03-13 01:12:01,630 basehttp 28084 27064 "GET /sat/ HTTP/1.1" 200 7800
ERROR 2026-03-13 01:12:14,142 basehttp 28084 27064 "GET /sat/vocabulary/ HTTP/1.1" 500 190346
INFO 2026-03-13 01:12:29,417 basehttp 28084 27064 "GET /sat/practice-tests/ HTTP/1.1" 200 30800
WARNING 2026-03-13 01:12:29,811 basehttp 28084 27064 "GET /static/assets/img/tests/%2054.png HTTP/1.1" 404 2001
WARNING 2026-03-13 01:12:29,853 basehttp 28084 21080 "GET /static/assets/img/tests/%2055.png HTTP/1.1" 404 2001
WARNING 2026-03-13 01:12:29,881 basehttp 28084 26856 "GET /static/assets/img/tests/56.png HTTP/1.1" 404 1996
WARNING 2026-03-13 01:12:29,891 basehttp 28084 26056 "GET /static/assets/img/tests/%2057.png HTTP/1.1" 404 2001
INFO 2026-03-13 01:12:32,434 basehttp 28084 19048 "GET /sat/admissions/ HTTP/1.1" 200 6255
ERROR 2026-03-13 01:12:34,658 basehttp 28084 19048 "GET /sat/vocabulary/ HTTP/1.1" 500 190346
INFO 2026-03-13 01:15:47,172 basehttp 28084 19048 "GET /sat/ HTTP/1.1" 200 7800
INFO 2026-03-13 01:15:48,633 basehttp 28084 19048 "GET /sat/vocabulary/ HTTP/1.1" 200 9193
INFO 2026-03-13 01:20:18,104 basehttp 28084 12492 "GET /sat/vocabulary/ HTTP/1.1" 200 9448
INFO 2026-03-13 01:20:31,149 autoreload 12232 21316 Watching for file changes with StatReloader
INFO 2026-03-13 01:20:34,722 basehttp 12232 24632 "GET /sat/vocabulary/ HTTP/1.1" 200 9448
INFO 2026-03-13 01:20:44,696 basehttp 12232 24632 "GET /sat/vocabulary/ HTTP/1.1" 200 9448
INFO 2026-03-13 01:29:02,887 basehttp 12232 19296 "GET /sat/vocabulary/ HTTP/1.1" 200 9837
INFO 2026-03-13 01:29:15,604 basehttp 12232 19296 "GET / HTTP/1.1" 302 0
INFO 2026-03-13 01:29:15,798 basehttp 12232 19296 "GET /sat/ HTTP/1.1" 200 7800
INFO 2026-03-13 01:29:16,868 basehttp 12232 19296 "GET /sat/vocabulary/ HTTP/1.1" 200 9837
INFO 2026-03-13 01:32:30,748 basehttp 12232 19296 "GET /sat/ HTTP/1.1" 200 7800
INFO 2026-03-13 01:32:30,924 basehttp 12232 19296 "GET /static/assets/img/icon_dashboard.png HTTP/1.1" 304 0
INFO 2026-03-13 01:32:32,124 basehttp 12232 19296 "GET /sat/admissions/ HTTP/1.1" 200 7822
INFO 2026-03-13 01:32:51,711 basehttp 12232 19296 "GET /edit-profile/ HTTP/1.1" 200 8732
INFO 2026-03-13 01:33:28,784 basehttp 12232 19296 "GET /edit-profile/ HTTP/1.1" 200 8734
INFO 2026-03-13 01:33:30,742 basehttp 12232 19296 "GET /edit-profile/ HTTP/1.1" 200 8734
INFO 2026-03-13 01:33:33,344 basehttp 12232 19296 "GET / HTTP/1.1" 302 0
INFO 2026-03-13 01:33:33,504 basehttp 12232 19296 "GET /sat/ HTTP/1.1" 200 7802
INFO 2026-03-13 01:33:34,478 basehttp 12232 19296 "GET /sat/vocabulary/ HTTP/1.1" 200 9839
INFO 2026-03-13 01:33:38,943 basehttp 12232 19296 "GET /sat/admissions/ HTTP/1.1" 200 7824
INFO 2026-03-13 01:33:55,685 basehttp 12232 19296 "GET /sat/practice_tests/ HTTP/1.1" 200 30802
WARNING 2026-03-13 01:33:56,065 basehttp 12232 21428 "GET /static/assets/img/tests/%2054.png HTTP/1.1" 404 2001
WARNING 2026-03-13 01:33:56,095 basehttp 12232 19296 "GET /static/assets/img/tests/56.png HTTP/1.1" 404 1996
WARNING 2026-03-13 01:33:56,127 basehttp 12232 1308 "GET /static/assets/img/tests/%2055.png HTTP/1.1" 404 2001
WARNING 2026-03-13 01:33:56,131 basehttp 12232 3264 "GET /static/assets/img/tests/%2057.png HTTP/1.1" 404 2001
INFO 2026-03-13 01:36:50,046 autoreload 23368 24432 Watching for file changes with StatReloader
INFO 2026-03-13 01:36:53,848 basehttp 23368 17640 "GET / HTTP/1.1" 302 0
INFO 2026-03-13 01:36:54,035 basehttp 23368 17640 "GET /sat/ HTTP/1.1" 200 9410
WARNING 2026-03-13 01:36:54,595 basehttp 23368 17640 "GET /static/assets/img/icons/icon_practise_tests.png HTTP/1.1" 404 2047
WARNING 2026-03-13 01:36:54,631 basehttp 23368 868 "GET /static/assets/img/icons/icon_vocab.png HTTP/1.1" 404 2020
WARNING 2026-03-13 01:36:54,649 basehttp 23368 12532 "GET /static/assets/img/icons/icon_admissions.png HTTP/1.1" 404 2035
INFO 2026-03-13 01:37:02,380 basehttp 23368 21800 "GET /sat/practice_tests/ HTTP/1.1" 200 30802
WARNING 2026-03-13 01:37:02,749 basehttp 23368 21800 "GET /static/assets/img/tests/%2055.png HTTP/1.1" 404 2001
WARNING 2026-03-13 01:37:02,753 basehttp 23368 24108 "GET /static/assets/img/tests/%2054.png HTTP/1.1" 404 2001
WARNING 2026-03-13 01:37:02,779 basehttp 23368 10772 "GET /static/assets/img/tests/56.png HTTP/1.1" 404 1996
WARNING 2026-03-13 01:37:02,796 basehttp 23368 29176 "GET /static/assets/img/tests/%2057.png HTTP/1.1" 404 2001
INFO 2026-03-13 01:38:19,078 basehttp 23368 28600 "GET /sat/ HTTP/1.1" 200 9408
INFO 2026-03-13 01:38:19,437 basehttp 23368 28600 "GET /static/assets/img/icons/icon_dashboard.png HTTP/1.1" 200 10539
INFO 2026-03-13 01:38:34,584 basehttp 23368 28600 "GET / HTTP/1.1" 302 0
INFO 2026-03-13 01:38:34,825 basehttp 23368 28600 "GET /sat/ HTTP/1.1" 200 9408
INFO 2026-03-13 01:38:44,791 basehttp 23368 28600 "GET /sat/ HTTP/1.1" 200 9407
INFO 2026-03-13 01:38:50,267 basehttp 23368 28600 "GET /sat/ HTTP/1.1" 200 9407
INFO 2026-03-13 01:38:58,356 basehttp 23368 28600 "GET /sat/ HTTP/1.1" 200 9332
INFO 2026-03-13 01:40:50,974 basehttp 23368 28600 "GET /sat/ HTTP/1.1" 200 9397
INFO 2026-03-13 01:40:51,121 basehttp 23368 28600 "GET /static/assets/img/icons/SAT%20MAKON%20logo%203.png HTTP/1.1" 200 66505
INFO 2026-03-13 01:42:06,851 basehttp 23368 28600 "GET /sat/ HTTP/1.1" 200 9470
WARNING 2026-03-13 01:42:07,013 basehttp 23368 28600 "GET /static/makonbook-master/static/assets/img/icons/white-icon-nobg.png HTTP/1.1" 404 2107
INFO 2026-03-13 01:42:26,732 basehttp 23368 2708 "GET /sat/ HTTP/1.1" 200 9446
INFO 2026-03-13 01:42:54,067 basehttp 23368 2708 "GET /sat/ HTTP/1.1" 200 9446
INFO 2026-03-13 01:43:20,304 basehttp 23368 2708 "GET /sat/practice_tests/ HTTP/1.1" 200 30916
WARNING 2026-03-13 01:43:20,426 basehttp 23368 2708 "GET /static/assets/img/tests/%2054.png HTTP/1.1" 404 2001
WARNING 2026-03-13 01:43:20,427 basehttp 23368 17092 "GET /static/assets/img/tests/%2055.png HTTP/1.1" 404 2001
WARNING 2026-03-13 01:43:20,470 basehttp 23368 28108 "GET /static/assets/img/tests/56.png HTTP/1.1" 404 1996
WARNING 2026-03-13 01:43:20,473 basehttp 23368 3040 "GET /static/assets/img/tests/%2057.png HTTP/1.1" 404 2001
INFO 2026-03-13 01:43:24,134 basehttp 23368 14024 "GET /sat/vocabulary/ HTTP/1.1" 200 9953
INFO 2026-03-13 01:43:27,376 basehttp 23368 14024 "GET /sat/admissions/ HTTP/1.1" 200 7938
INFO 2026-03-13 01:43:38,231 basehttp 23368 14024 "GET /sat/admissions/ HTTP/1.1" 200 7938
INFO 2026-03-13 01:43:39,331 basehttp 23368 14024 "GET / HTTP/1.1" 302 0
INFO 2026-03-13 01:43:39,490 basehttp 23368 14024 "GET /sat/ HTTP/1.1" 200 9446
INFO 2026-03-13 01:43:40,456 basehttp 23368 14024 "GET /sat/vocabulary/ HTTP/1.1" 200 9953
INFO 2026-03-13 01:43:41,626 basehttp 23368 14024 "GET / HTTP/1.1" 302 0
INFO 2026-03-13 01:43:41,797 basehttp 23368 14024 "GET /sat/ HTTP/1.1" 200 9446
INFO 2026-03-13 01:43:42,816 basehttp 23368 14024 "GET /sat/practice_tests/ HTTP/1.1" 200 30916
WARNING 2026-03-13 01:43:42,941 basehttp 23368 14024 "GET /static/assets/img/tests/%2054.png HTTP/1.1" 404 2001
WARNING 2026-03-13 01:43:42,969 basehttp 23368 2872 "GET /static/assets/img/tests/%2055.png HTTP/1.1" 404 2001
WARNING 2026-03-13 01:43:42,998 basehttp 23368 14464 "GET /static/assets/img/tests/56.png HTTP/1.1" 404 1996
WARNING 2026-03-13 01:43:42,999 basehttp 23368 25024 "GET /static/assets/img/tests/%2057.png HTTP/1.1" 404 2001
INFO 2026-03-13 01:43:44,720 basehttp 23368 25384 "GET /sat/admissions/ HTTP/1.1" 200 7938
INFO 2026-03-13 01:43:51,794 basehttp 23368 25384 "GET /edit-profile/ HTTP/1.1" 200 8848
INFO 2026-03-13 01:43:56,778 basehttp 23368 25384 "POST /edit-profile/ HTTP/1.1" 302 0
INFO 2026-03-13 01:43:56,969 basehttp 23368 25384 "GET /sat/ HTTP/1.1" 200 9446
INFO 2026-03-13 01:44:00,302 basehttp 23368 25384 "GET / HTTP/1.1" 302 0
INFO 2026-03-13 01:44:00,465 basehttp 23368 25384 "GET /sat/ HTTP/1.1" 200 9446
INFO 2026-03-13 08:24:55,466 basehttp 23368 23364 "GET /sat/ HTTP/1.1" 200 9446
INFO 2026-03-13 08:24:55,705 basehttp 23368 23364 "GET /static/assets/img/icons/icon_dashboard.png HTTP/1.1" 304 0
INFO 2026-03-13 08:25:01,169 basehttp 23368 23364 "GET /sat/admissions/ HTTP/1.1" 200 7938
INFO 2026-03-13 08:30:53,422 basehttp 23368 5820 "GET / HTTP/1.1" 302 0
INFO 2026-03-13 08:30:53,718 basehttp 23368 5820 "GET /sat/ HTTP/1.1" 200 9446
INFO 2026-03-13 08:31:21,393 basehttp 23368 5820 "GET /edit-profile/ HTTP/1.1" 200 8848
INFO 2026-03-13 08:31:28,531 basehttp 23368 5820 "GET /sat/practice_tests/ HTTP/1.1" 200 30916
WARNING 2026-03-13 08:31:28,955 basehttp 23368 16024 "GET /static/assets/img/tests/%2055.png HTTP/1.1" 404 2001
WARNING 2026-03-13 08:31:28,956 basehttp 23368 5820 "GET /static/assets/img/tests/%2054.png HTTP/1.1" 404 2001
WARNING 2026-03-13 08:31:28,993 basehttp 23368 2568 "GET /static/assets/img/tests/56.png HTTP/1.1" 404 1996
WARNING 2026-03-13 08:31:28,993 basehttp 23368 26052 "GET /static/assets/img/tests/%2057.png HTTP/1.1" 404 2001
INFO 2026-03-13 08:31:32,354 basehttp 23368 28060 "GET /sat/admin-panel/ HTTP/1.1" 200 11933
INFO 2026-03-13 08:31:35,580 basehttp 23368 28060 "GET /sat/admin-panel/users/ HTTP/1.1" 200 38647
INFO 2026-03-13 08:31:36,852 basehttp 23368 28060 "GET /sat/admin-panel/groups/ HTTP/1.1" 200 18476
INFO 2026-03-13 08:31:37,862 basehttp 23368 28060 "GET /sat/admin-panel/mocks/ HTTP/1.1" 200 21935
INFO 2026-03-13 08:31:41,895 basehttp 23368 28060 "GET /sat/admin-panel/mocks/18/ HTTP/1.1" 200 13098
INFO 2026-03-13 08:31:59,890 basehttp 23368 20948 "GET / HTTP/1.1" 302 0
INFO 2026-03-13 08:31:59,908 basehttp 23368 20948 "GET /login/?next=/ HTTP/1.1" 200 2555
INFO 2026-03-13 08:31:59,987 basehttp 23368 25060 "GET /static/assets/js/login-main.js HTTP/1.1" 200 517
INFO 2026-03-13 08:31:59,987 basehttp 23368 20948 "GET /static/assets/css/makon-style.css HTTP/1.1" 200 2986
INFO 2026-03-13 08:31:59,991 basehttp 23368 25508 "GET /static/assets/img/icons/white-icon-nobg.png HTTP/1.1" 200 84649
INFO 2026-03-13 08:32:00,067 basehttp 23368 25508 "GET /static/assets/img/icons/original-icon-nobg.png HTTP/1.1" 200 91518
INFO 2026-03-13 08:32:11,735 basehttp 23368 25508 "POST /login/?next=/ HTTP/1.1" 302 0
INFO 2026-03-13 08:32:11,893 basehttp 23368 25508 "GET /sat/ HTTP/1.1" 200 9248
INFO 2026-03-13 08:32:11,978 basehttp 23368 25508 "GET /static/font-awesome-4.7.0/css/font-awesome.min.css HTTP/1.1" 200 31000
INFO 2026-03-13 08:32:11,985 basehttp 23368 28056 "GET /static/assets/vendor/glightbox/css/glightbox.min.css HTTP/1.1" 200 13749
INFO 2026-03-13 08:32:11,987 basehttp 23368 28680 "GET /static/assets/vendor/aos/aos.css HTTP/1.1" 200 28765
INFO 2026-03-13 08:32:11,991 basehttp 23368 20648 "GET /static/assets/vendor/swiper/swiper-bundle.min.css HTTP/1.1" 200 18432
INFO 2026-03-13 08:32:11,995 basehttp 23368 20948 "GET /static/assets/vendor/bootstrap-icons/bootstrap-icons.css HTTP/1.1" 200 98255
INFO 2026-03-13 08:32:11,995 basehttp 23368 25508 "GET /static/assets/css/main.css HTTP/1.1" 200 50430
INFO 2026-03-13 08:32:11,999 basehttp 23368 28680 "GET /static/assets/css/makon-dashboard.css HTTP/1.1" 200 4958
INFO 2026-03-13 08:32:12,001 basehttp 23368 25060 "GET /static/assets/vendor/bootstrap/css/bootstrap.min.css HTTP/1.1" 200 232803
INFO 2026-03-13 08:32:12,003 basehttp 23368 28056 "GET /static/assets/vendor/bootstrap/js/bootstrap.bundle.min.js HTTP/1.1" 200 80721
INFO 2026-03-13 08:32:12,019 basehttp 23368 25508 "GET /static/assets/vendor/purecounter/purecounter_vanilla.js HTTP/1.1" 200 5417
INFO 2026-03-13 08:32:12,021 basehttp 23368 25060 "GET /static/assets/vendor/aos/aos.js HTTP/1.1" 200 13800
INFO 2026-03-13 08:32:12,025 basehttp 23368 28056 "GET /static/assets/img/icons/SAT%20MAKON%20logo%203.png HTTP/1.1" 200 66505
INFO 2026-03-13 08:32:12,027 basehttp 23368 28680 "GET /static/assets/vendor/glightbox/js/glightbox.min.js HTTP/1.1" 200 56300
INFO 2026-03-13 08:32:12,030 basehttp 23368 20948 "GET /static/assets/vendor/swiper/swiper-bundle.min.js HTTP/1.1" 200 149982
INFO 2026-03-13 08:32:12,043 basehttp 23368 20948 "GET /static/assets/vendor/php-email-form/validate.js HTTP/1.1" 200 2734
INFO 2026-03-13 08:32:12,043 basehttp 23368 25060 "GET /static/assets/js/main.js HTTP/1.1" 200 7526
INFO 2026-03-13 08:32:12,045 basehttp 23368 28056 "GET /static/assets/vendor/isotope-layout/isotope.pkgd.min.js HTTP/1.1" 200 35445
INFO 2026-03-13 08:32:12,386 basehttp 23368 25060 "GET /static/assets/img/icons/icon_dashboard.png HTTP/1.1" 200 10539
INFO 2026-03-13 08:32:12,470 basehttp 23368 25060 "GET /static/font-awesome-4.7.0/fonts/fontawesome-webfont.woff2?v=4.7.0 HTTP/1.1" 200 77160
INFO 2026-03-13 08:32:12,471 basehttp 23368 20948 "GET /static/assets/vendor/bootstrap-icons/fonts/bootstrap-icons.woff2?dd67030699838ea613ee6dbda90effa6 HTTP/1.1" 200 130396
INFO 2026-03-13 08:33:31,943 basehttp 23368 25060 "GET /sat/practice_tests/ HTTP/1.1" 200 7749
INFO 2026-03-13 08:33:32,017 basehttp 23368 25060 "GET /static/assets/img/tests/11.png HTTP/1.1" 200 14113
INFO 2026-03-13 08:33:38,084 basehttp 23368 25060 "GET /edit-profile/ HTTP/1.1" 200 7413
INFO 2026-03-13 08:33:44,008 basehttp 23368 25060 "GET /sat/enter-code/ HTTP/1.1" 200 10303
INFO 2026-03-13 08:33:46,220 basehttp 23368 25060 "GET / HTTP/1.1" 302 0
INFO 2026-03-13 08:33:46,421 basehttp 23368 25060 "GET /sat/ HTTP/1.1" 200 9248
INFO 2026-03-13 08:33:47,850 basehttp 23368 25060 "GET /sat/vocabulary/ HTTP/1.1" 200 9755
INFO 2026-03-13 08:33:52,892 basehttp 23368 25060 "GET / HTTP/1.1" 302 0
INFO 2026-03-13 08:33:53,041 basehttp 23368 25060 "GET /sat/ HTTP/1.1" 200 9248
INFO 2026-03-13 08:33:53,802 basehttp 23368 25060 "GET / HTTP/1.1" 302 0
INFO 2026-03-13 08:33:54,001 basehttp 23368 25060 "GET /sat/ HTTP/1.1" 200 9248
INFO 2026-03-13 08:33:54,871 basehttp 23368 25060 "GET /sat/admissions/ HTTP/1.1" 200 7740
INFO 2026-03-13 08:33:57,604 basehttp 23368 25060 "GET / HTTP/1.1" 302 0
INFO 2026-03-13 08:33:57,756 basehttp 23368 25060 "GET /sat/ HTTP/1.1" 200 9248
INFO 2026-03-13 08:33:58,498 basehttp 23368 25060 "GET / HTTP/1.1" 302 0
INFO 2026-03-13 08:33:58,666 basehttp 23368 25060 "GET /sat/ HTTP/1.1" 200 9248
INFO 2026-03-13 08:34:00,501 basehttp 23368 25060 "GET /edit-profile/ HTTP/1.1" 200 7413
INFO 2026-03-13 08:34:01,452 basehttp 23368 25060 "GET / HTTP/1.1" 302 0
INFO 2026-03-13 08:34:01,617 basehttp 23368 25060 "GET /sat/ HTTP/1.1" 200 9248
INFO 2026-03-13 08:35:15,728 basehttp 23368 25060 "GET /sat/ HTTP/1.1" 200 9248
INFO 2026-03-13 08:35:27,135 basehttp 23368 25060 "GET /sat/ HTTP/1.1" 200 9250
INFO 2026-03-13 08:35:34,504 basehttp 23368 28060 "GET /sat/admin-panel/mocks/18/ HTTP/1.1" 200 13100
INFO 2026-03-13 08:35:44,353 basehttp 23368 28060 "GET /sat/admin-panel/mocks/18/ HTTP/1.1" 200 13099
INFO 2026-03-13 08:35:48,562 basehttp 23368 25060 "GET /sat/ HTTP/1.1" 200 9249
INFO 2026-03-13 08:36:08,417 basehttp 23368 28060 "GET /sat/admin-panel/mocks/18/ HTTP/1.1" 200 13127
INFO 2026-03-13 08:36:13,771 basehttp 23368 25060 "GET /sat/ HTTP/1.1" 200 9277
INFO 2026-03-13 08:36:38,742 basehttp 23368 25060 "GET /sat/ HTTP/1.1" 200 9276
INFO 2026-03-13 08:36:44,314 basehttp 23368 28060 "GET /sat/admin-panel/mocks/18/ HTTP/1.1" 200 13126
INFO 2026-03-13 08:37:08,465 basehttp 23368 25060 "GET /sat/ HTTP/1.1" 200 9276
INFO 2026-03-13 08:37:15,530 basehttp 23368 28060 "GET /sat/admin-panel/mocks/18/ HTTP/1.1" 200 13126
INFO 2026-03-13 08:37:26,185 basehttp 23368 28060 "GET /sat/admin-panel/mocks/18/ HTTP/1.1" 200 13126
INFO 2026-03-13 08:37:30,465 basehttp 23368 25060 "GET /sat/ HTTP/1.1" 200 9276
INFO 2026-03-13 08:37:41,150 basehttp 23368 25060 "GET /sat/ HTTP/1.1" 200 9276
INFO 2026-03-13 08:38:04,331 basehttp 23368 25060 "GET /sat/ HTTP/1.1" 200 9277
INFO 2026-03-13 08:38:13,852 basehttp 23368 25060 "GET /sat/ HTTP/1.1" 200 9277
INFO 2026-03-13 08:38:18,095 basehttp 23368 28060 "GET /sat/admin-panel/mocks/18/ HTTP/1.1" 200 13127
INFO 2026-03-13 08:38:27,054 basehttp 23368 28060 "GET /sat/admin-panel/mocks/18/ HTTP/1.1" 200 13127
INFO 2026-03-13 08:38:30,680 basehttp 23368 25060 "GET /sat/ HTTP/1.1" 200 9277
INFO 2026-03-13 08:38:44,204 basehttp 23368 25060 "GET /sat/ HTTP/1.1" 200 9277
INFO 2026-03-13 08:39:01,696 basehttp 23368 28060 "GET /sat/admin-panel/mocks/18/ HTTP/1.1" 200 13127
INFO 2026-03-13 08:39:04,715 basehttp 23368 25060 "GET /sat/ HTTP/1.1" 200 9277
INFO 2026-03-13 08:51:01,288 basehttp 23368 3572 "GET /sat/enter-code/ HTTP/1.1" 200 10332
INFO 2026-03-13 08:51:04,251 basehttp 23368 3572 "GET / HTTP/1.1" 302 0
INFO 2026-03-13 08:51:04,402 basehttp 23368 3572 "GET /sat/ HTTP/1.1" 200 9277
INFO 2026-03-13 08:51:05,258 basehttp 23368 3572 "GET /sat/practice_tests/ HTTP/1.1" 200 7778
INFO 2026-03-13 08:51:06,424 basehttp 23368 3572 "GET / HTTP/1.1" 302 0
INFO 2026-03-13 08:51:06,582 basehttp 23368 3572 "GET /sat/ HTTP/1.1" 200 9277
INFO 2026-03-13 08:51:07,196 basehttp 23368 3572 "GET /sat/vocabulary/ HTTP/1.1" 200 9784
INFO 2026-03-13 08:51:08,580 basehttp 23368 3572 "GET / HTTP/1.1" 302 0
INFO 2026-03-13 08:51:08,744 basehttp 23368 3572 "GET /sat/ HTTP/1.1" 200 9277
INFO 2026-03-13 08:51:09,538 basehttp 23368 3572 "GET /sat/admissions/ HTTP/1.1" 200 7769
INFO 2026-03-13 08:51:10,395 basehttp 23368 3572 "GET / HTTP/1.1" 302 0
INFO 2026-03-13 08:51:10,557 basehttp 23368 3572 "GET /sat/ HTTP/1.1" 200 9277
INFO 2026-03-13 08:51:12,279 basehttp 23368 3572 "GET /edit-profile/ HTTP/1.1" 200 7442
INFO 2026-03-13 08:51:13,970 basehttp 23368 3572 "GET /sat/enter-code/ HTTP/1.1" 200 10332
INFO 2026-03-13 08:51:16,181 basehttp 23368 3572 "GET /edit-profile/ HTTP/1.1" 200 7442
INFO 2026-03-13 08:51:17,940 basehttp 23368 3572 "GET / HTTP/1.1" 302 0
INFO 2026-03-13 08:51:18,081 basehttp 23368 3572 "GET /sat/ HTTP/1.1" 200 9277
INFO 2026-03-13 08:52:33,084 basehttp 23368 3572 "GET /sat/ HTTP/1.1" 200 9277
INFO 2026-03-13 08:52:34,692 basehttp 23368 3572 "GET /edit-profile/ HTTP/1.1" 200 7596
INFO 2026-03-13 08:52:38,080 basehttp 23368 3572 "GET / HTTP/1.1" 302 0
INFO 2026-03-13 08:52:38,264 basehttp 23368 3572 "GET /sat/ HTTP/1.1" 200 9277
INFO 2026-03-13 08:52:39,829 basehttp 23368 3572 "GET /edit-profile/ HTTP/1.1" 200 7596
INFO 2026-03-13 08:52:48,753 basehttp 23368 20276 "GET /edit-profile/ HTTP/1.1" 200 9031
INFO 2026-03-13 08:52:55,357 basehttp 23368 20276 "GET / HTTP/1.1" 302 0
INFO 2026-03-13 08:52:55,532 basehttp 23368 20276 "GET /sat/ HTTP/1.1" 200 9475
INFO 2026-03-13 08:53:41,741 basehttp 23368 20276 "GET /sat/ HTTP/1.1" 200 9475
INFO 2026-03-13 08:53:43,807 basehttp 23368 20276 "GET /sat/enter-code/ HTTP/1.1" 200 10684
INFO 2026-03-13 08:53:45,849 basehttp 23368 20276 "GET / HTTP/1.1" 302 0
INFO 2026-03-13 08:53:46,007 basehttp 23368 20276 "GET /sat/ HTTP/1.1" 200 9475
INFO 2026-03-13 08:53:52,725 basehttp 23368 20276 "GET /sat/practice_tests/ HTTP/1.1" 200 30945
WARNING 2026-03-13 08:53:53,196 basehttp 23368 20276 "GET /static/assets/img/tests/%2054.png HTTP/1.1" 404 2001
WARNING 2026-03-13 08:53:53,196 basehttp 23368 17624 "GET /static/assets/img/tests/56.png HTTP/1.1" 404 1996
WARNING 2026-03-13 08:53:53,217 basehttp 23368 14648 "GET /static/assets/img/tests/%2055.png HTTP/1.1" 404 2001
WARNING 2026-03-13 08:53:53,217 basehttp 23368 21976 "GET /static/assets/img/tests/%2057.png HTTP/1.1" 404 2001
INFO 2026-03-13 08:54:04,502 basehttp 23368 13152 "GET / HTTP/1.1" 302 0
INFO 2026-03-13 08:54:04,674 basehttp 23368 13152 "GET /sat/ HTTP/1.1" 200 9475
INFO 2026-03-13 08:56:16,104 basehttp 23368 23092 "GET /sat/ HTTP/1.1" 200 9475
INFO 2026-03-13 08:58:52,999 basehttp 23368 23092 "GET /sat/ HTTP/1.1" 200 9475
INFO 2026-03-13 08:59:02,981 basehttp 23368 23092 "GET /sat/ HTTP/1.1" 200 9475
INFO 2026-03-13 09:00:26,443 basehttp 23368 23092 "GET /sat/ HTTP/1.1" 200 9475
INFO 2026-03-13 09:00:43,425 basehttp 23368 23092 "GET /sat/ HTTP/1.1" 200 9475
INFO 2026-03-13 09:00:46,952 basehttp 23368 23092 "GET /sat/ HTTP/1.1" 200 9475
INFO 2026-03-13 09:01:48,460 basehttp 23368 23092 "GET /sat/ HTTP/1.1" 200 9475
INFO 2026-03-13 09:02:04,130 basehttp 23368 23092 "GET /sat/ HTTP/1.1" 200 9475
INFO 2026-03-13 09:02:07,266 basehttp 23368 23092 "GET /sat/ HTTP/1.1" 200 9421
WARNING 2026-03-13 09:02:07,457 basehttp 23368 23092 "GET /static/assets/img/icons/ HTTP/1.1" 404 1969
INFO 2026-03-13 09:02:25,760 basehttp 23368 29292 "GET /sat/ HTTP/1.1" 200 9475
INFO 2026-03-13 09:02:42,052 basehttp 23368 29292 "GET /sat/vocabulary/ HTTP/1.1" 200 9982
INFO 2026-03-13 09:06:09,228 basehttp 23368 29292 "GET / HTTP/1.1" 302 0
INFO 2026-03-13 09:06:09,494 basehttp 23368 29292 "GET /sat/ HTTP/1.1" 200 9475
INFO 2026-03-13 09:07:06,434 basehttp 23368 29292 "GET / HTTP/1.1" 302 0
INFO 2026-03-13 09:07:06,629 basehttp 23368 29292 "GET /sat/ HTTP/1.1" 200 9475
INFO 2026-03-13 09:07:10,085 basehttp 23368 29292 "GET /sat/practice_tests/ HTTP/1.1" 200 30945
WARNING 2026-03-13 09:07:10,459 basehttp 23368 29292 "GET /static/assets/img/tests/%2054.png HTTP/1.1" 404 2001
WARNING 2026-03-13 09:07:10,459 basehttp 23368 26432 "GET /static/assets/img/tests/56.png HTTP/1.1" 404 1996
WARNING 2026-03-13 09:07:10,461 basehttp 23368 17460 "GET /static/assets/img/tests/%2055.png HTTP/1.1" 404 2001
WARNING 2026-03-13 09:07:10,463 basehttp 23368 27780 "GET /static/assets/img/tests/%2057.png HTTP/1.1" 404 2001
INFO 2026-03-13 09:07:12,072 basehttp 23368 3648 "GET /edit-profile/ HTTP/1.1" 200 9031
INFO 2026-03-13 09:07:13,308 basehttp 23368 3648 "GET /sat/enter-code/ HTTP/1.1" 200 10684
INFO 2026-03-13 09:07:14,737 basehttp 23368 3648 "GET /sat/admin-panel/ HTTP/1.1" 200 11962
INFO 2026-03-13 09:07:16,411 basehttp 23368 3648 "GET /sat/admin-panel/users/ HTTP/1.1" 200 38676
INFO 2026-03-13 09:07:17,471 basehttp 23368 3648 "GET /sat/admin-panel/groups/ HTTP/1.1" 200 18505
INFO 2026-03-13 09:07:18,988 basehttp 23368 3648 "GET /sat/admin-panel/tests/ HTTP/1.1" 200 37456
INFO 2026-03-13 09:07:19,936 basehttp 23368 3648 "GET /sat/admin-panel/mocks/ HTTP/1.1" 200 21964
INFO 2026-03-13 09:07:21,478 basehttp 23368 3648 "GET /sat/admin-panel/mocks/20/delete/ HTTP/1.1" 200 12612
INFO 2026-03-13 09:07:23,746 basehttp 23368 3648 "GET /sat/admin-panel/users/ HTTP/1.1" 200 38676
INFO 2026-03-13 09:07:25,098 basehttp 23368 3648 "GET /sat/admin-panel/users/create/ HTTP/1.1" 200 13891
INFO 2026-03-13 09:07:26,628 basehttp 23368 3648 "GET / HTTP/1.1" 302 0
INFO 2026-03-13 09:07:26,836 basehttp 23368 3648 "GET /sat/ HTTP/1.1" 200 9475
INFO 2026-03-13 09:07:27,838 basehttp 23368 3648 "GET /sat/vocabulary/ HTTP/1.1" 200 9982
INFO 2026-03-13 09:07:30,542 basehttp 23368 3648 "GET / HTTP/1.1" 302 0
INFO 2026-03-13 09:07:30,774 basehttp 23368 3648 "GET /sat/ HTTP/1.1" 200 9475
INFO 2026-03-13 09:07:32,677 basehttp 23368 3648 "GET /sat/admissions/ HTTP/1.1" 200 7967
INFO 2026-03-13 09:07:35,281 basehttp 23368 3648 "GET / HTTP/1.1" 302 0
INFO 2026-03-13 09:07:35,467 basehttp 23368 3648 "GET /sat/ HTTP/1.1" 200 9475
INFO 2026-03-13 09:08:22,284 basehttp 23368 3648 "GET /sat/practice_tests/ HTTP/1.1" 200 30945
WARNING 2026-03-13 09:08:22,685 basehttp 23368 3648 "GET /static/assets/img/tests/%2054.png HTTP/1.1" 404 2001
WARNING 2026-03-13 09:08:22,688 basehttp 23368 10916 "GET /static/assets/img/tests/%2055.png HTTP/1.1" 404 2001
WARNING 2026-03-13 09:08:22,712 basehttp 23368 25832 "GET /static/assets/img/tests/56.png HTTP/1.1" 404 1996
WARNING 2026-03-13 09:08:22,712 basehttp 23368 28792 "GET /static/assets/img/tests/%2057.png HTTP/1.1" 404 2001
INFO 2026-03-13 09:08:26,235 basehttp 23368 22008 "GET /sat/practise/DAY8 HTTP/1.1" 200 7809
INFO 2026-03-13 09:08:30,157 basehttp 23368 22008 "GET /sat/practise/DAY8/start HTTP/1.1" 200 59214
INFO 2026-03-13 09:08:30,263 basehttp 23368 22008 "GET /static/assets/css/makon-eng.css HTTP/1.1" 200 8041
INFO 2026-03-13 09:08:30,306 basehttp 23368 22008 "GET /static/assets/img/bookmark_empty.png HTTP/1.1" 200 1078
INFO 2026-03-13 09:08:30,308 basehttp 23368 17508 "GET /static/assets/img/crossAbc.png HTTP/1.1" 200 4685
INFO 2026-03-13 09:08:37,034 basehttp 23368 17508 "POST /sat/check_the_answers HTTP/1.1" 200 11
INFO 2026-03-13 09:08:38,199 basehttp 23368 17508 "GET /sat/practise/DAY8/start HTTP/1.1" 200 60311
INFO 2026-03-13 09:08:43,860 basehttp 23368 17508 "POST /sat/check_the_answers HTTP/1.1" 200 11
INFO 2026-03-13 09:08:48,021 basehttp 23368 17508 "GET /sat/practise/DAY8/start HTTP/1.1" 200 51721
INFO 2026-03-13 09:08:48,143 basehttp 23368 17508 "GET /static/assets/css/makon-math.css HTTP/1.1" 200 7442
INFO 2026-03-13 09:14:29,627 basehttp 23368 20236 "GET / HTTP/1.1" 302 0
INFO 2026-03-13 09:14:29,938 basehttp 23368 20236 "GET /sat/ HTTP/1.1" 200 9475
INFO 2026-03-13 10:21:56,914 basehttp 23368 11788 "GET / HTTP/1.1" 302 0
INFO 2026-03-13 10:21:57,190 basehttp 23368 11788 "GET /sat/ HTTP/1.1" 200 9475
INFO 2026-03-13 10:22:44,763 basehttp 23368 11788 "GET /sat/vocabulary/ HTTP/1.1" 200 9982
INFO 2026-03-13 10:22:56,527 basehttp 23368 11788 "GET / HTTP/1.1" 302 0
INFO 2026-03-13 10:22:56,792 basehttp 23368 11788 "GET /sat/ HTTP/1.1" 200 9475
INFO 2026-03-13 10:22:58,849 basehttp 23368 11788 "GET /sat/admissions/ HTTP/1.1" 200 7967
INFO 2026-03-13 10:23:13,478 basehttp 23368 11788 "GET / HTTP/1.1" 302 0
INFO 2026-03-13 10:23:13,644 basehttp 23368 11788 "GET /sat/ HTTP/1.1" 200 9475
INFO 2026-03-13 10:23:15,815 basehttp 23368 11788 "GET /sat/practice_tests/ HTTP/1.1" 200 30945
INFO 2026-03-13 10:23:15,896 basehttp 23368 11788 "GET /static/assets/img/tests/8.png HTTP/1.1" 304 0
INFO 2026-03-13 10:23:15,929 basehttp 23368 11788 "GET /static/assets/img/tests/9.png HTTP/1.1" 304 0
INFO 2026-03-13 10:23:15,966 basehttp 23368 11788 "GET /static/assets/img/tests/10.png HTTP/1.1" 304 0
INFO 2026-03-13 10:23:15,984 basehttp 23368 11788 "GET /static/assets/img/tests/11.png HTTP/1.1" 304 0
INFO 2026-03-13 10:23:15,986 basehttp 23368 28788 "GET /static/assets/img/tests/12.png HTTP/1.1" 304 0
INFO 2026-03-13 10:23:15,993 basehttp 23368 28788 "GET /static/assets/img/tests/14.png HTTP/1.1" 304 0
INFO 2026-03-13 10:23:15,997 basehttp 23368 11788 "GET /static/assets/img/tests/13.png HTTP/1.1" 304 0
INFO 2026-03-13 10:23:16,000 basehttp 23368 28788 "GET /static/assets/img/tests/15.png HTTP/1.1" 304 0
INFO 2026-03-13 10:23:16,037 basehttp 23368 28788 "GET /static/assets/img/tests/16.png HTTP/1.1" 304 0
INFO 2026-03-13 10:23:16,039 basehttp 23368 12304 "GET /static/assets/img/tests/19.png HTTP/1.1" 304 0
INFO 2026-03-13 10:23:16,041 basehttp 23368 13396 "GET /static/assets/img/tests/18.png HTTP/1.1" 304 0
INFO 2026-03-13 10:23:16,047 basehttp 23368 13324 "GET /static/assets/img/tests/20.png HTTP/1.1" 304 0
INFO 2026-03-13 10:23:16,047 basehttp 23368 11788 "GET /static/assets/img/tests/17.png HTTP/1.1" 304 0
INFO 2026-03-13 10:23:16,062 basehttp 23368 12304 "GET /static/assets/img/tests/22.png HTTP/1.1" 304 0
INFO 2026-03-13 10:23:16,064 basehttp 23368 13396 "GET /static/assets/img/tests/26.png HTTP/1.1" 304 0
INFO 2026-03-13 10:23:16,064 basehttp 23368 11788 "GET /static/assets/img/tests/24.png HTTP/1.1" 304 0
INFO 2026-03-13 10:23:16,070 basehttp 23368 5864 "GET /static/assets/img/tests/21.png HTTP/1.1" 304 0
INFO 2026-03-13 10:23:16,070 basehttp 23368 13324 "GET /static/assets/img/tests/23.png HTTP/1.1" 304 0
INFO 2026-03-13 10:23:16,072 basehttp 23368 28788 "GET /static/assets/img/tests/27.png HTTP/1.1" 304 0
INFO 2026-03-13 10:23:16,091 basehttp 23368 28788 "GET /static/assets/img/tests/29.png HTTP/1.1" 304 0
INFO 2026-03-13 10:23:16,093 basehttp 23368 12304 "GET /static/assets/img/tests/33.png HTTP/1.1" 304 0
INFO 2026-03-13 10:23:16,094 basehttp 23368 13396 "GET /static/assets/img/tests/31.png HTTP/1.1" 304 0
INFO 2026-03-13 10:23:16,094 basehttp 23368 11788 "GET /static/assets/img/tests/32.png HTTP/1.1" 304 0
INFO 2026-03-13 10:23:16,095 basehttp 23368 5864 "GET /static/assets/img/tests/30.png HTTP/1.1" 304 0
INFO 2026-03-13 10:23:16,097 basehttp 23368 13324 "GET /static/assets/img/tests/28.png HTTP/1.1" 304 0
INFO 2026-03-13 10:23:16,110 basehttp 23368 11788 "GET /static/assets/img/tests/36.png HTTP/1.1" 304 0
INFO 2026-03-13 10:23:16,120 basehttp 23368 13396 "GET /static/assets/img/tests/37.png HTTP/1.1" 304 0
INFO 2026-03-13 10:23:16,120 basehttp 23368 5864 "GET /static/assets/img/tests/35.png HTTP/1.1" 304 0
INFO 2026-03-13 10:23:16,122 basehttp 23368 11788 "GET /static/assets/img/tests/38.png HTTP/1.1" 304 0
INFO 2026-03-13 10:23:16,123 basehttp 23368 13324 "GET /static/assets/img/tests/34.png HTTP/1.1" 304 0
INFO 2026-03-13 10:23:16,125 basehttp 23368 12304 "GET /static/assets/img/tests/39.png HTTP/1.1" 304 0
INFO 2026-03-13 10:23:16,127 basehttp 23368 13396 "GET /static/assets/img/tests/40.png HTTP/1.1" 304 0
INFO 2026-03-13 10:23:16,139 basehttp 23368 13396 "GET /static/assets/img/tests/42.png HTTP/1.1" 304 0
INFO 2026-03-13 10:23:16,139 basehttp 23368 12304 "GET /static/assets/img/tests/43.png HTTP/1.1" 304 0
INFO 2026-03-13 10:23:16,143 basehttp 23368 11788 "GET /static/assets/img/tests/45.png HTTP/1.1" 304 0
INFO 2026-03-13 10:23:16,147 basehttp 23368 13324 "GET /static/assets/img/tests/44.png HTTP/1.1" 304 0
INFO 2026-03-13 10:23:16,149 basehttp 23368 13396 "GET /static/assets/img/tests/47.png HTTP/1.1" 304 0
INFO 2026-03-13 10:23:16,151 basehttp 23368 12304 "GET /static/assets/img/tests/46.png HTTP/1.1" 304 0
INFO 2026-03-13 10:23:16,159 basehttp 23368 12304 "GET /static/assets/img/tests/48.png HTTP/1.1" 304 0
INFO 2026-03-13 10:23:16,160 basehttp 23368 13396 "GET /static/assets/img/tests/49.png HTTP/1.1" 304 0
INFO 2026-03-13 10:23:16,168 basehttp 23368 12304 "GET /static/assets/img/tests/51.png HTTP/1.1" 304 0
INFO 2026-03-13 10:23:16,168 basehttp 23368 13396 "GET /static/assets/img/tests/52.png HTTP/1.1" 304 0
INFO 2026-03-13 10:23:16,173 basehttp 23368 11788 "GET /static/assets/img/tests/53.png HTTP/1.1" 304 0
INFO 2026-03-13 10:23:16,181 basehttp 23368 13324 "GET /static/assets/img/tests/50.png HTTP/1.1" 304 0
WARNING 2026-03-13 10:23:16,265 basehttp 23368 13396 "GET /static/assets/img/tests/56.png HTTP/1.1" 404 1996
WARNING 2026-03-13 10:23:16,265 basehttp 23368 11788 "GET /static/assets/img/tests/%2055.png HTTP/1.1" 404 2001
WARNING 2026-03-13 10:23:16,267 basehttp 23368 12304 "GET /static/assets/img/tests/%2054.png HTTP/1.1" 404 2001
WARNING 2026-03-13 10:23:16,269 basehttp 23368 13324 "GET /static/assets/img/tests/%2057.png HTTP/1.1" 404 2001
INFO 2026-03-13 10:23:25,984 basehttp 23368 5864 "GET /edit-profile/ HTTP/1.1" 200 9031
INFO 2026-03-13 10:23:29,394 basehttp 23368 5864 "GET /sat/admin-panel/ HTTP/1.1" 200 11962
INFO 2026-03-13 10:23:34,395 basehttp 23368 5864 "GET / HTTP/1.1" 302 0
INFO 2026-03-13 10:23:34,571 basehttp 23368 5864 "GET /sat/ HTTP/1.1" 200 9475
INFO 2026-03-13 10:49:20,728 autoreload 23164 28656 Watching for file changes with StatReloader
INFO 2026-03-13 10:49:22,116 basehttp 23164 2240 "GET / HTTP/1.1" 302 0
INFO 2026-03-13 10:49:22,310 basehttp 23164 2240 "GET /sat/ HTTP/1.1" 200 9475
INFO 2026-03-13 10:49:23,110 basehttp 23164 2240 "GET /static/assets/img/icons/icon_dashboard.png HTTP/1.1" 200 10076
INFO 2026-03-13 10:49:25,811 basehttp 23164 2240 "GET /sat/practice_tests/ HTTP/1.1" 200 30945
WARNING 2026-03-13 10:49:26,213 basehttp 23164 2240 "GET /static/assets/img/tests/%2054.png HTTP/1.1" 404 2001
WARNING 2026-03-13 10:49:26,224 basehttp 23164 8072 "GET /static/assets/img/tests/%2057.png HTTP/1.1" 404 2001
WARNING 2026-03-13 10:49:26,226 basehttp 23164 12340 "GET /static/assets/img/tests/56.png HTTP/1.1" 404 1996
WARNING 2026-03-13 10:49:26,228 basehttp 23164 14776 "GET /static/assets/img/tests/%2055.png HTTP/1.1" 404 2001
INFO 2026-03-13 10:49:38,295 basehttp 23164 22700 "GET /sat/practice_tests/ HTTP/1.1" 200 30945
WARNING 2026-03-13 10:49:38,418 basehttp 23164 22700 "GET /static/assets/img/tests/%2054.png HTTP/1.1" 404 2001
WARNING 2026-03-13 10:49:38,449 basehttp 23164 15224 "GET /static/assets/img/tests/%2055.png HTTP/1.1" 404 2001
WARNING 2026-03-13 10:49:38,468 basehttp 23164 14040 "GET /static/assets/img/tests/56.png HTTP/1.1" 404 1996
WARNING 2026-03-13 10:49:38,482 basehttp 23164 9200 "GET /static/assets/img/tests/%2057.png HTTP/1.1" 404 2001
INFO 2026-03-13 10:49:41,209 basehttp 23164 26560 "GET /sat/practise/DAY8 HTTP/1.1" 302 0
INFO 2026-03-13 10:49:46,471 basehttp 23164 26560 "GET /sat/practise/DAY8/start HTTP/1.1" 200 51721
INFO 2026-03-13 11:13:28,515 basehttp 23164 24096 "GET /sat/practise/DAY8/start HTTP/1.1" 200 51721
INFO 2026-03-13 17:02:16,462 autoreload 29172 14752 Watching for file changes with StatReloader
INFO 2026-03-13 17:02:31,958 basehttp 29172 29588 "GET / HTTP/1.1" 302 0
INFO 2026-03-13 17:02:32,279 basehttp 29172 29588 "GET /sat/ HTTP/1.1" 200 9475
INFO 2026-03-13 17:02:32,803 basehttp 29172 29588 "GET /static/assets/img/icons/icon_dashboard.png HTTP/1.1" 304 0
INFO 2026-03-13 17:02:40,392 basehttp 29172 29588 "GET /sat/practice_tests/ HTTP/1.1" 200 30945
WARNING 2026-03-13 17:02:40,814 basehttp 29172 29588 "GET /static/assets/img/tests/%2054.png HTTP/1.1" 404 2001
WARNING 2026-03-13 17:02:40,814 basehttp 29172 22152 "GET /static/assets/img/tests/%2055.png HTTP/1.1" 404 2001
WARNING 2026-03-13 17:02:40,839 basehttp 29172 17588 "GET /static/assets/img/tests/%2057.png HTTP/1.1" 404 2001
WARNING 2026-03-13 17:02:40,841 basehttp 29172 2896 "GET /static/assets/img/tests/56.png HTTP/1.1" 404 1996
INFO 2026-03-13 17:02:56,667 basehttp 29172 24084 "GET /sat/practice_tests/ HTTP/1.1" 200 30945
WARNING 2026-03-13 17:02:56,817 basehttp 29172 1096 "GET /static/assets/img/tests/%2055.png HTTP/1.1" 404 2001
WARNING 2026-03-13 17:02:56,817 basehttp 29172 24084 "GET /static/assets/img/tests/%2054.png HTTP/1.1" 404 2001
WARNING 2026-03-13 17:02:56,859 basehttp 29172 10216 "GET /static/assets/img/tests/56.png HTTP/1.1" 404 1996
WARNING 2026-03-13 17:02:56,873 basehttp 29172 23176 "GET /static/assets/img/tests/%2057.png HTTP/1.1" 404 2001
INFO 2026-03-13 17:03:03,267 basehttp 29172 29060 "GET / HTTP/1.1" 302 0
INFO 2026-03-13 17:03:03,416 basehttp 29172 29060 "GET /sat/ HTTP/1.1" 200 9475
INFO 2026-03-13 17:03:06,104 basehttp 29172 29060 "GET /sat/practice_tests/ HTTP/1.1" 200 30945
WARNING 2026-03-13 17:03:06,276 basehttp 29172 29060 "GET /static/assets/img/tests/%2054.png HTTP/1.1" 404 2001
WARNING 2026-03-13 17:03:06,280 basehttp 29172 9776 "GET /static/assets/img/tests/%2055.png HTTP/1.1" 404 2001
WARNING 2026-03-13 17:03:06,302 basehttp 29172 23496 "GET /static/assets/img/tests/56.png HTTP/1.1" 404 1996
WARNING 2026-03-13 17:03:06,307 basehttp 29172 26596 "GET /static/assets/img/tests/%2057.png HTTP/1.1" 404 2001
INFO 2026-03-13 17:03:10,154 basehttp 29172 9736 "GET /sat/practise/DAY8 HTTP/1.1" 302 0
INFO 2026-03-13 17:03:16,401 basehttp 29172 9736 "GET /sat/practise/DAY8/start HTTP/1.1" 200 48563
INFO 2026-03-13 17:03:41,951 basehttp 29172 9736 "GET /sat/practise/DAY9 HTTP/1.1" 200 7809
WARNING 2026-03-13 17:03:43,878 basehttp 29172 9736 "GET /sat/practises HTTP/1.1" 404 10620
WARNING 2026-03-13 17:03:46,163 basehttp 29172 9736 "GET /sat/practises HTTP/1.1" 404 10620
INFO 2026-03-13 17:03:51,896 basehttp 29172 9736 "GET /sat/practice_tests/ HTTP/1.1" 200 30945
WARNING 2026-03-13 17:03:52,071 basehttp 29172 9736 "GET /static/assets/img/tests/%2054.png HTTP/1.1" 404 2001
WARNING 2026-03-13 17:03:52,078 basehttp 29172 29312 "GET /static/assets/img/tests/%2055.png HTTP/1.1" 404 2001
WARNING 2026-03-13 17:03:52,103 basehttp 29172 25332 "GET /static/assets/img/tests/56.png HTTP/1.1" 404 1996
WARNING 2026-03-13 17:03:52,103 basehttp 29172 20312 "GET /static/assets/img/tests/%2057.png HTTP/1.1" 404 2001
INFO 2026-03-13 17:03:59,462 basehttp 29172 19164 "GET /sat/practise/DAY8 HTTP/1.1" 302 0
INFO 2026-03-13 17:04:03,562 basehttp 29172 19164 "GET /sat/practise/DAY8/start HTTP/1.1" 200 48563
INFO 2026-03-13 17:04:15,593 basehttp 29172 19164 - Broken pipe from ('127.0.0.1', 63723)
INFO 2026-03-13 17:04:15,743 basehttp 29172 17388 "GET /sat/practise/DAY9 HTTP/1.1" 200 7809
INFO 2026-03-13 17:05:25,067 basehttp 29172 17388 "GET /sat/practice_tests/ HTTP/1.1" 200 30945
WARNING 2026-03-13 17:05:25,211 basehttp 29172 17388 "GET /static/assets/img/tests/%2054.png HTTP/1.1" 404 2001
WARNING 2026-03-13 17:05:25,245 basehttp 29172 15996 "GET /static/assets/img/tests/56.png HTTP/1.1" 404 1996
WARNING 2026-03-13 17:05:25,273 basehttp 29172 19164 "GET /static/assets/img/tests/%2057.png HTTP/1.1" 404 2001
WARNING 2026-03-13 17:05:25,275 basehttp 29172 26588 "GET /static/assets/img/tests/%2055.png HTTP/1.1" 404 2001
INFO 2026-03-13 17:05:27,960 basehttp 29172 19808 "GET /sat/practise/DAY9 HTTP/1.1" 200 7809
WARNING 2026-03-13 17:05:29,791 basehttp 29172 19808 "GET /sat/practises HTTP/1.1" 404 10620
INFO 2026-03-13 17:05:48,022 autoreload 24232 22940 Watching for file changes with StatReloader
INFO 2026-03-13 17:05:51,451 basehttp 24232 14640 "GET / HTTP/1.1" 302 0
INFO 2026-03-13 17:05:51,623 basehttp 24232 14640 "GET /sat/ HTTP/1.1" 200 9475
INFO 2026-03-13 17:05:53,856 basehttp 24232 14640 "GET /sat/practice_tests/ HTTP/1.1" 200 30945
WARNING 2026-03-13 17:05:54,226 basehttp 24232 14640 "GET /static/assets/img/tests/%2054.png HTTP/1.1" 404 2001
WARNING 2026-03-13 17:05:54,231 basehttp 24232 16740 "GET /static/assets/img/tests/%2055.png HTTP/1.1" 404 2001
WARNING 2026-03-13 17:05:54,256 basehttp 24232 28188 "GET /static/assets/img/tests/56.png HTTP/1.1" 404 1996
WARNING 2026-03-13 17:05:54,257 basehttp 24232 26372 "GET /static/assets/img/tests/%2057.png HTTP/1.1" 404 2001
INFO 2026-03-13 17:05:56,818 basehttp 24232 25864 "GET /sat/practise/DAY8 HTTP/1.1" 302 0
INFO 2026-03-13 17:06:01,657 basehttp 24232 25864 "GET /sat/practise/DAY8/start HTTP/1.1" 200 48563
INFO 2026-03-13 17:06:15,265 basehttp 24232 25864 "GET /sat/practise/DAY9 HTTP/1.1" 200 7809
INFO 2026-03-13 17:06:18,102 basehttp 24232 25864 "GET /sat/practise/DAY9/start HTTP/1.1" 200 58938
INFO 2026-03-13 17:06:23,332 basehttp 24232 25864 "POST /sat/check_the_answers HTTP/1.1" 200 11
INFO 2026-03-13 17:06:23,591 basehttp 24232 25864 "GET /sat/practise/DAY9/start HTTP/1.1" 200 59906
INFO 2026-03-13 17:06:27,579 basehttp 24232 25864 "POST /sat/check_the_answers HTTP/1.1" 200 11
INFO 2026-03-13 17:06:27,851 basehttp 24232 25864 "GET /sat/practise/DAY9/start HTTP/1.1" 200 45247
INFO 2026-03-13 17:22:41,819 autoreload 18208 27292 Watching for file changes with StatReloader
INFO 2026-03-13 17:22:50,657 basehttp 18208 19824 "GET /sat/practise/DAY8/start HTTP/1.1" 200 12933
INFO 2026-03-13 17:23:06,609 basehttp 18208 19824 "GET /sat/ HTTP/1.1" 200 9475
INFO 2026-03-13 17:23:08,316 basehttp 18208 19824 "GET /sat/practice_tests/ HTTP/1.1" 200 30945
WARNING 2026-03-13 17:23:08,661 basehttp 18208 27008 "GET /static/assets/img/tests/%2055.png HTTP/1.1" 404 2001
WARNING 2026-03-13 17:23:08,661 basehttp 18208 19824 "GET /static/assets/img/tests/%2054.png HTTP/1.1" 404 2001
WARNING 2026-03-13 17:23:08,685 basehttp 18208 25136 "GET /static/assets/img/tests/%2057.png HTTP/1.1" 404 2001
WARNING 2026-03-13 17:23:08,689 basehttp 18208 24020 "GET /static/assets/img/tests/56.png HTTP/1.1" 404 1996
INFO 2026-03-13 17:23:10,557 basehttp 18208 17308 "GET /sat/practise/DAY8 HTTP/1.1" 302 0
INFO 2026-03-13 17:23:10,858 basehttp 18208 17308 "GET /sat/practise/DAY8/start HTTP/1.1" 200 12933
INFO 2026-03-13 17:24:41,462 basehttp 18208 17308 "GET /sat/practise/DAY8/start HTTP/1.1" 200 48855
INFO 2026-03-13 17:24:57,025 basehttp 18208 17308 "GET /static/assets/img/bookmark_filled.png HTTP/1.1" 200 1180
INFO 2026-03-13 17:25:15,282 basehttp 18208 17308 "POST /sat/check_the_answers HTTP/1.1" 200 11
INFO 2026-03-13 17:25:15,585 basehttp 18208 17308 "GET /sat/practise/DAY8/start HTTP/1.1" 200 49123
INFO 2026-03-13 17:25:20,824 basehttp 18208 17308 "POST /sat/check_the_answers HTTP/1.1" 200 11
INFO 2026-03-13 17:25:21,070 basehttp 18208 17308 "GET /sat/practise/DAY8/start HTTP/1.1" 302 0
INFO 2026-03-13 17:25:21,898 basehttp 18208 17308 "GET /sat/results/DAY8 HTTP/1.1" 200 40977
INFO 2026-03-13 17:25:32,309 basehttp 18208 17308 "GET /sat/restart_section/DAY8/math/ HTTP/1.1" 200 7478
INFO 2026-03-13 17:25:39,432 basehttp 18208 17308 "GET /sat/practise/DAY8 HTTP/1.1" 302 0
INFO 2026-03-13 17:25:39,839 basehttp 18208 17308 - Broken pipe from ('127.0.0.1', 56906)
INFO 2026-03-13 17:25:39,922 basehttp 18208 4264 "GET /sat/practise/DAY8 HTTP/1.1" 302 0
INFO 2026-03-13 17:25:47,170 basehttp 18208 4264 "GET /sat/practise/DAY8/start HTTP/1.1" 200 48855
INFO 2026-03-13 17:25:49,497 basehttp 18208 4264 "GET / HTTP/1.1" 302 0
INFO 2026-03-13 17:25:49,740 basehttp 18208 4264 "GET /sat/ HTTP/1.1" 200 9475
INFO 2026-03-13 17:26:13,287 basehttp 18208 4264 "POST /sat/check_the_answers HTTP/1.1" 200 11
INFO 2026-03-13 17:26:13,627 basehttp 18208 4264 "GET /sat/practise/DAY8/start HTTP/1.1" 200 49123
INFO 2026-03-13 17:27:04,839 basehttp 18208 4264 "POST /sat/check_the_answers HTTP/1.1" 200 11
INFO 2026-03-13 17:27:05,028 basehttp 18208 4264 "GET /sat/practise/DAY8/start HTTP/1.1" 302 0
INFO 2026-03-13 17:27:05,460 basehttp 18208 4264 "GET /sat/results/DAY8 HTTP/1.1" 200 40978
INFO 2026-03-13 17:27:11,076 basehttp 18208 4264 "GET / HTTP/1.1" 302 0
INFO 2026-03-13 17:27:11,238 basehttp 18208 4264 "GET /sat/ HTTP/1.1" 200 9475
INFO 2026-03-13 17:27:13,041 basehttp 18208 4264 "GET /sat/practice_tests/ HTTP/1.1" 200 30898
WARNING 2026-03-13 17:27:13,391 basehttp 18208 4264 "GET /static/assets/img/tests/%2054.png HTTP/1.1" 404 2001
WARNING 2026-03-13 17:27:13,391 basehttp 18208 16820 "GET /static/assets/img/tests/%2055.png HTTP/1.1" 404 2001
WARNING 2026-03-13 17:27:13,418 basehttp 18208 16048 "GET /static/assets/img/tests/%2057.png HTTP/1.1" 404 2001
WARNING 2026-03-13 17:27:13,420 basehttp 18208 9920 "GET /static/assets/img/tests/56.png HTTP/1.1" 404 1996
INFO 2026-03-13 17:27:16,059 basehttp 18208 4648 "GET / HTTP/1.1" 302 0
INFO 2026-03-13 17:27:16,317 basehttp 18208 4648 "GET /sat/ HTTP/1.1" 200 9475
INFO 2026-03-13 17:27:19,131 basehttp 18208 4648 "GET /logout/ HTTP/1.1" 302 0
INFO 2026-03-13 17:27:19,296 basehttp 18208 4648 "GET /login/ HTTP/1.1" 200 2555
INFO 2026-03-13 17:29:12,034 basehttp 18208 4648 "POST /login/ HTTP/1.1" 302 0
INFO 2026-03-13 17:29:13,496 basehttp 18208 9364 "GET /sat/ HTTP/1.1" 200 9475
INFO 2026-03-13 17:31:18,205 basehttp 18208 26188 "GET /sat/ HTTP/1.1" 200 9484
INFO 2026-03-13 17:32:04,691 basehttp 18208 26188 "GET /sat/practice_tests/ HTTP/1.1" 200 30898
WARNING 2026-03-13 17:32:05,227 basehttp 18208 26188 "GET /static/assets/img/tests/%2054.png HTTP/1.1" 404 2001
WARNING 2026-03-13 17:32:05,236 basehttp 18208 14752 "GET /static/assets/img/tests/%2057.png HTTP/1.1" 404 2001
WARNING 2026-03-13 17:32:05,282 basehttp 18208 5284 "GET /static/assets/img/tests/%2055.png HTTP/1.1" 404 2001
WARNING 2026-03-13 17:32:05,315 basehttp 18208 4860 "GET /static/assets/img/tests/56.png HTTP/1.1" 404 1996
INFO 2026-03-13 17:32:15,680 basehttp 18208 22696 "GET /sat/practise/DAY9 HTTP/1.1" 302 0
INFO 2026-03-13 17:32:18,322 basehttp 18208 22696 "GET /sat/practise/DAY9/start HTTP/1.1" 200 45539
INFO 2026-03-14 09:18:10,993 basehttp 18208 5680 "GET / HTTP/1.1" 302 0
INFO 2026-03-14 09:18:11,301 basehttp 18208 5680 "GET /sat/ HTTP/1.1" 200 9484
INFO 2026-03-14 09:18:11,438 basehttp 18208 5680 "GET /static/font-awesome-4.7.0/css/font-awesome.min.css HTTP/1.1" 304 0
INFO 2026-03-14 09:18:11,440 basehttp 18208 20744 "GET /static/assets/vendor/bootstrap/css/bootstrap.min.css HTTP/1.1" 304 0
INFO 2026-03-14 09:18:11,457 basehttp 18208 23696 "GET /static/assets/vendor/bootstrap-icons/bootstrap-icons.css HTTP/1.1" 304 0
INFO 2026-03-14 09:18:11,462 basehttp 18208 13832 "GET /static/assets/vendor/aos/aos.css HTTP/1.1" 304 0
INFO 2026-03-14 09:18:11,464 basehttp 18208 27536 "GET /static/assets/vendor/glightbox/css/glightbox.min.css HTTP/1.1" 304 0
INFO 2026-03-14 09:18:11,465 basehttp 18208 20744 "GET /static/assets/css/makon-dashboard.css HTTP/1.1" 304 0
INFO 2026-03-14 09:18:11,470 basehttp 18208 5680 "GET /static/assets/css/main.css HTTP/1.1" 304 0
INFO 2026-03-14 09:18:11,473 basehttp 18208 25080 "GET /static/assets/vendor/swiper/swiper-bundle.min.css HTTP/1.1" 304 0
INFO 2026-03-14 09:18:11,478 basehttp 18208 23696 "GET /static/assets/vendor/bootstrap/js/bootstrap.bundle.min.js HTTP/1.1" 304 0
INFO 2026-03-14 09:18:11,526 basehttp 18208 25080 "GET /static/assets/vendor/glightbox/js/glightbox.min.js HTTP/1.1" 304 0
INFO 2026-03-14 09:18:11,527 basehttp 18208 23696 "GET /static/assets/vendor/aos/aos.js HTTP/1.1" 304 0
INFO 2026-03-14 09:18:11,528 basehttp 18208 20744 "GET /static/assets/vendor/isotope-layout/isotope.pkgd.min.js HTTP/1.1" 304 0
INFO 2026-03-14 09:18:11,528 basehttp 18208 27536 "GET /static/assets/vendor/swiper/swiper-bundle.min.js HTTP/1.1" 304 0
INFO 2026-03-14 09:18:11,529 basehttp 18208 5680 "GET /static/assets/vendor/purecounter/purecounter_vanilla.js HTTP/1.1" 304 0
INFO 2026-03-14 09:18:11,533 basehttp 18208 13832 "GET /static/assets/vendor/php-email-form/validate.js HTTP/1.1" 304 0
INFO 2026-03-14 09:18:11,544 basehttp 18208 27536 "GET /static/assets/js/main.js HTTP/1.1" 304 0
INFO 2026-03-14 09:18:11,557 basehttp 18208 13832 "GET /static/assets/img/icons/icon_dashboard.png HTTP/1.1" 304 0
INFO 2026-03-14 09:18:41,818 basehttp 18208 13832 "GET /sat/practice_tests/ HTTP/1.1" 200 30898
WARNING 2026-03-14 09:18:42,247 basehttp 18208 20744 "GET /static/assets/img/tests/56.png HTTP/1.1" 404 1996
WARNING 2026-03-14 09:18:42,247 basehttp 18208 13832 "GET /static/assets/img/tests/%2054.png HTTP/1.1" 404 2001
WARNING 2026-03-14 09:18:42,261 basehttp 18208 5680 "GET /static/assets/img/tests/%2057.png HTTP/1.1" 404 2001
WARNING 2026-03-14 09:18:42,261 basehttp 18208 27536 "GET /static/assets/img/tests/%2055.png HTTP/1.1" 404 2001
INFO 2026-03-14 09:18:46,127 basehttp 18208 25080 "GET /sat/practise/DAY9 HTTP/1.1" 302 0
INFO 2026-03-14 09:18:47,993 basehttp 18208 25080 "GET /sat/practise/DAY9/start HTTP/1.1" 200 45539
INFO 2026-03-14 09:23:04,591 basehttp 18208 25080 "GET /edit-profile/ HTTP/1.1" 200 9031
INFO 2026-03-14 09:23:07,174 basehttp 18208 25080 "GET / HTTP/1.1" 302 0
INFO 2026-03-14 09:23:07,485 basehttp 18208 25080 "GET /sat/ HTTP/1.1" 200 9484
INFO 2026-03-14 09:23:18,164 basehttp 18208 25080 "GET /sat/practice_tests/ HTTP/1.1" 200 30898
WARNING 2026-03-14 09:23:18,319 basehttp 18208 25080 "GET /static/assets/img/tests/%2054.png HTTP/1.1" 404 2001
WARNING 2026-03-14 09:23:18,359 basehttp 18208 17200 "GET /static/assets/img/tests/56.png HTTP/1.1" 404 1996
WARNING 2026-03-14 09:23:18,376 basehttp 18208 9520 "GET /static/assets/img/tests/%2055.png HTTP/1.1" 404 2001
WARNING 2026-03-14 09:23:18,392 basehttp 18208 8972 "GET /static/assets/img/tests/%2057.png HTTP/1.1" 404 2001
INFO 2026-03-14 09:23:23,067 basehttp 18208 21652 "GET / HTTP/1.1" 302 0
INFO 2026-03-14 09:23:23,286 basehttp 18208 21652 "GET /sat/ HTTP/1.1" 200 9484
INFO 2026-03-14 09:23:24,559 basehttp 18208 21652 "GET /sat/vocabulary/ HTTP/1.1" 200 9982
INFO 2026-03-14 09:23:34,095 basehttp 18208 21652 "GET / HTTP/1.1" 302 0
INFO 2026-03-14 09:23:34,321 basehttp 18208 21652 "GET /sat/ HTTP/1.1" 200 9484
INFO 2026-03-14 09:23:36,460 basehttp 18208 21652 "GET /sat/admissions/ HTTP/1.1" 200 7967
INFO 2026-03-14 09:23:45,168 basehttp 18208 21652 "GET / HTTP/1.1" 302 0
INFO 2026-03-14 09:23:45,379 basehttp 18208 21652 "GET /sat/ HTTP/1.1" 200 9484
INFO 2026-03-14 09:23:47,306 basehttp 18208 21652 "GET /sat/practice_tests/ HTTP/1.1" 200 30898
WARNING 2026-03-14 09:23:47,411 basehttp 18208 21652 "GET /static/assets/img/tests/%2054.png HTTP/1.1" 404 2001
WARNING 2026-03-14 09:23:47,433 basehttp 18208 24980 "GET /static/assets/img/tests/%2055.png HTTP/1.1" 404 2001
WARNING 2026-03-14 09:23:47,501 basehttp 18208 29496 "GET /static/assets/img/tests/56.png HTTP/1.1" 404 1996
WARNING 2026-03-14 09:23:47,503 basehttp 18208 8084 "GET /static/assets/img/tests/%2057.png HTTP/1.1" 404 2001
INFO 2026-03-14 09:23:52,143 basehttp 18208 23220 "GET /sat/practise/DAY9 HTTP/1.1" 302 0
INFO 2026-03-14 09:23:53,822 basehttp 18208 23220 "GET /sat/practise/DAY9/start HTTP/1.1" 200 45539
INFO 2026-03-14 09:38:19,393 autoreload 18208 27292 C:\Users\turgu\OneDrive\Desktop\makonbook-master\makonbook-master\apps\sat\views.py changed, reloading.
INFO 2026-03-14 09:38:27,995 autoreload 25424 20764 Watching for file changes with StatReloader
INFO 2026-03-14 10:08:49,312 basehttp 25424 21704 "GET /sat/practise/DAY9/start HTTP/1.1" 200 35154
INFO 2026-03-14 10:08:51,591 basehttp 25424 21704 "GET /static/font-awesome-4.7.0/fonts/fontawesome-webfont.woff2?v=4.7.0 HTTP/1.1" 304 0
INFO 2026-03-14 10:10:04,101 basehttp 25424 21704 "POST /sat/check_the_answers HTTP/1.1" 200 11
INFO 2026-03-14 10:10:08,948 basehttp 25424 21704 "GET /sat/practise/DAY9/start HTTP/1.1" 200 37114
INFO 2026-03-14 10:10:18,237 basehttp 25424 21704 "POST /sat/check_the_answers HTTP/1.1" 200 11
INFO 2026-03-14 10:10:18,459 basehttp 25424 21704 "GET /sat/practise/DAY9/start HTTP/1.1" 302 0
INFO 2026-03-14 10:10:19,432 basehttp 25424 21704 "GET /sat/results/DAY9 HTTP/1.1" 200 40981
INFO 2026-03-14 10:10:19,755 basehttp 25424 21704 "GET /static/assets/vendor/bootstrap-icons/fonts/bootstrap-icons.woff2?dd67030699838ea613ee6dbda90effa6 HTTP/1.1" 304 0
INFO 2026-03-14 10:10:35,646 basehttp 25424 21704 "GET / HTTP/1.1" 302 0
INFO 2026-03-14 10:10:35,820 basehttp 25424 21704 "GET /sat/ HTTP/1.1" 200 9484
INFO 2026-03-15 07:50:39,637 autoreload 16876 23084 Watching for file changes with StatReloader
INFO 2026-03-15 07:50:46,847 basehttp 16876 18804 "GET / HTTP/1.1" 302 0
INFO 2026-03-15 07:50:47,147 basehttp 16876 18804 "GET /sat/ HTTP/1.1" 200 9484
INFO 2026-03-15 07:50:47,455 basehttp 16876 18804 "GET /static/assets/img/icons/SAT%20MAKON%20logo%203.png HTTP/1.1" 304 0
INFO 2026-03-15 07:50:47,565 basehttp 16876 18804 "GET /static/assets/img/icons/icon_dashboard.png HTTP/1.1" 304 0
INFO 2026-03-15 07:50:48,129 basehttp 16876 18804 "GET /static/assets/img/icons/original-icon-nobg.png HTTP/1.1" 304 0
INFO 2026-03-15 07:50:55,140 basehttp 16876 18804 "GET /sat/practice_tests/ HTTP/1.1" 200 30851
INFO 2026-03-15 07:50:55,347 basehttp 16876 18804 "GET /static/assets/img/tests/10.png HTTP/1.1" 304 0
INFO 2026-03-15 07:50:55,354 basehttp 16876 23236 "GET /static/assets/img/tests/11.png HTTP/1.1" 304 0
INFO 2026-03-15 07:50:55,365 basehttp 16876 18152 "GET /static/assets/img/tests/12.png HTTP/1.1" 304 0
INFO 2026-03-15 07:50:55,367 basehttp 16876 23236 "GET /static/assets/img/tests/16.png HTTP/1.1" 304 0
INFO 2026-03-15 07:50:55,379 basehttp 16876 22980 "GET /static/assets/img/tests/13.png HTTP/1.1" 304 0
INFO 2026-03-15 07:50:55,386 basehttp 16876 18804 "GET /static/assets/img/tests/17.png HTTP/1.1" 304 0
INFO 2026-03-15 07:50:55,386 basehttp 16876 19640 "GET /static/assets/img/tests/15.png HTTP/1.1" 304 0
INFO 2026-03-15 07:50:55,397 basehttp 16876 23236 "GET /static/assets/img/tests/18.png HTTP/1.1" 304 0
INFO 2026-03-15 07:50:55,399 basehttp 16876 23348 "GET /static/assets/img/tests/14.png HTTP/1.1" 304 0
INFO 2026-03-15 07:50:55,400 basehttp 16876 18152 "GET /static/assets/img/tests/19.png HTTP/1.1" 304 0
INFO 2026-03-15 07:50:55,403 basehttp 16876 19640 "GET /static/assets/img/tests/20.png HTTP/1.1" 304 0
INFO 2026-03-15 07:50:55,406 basehttp 16876 23348 "GET /static/assets/img/tests/21.png HTTP/1.1" 304 0
INFO 2026-03-15 07:50:55,408 basehttp 16876 18152 "GET /static/assets/img/tests/22.png HTTP/1.1" 304 0
INFO 2026-03-15 07:50:55,428 basehttp 16876 19640 "GET /static/assets/img/tests/26.png HTTP/1.1" 304 0
INFO 2026-03-15 07:50:55,440 basehttp 16876 18152 "GET /static/assets/img/tests/23.png HTTP/1.1" 304 0
INFO 2026-03-15 07:50:55,442 basehttp 16876 23236 "GET /static/assets/img/tests/27.png HTTP/1.1" 304 0
INFO 2026-03-15 07:50:55,444 basehttp 16876 18804 "GET /static/assets/img/tests/28.png HTTP/1.1" 304 0
INFO 2026-03-15 07:50:55,446 basehttp 16876 19640 "GET /static/assets/img/tests/29.png HTTP/1.1" 304 0
INFO 2026-03-15 07:50:55,455 basehttp 16876 23348 "GET /static/assets/img/tests/24.png HTTP/1.1" 304 0
INFO 2026-03-15 07:50:55,462 basehttp 16876 19640 "GET /static/assets/img/tests/32.png HTTP/1.1" 304 0
INFO 2026-03-15 07:50:55,464 basehttp 16876 18804 "GET /static/assets/img/tests/34.png HTTP/1.1" 304 0
INFO 2026-03-15 07:50:55,465 basehttp 16876 18152 "GET /static/assets/img/tests/30.png HTTP/1.1" 304 0
INFO 2026-03-15 07:50:55,471 basehttp 16876 23348 "GET /static/assets/img/tests/31.png HTTP/1.1" 304 0
INFO 2026-03-15 07:50:55,472 basehttp 16876 23236 "GET /static/assets/img/tests/33.png HTTP/1.1" 304 0
INFO 2026-03-15 07:50:55,483 basehttp 16876 18152 "GET /static/assets/img/tests/35.png HTTP/1.1" 304 0
INFO 2026-03-15 07:50:55,486 basehttp 16876 23236 "GET /static/assets/img/tests/36.png HTTP/1.1" 304 0
INFO 2026-03-15 07:50:55,487 basehttp 16876 23348 "GET /static/assets/img/tests/37.png HTTP/1.1" 304 0
INFO 2026-03-15 07:50:55,496 basehttp 16876 23348 "GET /static/assets/img/tests/39.png HTTP/1.1" 304 0
INFO 2026-03-15 07:50:55,499 basehttp 16876 18804 "GET /static/assets/img/tests/38.png HTTP/1.1" 304 0
INFO 2026-03-15 07:50:55,505 basehttp 16876 23236 "GET /static/assets/img/tests/40.png HTTP/1.1" 304 0
INFO 2026-03-15 07:50:55,516 basehttp 16876 18804 "GET /static/assets/img/tests/42.png HTTP/1.1" 304 0
INFO 2026-03-15 07:50:55,521 basehttp 16876 23348 "GET /static/assets/img/tests/44.png HTTP/1.1" 304 0
INFO 2026-03-15 07:50:55,524 basehttp 16876 18152 "GET /static/assets/img/tests/45.png HTTP/1.1" 304 0
INFO 2026-03-15 07:50:55,525 basehttp 16876 23236 "GET /static/assets/img/tests/43.png HTTP/1.1" 304 0
INFO 2026-03-15 07:50:55,533 basehttp 16876 19640 "GET /static/assets/img/tests/46.png HTTP/1.1" 304 0
INFO 2026-03-15 07:50:55,534 basehttp 16876 18804 "GET /static/assets/img/tests/47.png HTTP/1.1" 304 0
INFO 2026-03-15 07:50:55,546 basehttp 16876 23236 "GET /static/assets/img/tests/48.png HTTP/1.1" 304 0
INFO 2026-03-15 07:50:55,547 basehttp 16876 18804 "GET /static/assets/img/tests/49.png HTTP/1.1" 304 0
INFO 2026-03-15 07:50:55,548 basehttp 16876 19640 "GET /static/assets/img/tests/50.png HTTP/1.1" 304 0
INFO 2026-03-15 07:50:55,559 basehttp 16876 18804 "GET /static/assets/img/tests/51.png HTTP/1.1" 304 0
INFO 2026-03-15 07:50:55,562 basehttp 16876 19640 "GET /static/assets/img/tests/52.png HTTP/1.1" 304 0
INFO 2026-03-15 07:50:55,590 basehttp 16876 23236 "GET /static/assets/img/tests/53.png HTTP/1.1" 304 0
WARNING 2026-03-15 07:50:55,599 basehttp 16876 19640 "GET /static/assets/img/tests/%2055.png HTTP/1.1" 404 2001
WARNING 2026-03-15 07:50:55,606 basehttp 16876 18152 "GET /static/assets/img/tests/%2054.png HTTP/1.1" 404 2001
WARNING 2026-03-15 07:50:55,619 basehttp 16876 18804 "GET /static/assets/img/tests/56.png HTTP/1.1" 404 1996
WARNING 2026-03-15 07:50:55,621 basehttp 16876 23348 "GET /static/assets/img/tests/%2057.png HTTP/1.1" 404 2001
WARNING 2026-03-15 10:04:04,499 basehttp 16876 8576 "GET /static/assets/img/tests/%2055.png HTTP/1.1" 404 2001
WARNING 2026-03-15 14:14:32,838 basehttp 16876 20752 "GET /static/assets/img/tests/%2055.png HTTP/1.1" 404 2001
INFO 2026-03-15 16:56:00,664 autoreload 23616 25592 Watching for file changes with StatReloader
INFO 2026-03-15 16:56:04,911 basehttp 23616 10536 "GET /sat/practice_tests/ HTTP/1.1" 200 30851
WARNING 2026-03-15 16:56:05,292 basehttp 23616 10536 "GET /static/assets/img/tests/%2055.png HTTP/1.1" 404 2001
WARNING 2026-03-15 16:56:05,297 basehttp 23616 15008 "GET /static/assets/img/tests/%2054.png HTTP/1.1" 404 2001
WARNING 2026-03-15 16:56:05,312 basehttp 23616 8860 "GET /static/assets/img/tests/%2057.png HTTP/1.1" 404 2001
WARNING 2026-03-15 16:56:05,314 basehttp 23616 9344 "GET /static/assets/img/tests/56.png HTTP/1.1" 404 1996
INFO 2026-03-15 16:56:06,717 basehttp 23616 25556 "GET /logout/ HTTP/1.1" 302 0
INFO 2026-03-15 16:56:06,732 basehttp 23616 25556 "GET /login HTTP/1.1" 301 0
INFO 2026-03-15 16:56:06,782 basehttp 23616 8552 "GET /login/ HTTP/1.1" 200 2555
INFO 2026-03-15 16:56:06,923 basehttp 23616 8552 "GET /static/assets/css/makon-style.css HTTP/1.1" 304 0
INFO 2026-03-15 16:56:06,926 basehttp 23616 23060 "GET /static/assets/img/icons/white-icon-nobg.png HTTP/1.1" 304 0
INFO 2026-03-15 16:56:06,928 basehttp 23616 25276 "GET /static/assets/js/login-main.js HTTP/1.1" 304 0
INFO 2026-03-15 16:56:16,184 basehttp 23616 25276 "POST /login/ HTTP/1.1" 302 0
INFO 2026-03-15 16:56:16,385 basehttp 23616 25276 "GET /sat/ HTTP/1.1" 200 9286
INFO 2026-03-15 16:56:16,487 basehttp 23616 25276 "GET /static/assets/img/icons/icon_dashboard.png HTTP/1.1" 304 0
INFO 2026-03-15 16:56:23,667 basehttp 23616 25276 "GET /sat/practice_tests/ HTTP/1.1" 200 7489
INFO 2026-03-15 16:56:29,115 basehttp 23616 25276 "GET / HTTP/1.1" 302 0
INFO 2026-03-15 16:56:29,204 basehttp 23616 25276 "GET /sat/ HTTP/1.1" 200 9286
INFO 2026-03-15 16:56:31,004 basehttp 23616 25276 "GET /sat/vocabulary/ HTTP/1.1" 200 9784
INFO 2026-03-15 16:56:33,358 basehttp 23616 25276 "GET / HTTP/1.1" 302 0
INFO 2026-03-15 16:56:33,564 basehttp 23616 25276 "GET /sat/ HTTP/1.1" 200 9286
INFO 2026-03-15 16:56:34,415 basehttp 23616 25276 "GET /sat/admissions/ HTTP/1.1" 200 7769
INFO 2026-03-15 16:56:36,819 basehttp 23616 25276 "GET / HTTP/1.1" 302 0
INFO 2026-03-15 16:56:36,931 basehttp 23616 25276 "GET /sat/ HTTP/1.1" 200 9286
INFO 2026-03-15 16:56:37,729 basehttp 23616 25276 "GET /sat/vocabulary/ HTTP/1.1" 200 9784
INFO 2026-03-15 16:56:39,633 basehttp 23616 25276 "GET / HTTP/1.1" 302 0
INFO 2026-03-15 16:56:39,728 basehttp 23616 25276 "GET /sat/ HTTP/1.1" 200 9286
INFO 2026-03-15 16:56:40,703 basehttp 23616 25276 "GET /sat/practice_tests/ HTTP/1.1" 200 7489
INFO 2026-03-15 16:56:42,679 basehttp 23616 25276 "GET / HTTP/1.1" 302 0
INFO 2026-03-15 16:56:42,863 basehttp 23616 25276 "GET /sat/ HTTP/1.1" 200 9286
INFO 2026-03-15 16:56:43,870 basehttp 23616 25276 "GET /sat/vocabulary/ HTTP/1.1" 200 9784
INFO 2026-03-15 16:56:45,206 basehttp 23616 25276 "GET / HTTP/1.1" 302 0
INFO 2026-03-15 16:56:45,302 basehttp 23616 25276 "GET /sat/ HTTP/1.1" 200 9286
INFO 2026-03-15 16:56:53,363 basehttp 23616 20772 "GET /logout/ HTTP/1.1" 302 0
INFO 2026-03-15 16:56:53,374 basehttp 23616 20772 "GET /login/ HTTP/1.1" 200 2555
INFO 2026-03-15 16:56:59,083 basehttp 23616 20772 "POST /login/ HTTP/1.1" 302 0
INFO 2026-03-15 16:56:59,176 basehttp 23616 20772 "GET /sat/ HTTP/1.1" 200 9484
INFO 2026-03-15 17:09:43,172 autoreload 23616 25592 C:\Users\turgu\OneDrive\Desktop\makonbook-master\makonbook-master\apps\base\views.py changed, reloading.
INFO 2026-03-15 17:09:45,870 autoreload 25516 12184 Watching for file changes with StatReloader
INFO 2026-03-15 17:10:25,982 autoreload 25516 12184 C:\Users\turgu\OneDrive\Desktop\makonbook-master\makonbook-master\apps\base\views.py changed, reloading.
INFO 2026-03-15 17:10:28,355 autoreload 24732 17348 Watching for file changes with StatReloader
INFO 2026-03-15 17:11:04,800 autoreload 24732 17348 C:\Users\turgu\OneDrive\Desktop\makonbook-master\makonbook-master\apps\sat\views.py changed, reloading.
INFO 2026-03-15 17:11:07,155 autoreload 4188 21908 Watching for file changes with StatReloader
INFO 2026-03-15 17:12:56,663 autoreload 4188 21908 C:\Users\turgu\OneDrive\Desktop\makonbook-master\makonbook-master\apps\sat\urls.py changed, reloading.
INFO 2026-03-15 17:12:58,701 autoreload 24412 18524 Watching for file changes with StatReloader
INFO 2026-03-15 17:22:22,507 basehttp 24412 14016 "GET /sat/ HTTP/1.1" 200 9484
ERROR 2026-03-15 17:22:25,149 basehttp 24412 14016 "GET /sat/vocabulary/ HTTP/1.1" 500 225564
WARNING 2026-03-15 17:22:25,497 basehttp 24412 14016 "GET /favicon.ico HTTP/1.1" 404 4513
ERROR 2026-03-15 17:24:28,965 basehttp 24412 14016 "GET /sat/vocabulary/ HTTP/1.1" 500 225701
INFO 2026-03-15 17:24:31,135 basehttp 24412 14016 "GET / HTTP/1.1" 302 0
INFO 2026-03-15 17:24:31,271 basehttp 24412 14016 "GET /sat/ HTTP/1.1" 200 9484
INFO 2026-03-15 17:24:32,679 basehttp 24412 14016 "GET /sat/practice_tests/ HTTP/1.1" 200 30851
WARNING 2026-03-15 17:24:32,933 basehttp 24412 14016 "GET /static/assets/img/tests/%2055.png HTTP/1.1" 404 2001
WARNING 2026-03-15 17:24:32,937 basehttp 24412 13092 "GET /static/assets/img/tests/56.png HTTP/1.1" 404 1996
WARNING 2026-03-15 17:24:32,939 basehttp 24412 21272 "GET /static/assets/img/tests/%2054.png HTTP/1.1" 404 2001
WARNING 2026-03-15 17:24:32,942 basehttp 24412 24168 "GET /static/assets/img/tests/%2057.png HTTP/1.1" 404 2001
ERROR 2026-03-15 17:24:35,995 basehttp 24412 21716 "GET /sat/admissions/ HTTP/1.1" 500 225372
ERROR 2026-03-15 17:24:39,332 basehttp 24412 21716 "GET /sat/vocabulary/ HTTP/1.1" 500 225564
ERROR 2026-03-15 17:27:20,420 basehttp 24412 21716 "GET /sat/admissions/ HTTP/1.1" 500 225372
INFO 2026-03-15 17:57:16,247 autoreload 24412 18524 C:\Users\turgu\OneDrive\Desktop\makonbook-master\makonbook-master\apps\sat\views.py changed, reloading.
INFO 2026-03-15 17:57:21,136 autoreload 17644 2032 Watching for file changes with StatReloader
INFO 2026-03-15 17:57:31,224 autoreload 17644 2032 C:\Users\turgu\OneDrive\Desktop\makonbook-master\makonbook-master\apps\sat\views.py changed, reloading.
INFO 2026-03-15 17:57:34,111 autoreload 25364 22064 Watching for file changes with StatReloader
INFO 2026-03-15 17:59:29,275 basehttp 25364 21624 "GET /sat HTTP/1.1" 301 0
INFO 2026-03-15 17:59:29,704 basehttp 25364 9600 "GET /sat/ HTTP/1.1" 200 9484
ERROR 2026-03-15 17:59:32,354 basehttp 25364 9600 "GET /sat/vocabulary/ HTTP/1.1" 500 220947
INFO 2026-03-15 18:00:18,174 autoreload 25364 22064 C:\Users\turgu\OneDrive\Desktop\makonbook-master\makonbook-master\apps\sat\views.py changed, reloading.
INFO 2026-03-15 18:00:21,884 autoreload 12440 5044 Watching for file changes with StatReloader
INFO 2026-03-15 18:00:23,578 basehttp 12440 24232 "GET /sat/ HTTP/1.1" 200 9484
INFO 2026-03-15 18:00:25,126 basehttp 12440 24232 "GET /sat/vocabulary/ HTTP/1.1" 200 7865
ERROR 2026-03-15 18:00:27,954 basehttp 12440 24232 "GET /sat/vocabulary/word_lists/ HTTP/1.1" 500 108264
INFO 2026-03-15 18:01:00,010 basehttp 12440 24232 "GET /sat/ HTTP/1.1" 200 9484
INFO 2026-03-15 18:01:01,293 basehttp 12440 24232 "GET /sat/admissions/ HTTP/1.1" 200 7819
WARNING 2026-03-15 18:01:02,945 basehttp 12440 24232 "GET /sat/admissions/application-help/ HTTP/1.1" 404 10952
INFO 2026-03-15 18:01:14,771 basehttp 12440 24232 "GET /sat/vocabulary/ HTTP/1.1" 200 7865
ERROR 2026-03-15 18:01:16,614 basehttp 12440 24232 "GET /sat/vocabulary/word_lists/ HTTP/1.1" 500 108264
INFO 2026-03-15 18:01:43,764 autoreload 12440 5044 C:\Users\turgu\OneDrive\Desktop\makonbook-master\makonbook-master\apps\sat\views.py changed, reloading.
INFO 2026-03-15 18:01:45,491 autoreload 23236 22956 Watching for file changes with StatReloader
INFO 2026-03-15 18:02:13,674 basehttp 23236 16836 "GET /sat/vocabulary/ HTTP/1.1" 200 7865
ERROR 2026-03-15 18:02:15,353 basehttp 23236 16836 "GET /sat/vocabulary/word_lists/ HTTP/1.1" 500 108264
INFO 2026-03-15 18:02:35,207 basehttp 23236 16836 "GET /sat/admissions/ HTTP/1.1" 200 7819
INFO 2026-03-15 18:02:36,842 basehttp 23236 16836 "GET /sat/admissions/university_guide/ HTTP/1.1" 200 7272
INFO 2026-03-15 18:02:43,231 basehttp 23236 16836 "GET /sat/admissions/ HTTP/1.1" 200 7819
INFO 2026-03-15 18:02:44,548 basehttp 23236 16836 "GET /sat/admissions/application_help/ HTTP/1.1" 200 7324
INFO 2026-03-15 18:02:47,767 basehttp 23236 16836 "GET /sat/admissions/ HTTP/1.1" 200 7819
INFO 2026-03-15 18:02:49,199 basehttp 23236 16836 "GET /sat/admissions/scholarships/ HTTP/1.1" 200 7123
INFO 2026-03-15 18:02:52,589 basehttp 23236 16836 "GET /sat/admissions/ HTTP/1.1" 200 7819
INFO 2026-03-15 18:02:53,725 basehttp 23236 16836 "GET /sat/admissions/application_help/ HTTP/1.1" 200 7324
INFO 2026-03-15 18:02:56,714 basehttp 23236 16836 "GET /sat/admissions/ HTTP/1.1" 200 7819
INFO 2026-03-15 18:02:58,204 basehttp 23236 16836 "GET /sat/admissions/university_guide/ HTTP/1.1" 200 7272
INFO 2026-03-15 18:03:00,140 basehttp 23236 16836 "GET /sat/admissions/ HTTP/1.1" 200 7819
INFO 2026-03-15 18:04:41,438 basehttp 23236 16836 "GET / HTTP/1.1" 302 0
INFO 2026-03-15 18:04:41,715 basehttp 23236 16836 "GET /sat/ HTTP/1.1" 200 9484
INFO 2026-03-15 18:04:43,470 basehttp 23236 16836 "GET /sat/vocabulary/ HTTP/1.1" 200 7865
ERROR 2026-03-15 18:04:45,158 basehttp 23236 16836 "GET /sat/vocabulary/flashcards/ HTTP/1.1" 500 103158
INFO 2026-03-15 18:07:24,318 basehttp 23236 16836 "GET /sat/vocabulary/ HTTP/1.1" 200 7865
INFO 2026-03-15 18:07:26,212 basehttp 23236 16836 "GET /sat/vocabulary/word_lists/ HTTP/1.1" 200 8750
INFO 2026-03-15 18:07:31,599 basehttp 23236 16836 "GET /sat/vocabulary/ HTTP/1.1" 200 7865
INFO 2026-03-15 18:07:33,233 basehttp 23236 16836 "GET /sat/vocabulary/flashcards/ HTTP/1.1" 200 7976
INFO 2026-03-15 18:07:41,129 basehttp 23236 16836 "GET /sat/vocabulary/ HTTP/1.1" 200 7865
INFO 2026-03-15 18:07:42,491 basehttp 23236 16836 "GET /sat/vocabulary/practice_quiz/ HTTP/1.1" 200 7558
INFO 2026-03-15 18:07:47,527 basehttp 23236 16836 "GET /sat/vocabulary/ HTTP/1.1" 200 7865
INFO 2026-03-15 18:09:04,736 basehttp 23236 16836 "GET /sat/vocabulary/word_lists/ HTTP/1.1" 200 8750
INFO 2026-03-15 18:09:56,226 basehttp 23236 16836 "GET /sat/vocabulary/ HTTP/1.1" 200 7865
INFO 2026-03-15 18:09:58,196 basehttp 23236 16836 "GET /sat/vocabulary/flashcards/ HTTP/1.1" 200 7976
INFO 2026-03-15 18:10:31,328 basehttp 23236 17808 "GET /sat/vocabulary/ HTTP/1.1" 200 7865
INFO 2026-03-15 18:20:48,291 basehttp 23236 19676 "GET /sat/vocabulary/ HTTP/1.1" 200 7878
INFO 2026-03-15 18:20:50,072 basehttp 23236 19676 "GET / HTTP/1.1" 302 0
INFO 2026-03-15 18:20:50,234 basehttp 23236 19676 "GET /sat/ HTTP/1.1" 200 9495
INFO 2026-03-15 18:20:51,441 basehttp 23236 19676 "GET /sat/vocabulary/ HTTP/1.1" 200 7878
INFO 2026-03-15 18:20:52,977 basehttp 23236 19676 "GET /sat/vocabulary/word_lists/ HTTP/1.1" 200 8815
INFO 2026-03-15 18:20:56,755 basehttp 23236 19676 "GET /sat/vocabulary/ HTTP/1.1" 200 7878
INFO 2026-03-15 18:20:58,561 basehttp 23236 19676 "GET /sat/vocabulary/flashcards/ HTTP/1.1" 200 8041
INFO 2026-03-15 18:21:02,098 basehttp 23236 19676 "GET /sat/vocabulary/ HTTP/1.1" 200 7878
INFO 2026-03-15 18:21:03,489 basehttp 23236 19676 "GET /sat/vocabulary/practice_quiz/ HTTP/1.1" 200 7623
INFO 2026-03-15 18:21:04,998 basehttp 23236 19676 "GET /sat/vocabulary/ HTTP/1.1" 200 7878
INFO 2026-03-15 18:21:06,048 basehttp 23236 19676 "GET / HTTP/1.1" 302 0
INFO 2026-03-15 18:21:06,223 basehttp 23236 19676 "GET /sat/ HTTP/1.1" 200 9495
INFO 2026-03-15 18:21:07,561 basehttp 23236 19676 "GET /sat/admissions/ HTTP/1.1" 200 7832
INFO 2026-03-15 18:21:09,710 basehttp 23236 19676 "GET /sat/admissions/university_guide/ HTTP/1.1" 200 7337
INFO 2026-03-15 18:21:11,020 basehttp 23236 19676 "GET /sat/admissions/ HTTP/1.1" 200 7832
INFO 2026-03-15 18:21:12,735 basehttp 23236 19676 "GET /sat/admissions/application_help/ HTTP/1.1" 200 7389
INFO 2026-03-15 18:21:15,832 basehttp 23236 19676 "GET /sat/admissions/ HTTP/1.1" 200 7832
INFO 2026-03-15 18:21:40,352 basehttp 23236 19676 "GET /sat/admissions/scholarships/ HTTP/1.1" 200 7188
INFO 2026-03-15 18:21:42,057 basehttp 23236 19676 "GET / HTTP/1.1" 302 0
INFO 2026-03-15 18:21:42,238 basehttp 23236 19676 "GET /sat/ HTTP/1.1" 200 9495
INFO 2026-03-15 18:24:24,232 basehttp 23236 19676 "GET /sat/vocabulary/ HTTP/1.1" 200 7878
INFO 2026-03-15 18:24:25,867 basehttp 23236 19676 "GET / HTTP/1.1" 302 0
INFO 2026-03-15 18:24:26,039 basehttp 23236 19676 "GET /sat/ HTTP/1.1" 200 9495
INFO 2026-03-15 19:21:38,950 basehttp 23236 11048 "GET /sat/vocabulary/ HTTP/1.1" 200 7878
INFO 2026-03-15 19:21:40,378 basehttp 23236 11048 "GET /sat/vocabulary/word_lists/ HTTP/1.1" 200 8815
INFO 2026-03-15 19:21:43,027 basehttp 23236 11048 "GET /sat/vocabulary/ HTTP/1.1" 200 7878
INFO 2026-03-15 19:21:44,076 basehttp 23236 11048 "GET / HTTP/1.1" 302 0
INFO 2026-03-15 19:21:44,210 basehttp 23236 11048 "GET /sat/ HTTP/1.1" 200 9495
INFO 2026-03-15 19:21:47,539 basehttp 23236 11048 "GET /sat/admin-panel/ HTTP/1.1" 200 11975
INFO 2026-03-15 19:21:49,492 basehttp 23236 11048 "GET /sat/admin-panel/users/ HTTP/1.1" 200 38732
INFO 2026-03-15 19:21:50,515 basehttp 23236 11048 "GET /sat/admin-panel/ HTTP/1.1" 200 11975
INFO 2026-03-15 19:21:52,243 basehttp 23236 11048 "GET / HTTP/1.1" 302 0
INFO 2026-03-15 19:21:52,345 basehttp 23236 11048 "GET /sat/ HTTP/1.1" 200 9495
INFO 2026-03-15 19:21:53,527 basehttp 23236 11048 "GET /sat/vocabulary/ HTTP/1.1" 200 7878
INFO 2026-03-16 08:29:29,501 basehttp 23236 13152 "GET / HTTP/1.1" 302 0
INFO 2026-03-16 08:29:29,681 basehttp 23236 13152 "GET /sat/ HTTP/1.1" 200 9495
INFO 2026-03-16 08:29:30,041 basehttp 23236 13152 "GET /static/assets/vendor/aos/aos.css HTTP/1.1" 304 0
INFO 2026-03-16 08:29:30,047 basehttp 23236 17996 "GET /static/assets/vendor/bootstrap-icons/bootstrap-icons.css HTTP/1.1" 304 0
INFO 2026-03-16 08:29:30,049 basehttp 23236 19448 "GET /static/font-awesome-4.7.0/css/font-awesome.min.css HTTP/1.1" 304 0
INFO 2026-03-16 08:29:30,049 basehttp 23236 25052 "GET /static/assets/css/main.css HTTP/1.1" 304 0
INFO 2026-03-16 08:29:30,053 basehttp 23236 20280 "GET /static/assets/css/makon-dashboard.css HTTP/1.1" 304 0
INFO 2026-03-16 08:29:30,055 basehttp 23236 13152 "GET /static/assets/vendor/glightbox/css/glightbox.min.css HTTP/1.1" 304 0
INFO 2026-03-16 08:29:30,055 basehttp 23236 17996 "GET /static/assets/vendor/bootstrap/js/bootstrap.bundle.min.js HTTP/1.1" 304 0
INFO 2026-03-16 08:29:30,057 basehttp 23236 19448 "GET /static/assets/vendor/bootstrap/css/bootstrap.min.css HTTP/1.1" 304 0
INFO 2026-03-16 08:29:30,076 basehttp 23236 19448 "GET /static/assets/vendor/aos/aos.js HTTP/1.1" 304 0
INFO 2026-03-16 08:29:30,076 basehttp 23236 24856 "GET /static/assets/vendor/swiper/swiper-bundle.min.css HTTP/1.1" 304 0
INFO 2026-03-16 08:29:30,093 basehttp 23236 24856 "GET /static/assets/vendor/glightbox/js/glightbox.min.js HTTP/1.1" 304 0
INFO 2026-03-16 08:29:30,093 basehttp 23236 17996 "GET /static/assets/vendor/swiper/swiper-bundle.min.js HTTP/1.1" 304 0
INFO 2026-03-16 08:29:30,093 basehttp 23236 19448 "GET /static/assets/vendor/purecounter/purecounter_vanilla.js HTTP/1.1" 304 0
INFO 2026-03-16 08:29:30,100 basehttp 23236 13152 "GET /static/assets/vendor/isotope-layout/isotope.pkgd.min.js HTTP/1.1" 304 0
INFO 2026-03-16 08:29:30,102 basehttp 23236 17996 "GET /static/assets/js/main.js HTTP/1.1" 304 0
INFO 2026-03-16 08:29:30,104 basehttp 23236 19448 "GET /static/assets/vendor/php-email-form/validate.js HTTP/1.1" 304 0
INFO 2026-03-16 08:29:30,129 basehttp 23236 19448 "GET /static/assets/img/icons/icon_dashboard.png HTTP/1.1" 304 0
INFO 2026-03-16 08:29:30,158 basehttp 23236 17996 "GET /static/assets/vendor/bootstrap-icons/fonts/bootstrap-icons.woff2?dd67030699838ea613ee6dbda90effa6 HTTP/1.1" 304 0
INFO 2026-03-16 08:29:30,168 basehttp 23236 19448 "GET /static/font-awesome-4.7.0/fonts/fontawesome-webfont.woff2?v=4.7.0 HTTP/1.1" 304 0
INFO 2026-03-16 08:29:32,405 basehttp 23236 19448 "GET /sat/practice_tests/ HTTP/1.1" 200 30864
WARNING 2026-03-16 08:29:32,836 basehttp 23236 24856 "GET /static/assets/img/tests/%2057.png HTTP/1.1" 404 2001
WARNING 2026-03-16 08:29:32,836 basehttp 23236 19448 "GET /static/assets/img/tests/%2055.png HTTP/1.1" 404 2001
WARNING 2026-03-16 08:29:32,836 basehttp 23236 17996 "GET /static/assets/img/tests/%2054.png HTTP/1.1" 404 2001
WARNING 2026-03-16 08:29:32,840 basehttp 23236 13152 "GET /static/assets/img/tests/56.png HTTP/1.1" 404 1996
INFO 2026-03-16 08:29:36,723 basehttp 23236 20280 "GET /sat/vocabulary/ HTTP/1.1" 200 7878
INFO 2026-03-16 08:29:40,593 basehttp 23236 20280 "GET /sat/vocabulary/word_lists/ HTTP/1.1" 200 8815
INFO 2026-03-16 08:30:51,828 basehttp 23236 20280 "GET /sat/vocabulary/ HTTP/1.1" 200 7878
INFO 2026-03-16 08:30:54,902 basehttp 23236 20280 "GET /sat/vocabulary/flashcards/ HTTP/1.1" 200 8041
INFO 2026-03-16 08:30:58,111 basehttp 23236 20280 "GET /sat/vocabulary/ HTTP/1.1" 200 7878
INFO 2026-03-16 08:33:37,025 basehttp 23236 20280 "GET /sat/vocabulary/ HTTP/1.1" 200 7878
INFO 2026-03-16 08:33:39,716 basehttp 23236 20280 "GET /sat/vocabulary/word_lists/ HTTP/1.1" 200 12240
INFO 2026-03-16 08:33:46,474 basehttp 23236 20280 "GET /sat/vocabulary/ HTTP/1.1" 200 7878
INFO 2026-03-16 08:33:48,098 basehttp 23236 20280 "GET /sat/vocabulary/flashcards/ HTTP/1.1" 200 16846
INFO 2026-03-16 08:35:22,750 basehttp 23236 20280 "GET /sat/vocabulary/ HTTP/1.1" 200 7878
INFO 2026-03-16 09:21:06,878 basehttp 23236 19040 "GET /sat/vocabulary/flashcards/ HTTP/1.1" 200 16846
INFO 2026-03-16 09:21:51,399 basehttp 23236 19040 "GET /sat/vocabulary/flashcards/ HTTP/1.1" 200 14769
INFO 2026-03-16 09:22:27,920 basehttp 23236 19040 "GET /sat/vocabulary/flashcards/ HTTP/1.1" 200 14786
INFO 2026-03-16 09:22:34,603 basehttp 23236 19040 "GET /sat/vocabulary/flashcards/ HTTP/1.1" 200 14787
INFO 2026-03-16 09:22:41,310 basehttp 23236 19040 "GET /sat/vocabulary/flashcards/ HTTP/1.1" 200 14787
INFO 2026-03-16 09:22:49,763 basehttp 23236 19040 "GET /sat/vocabulary/flashcards/ HTTP/1.1" 200 14787
INFO 2026-03-16 09:23:01,839 basehttp 23236 19040 "GET /sat/vocabulary/flashcards/ HTTP/1.1" 200 14786
INFO 2026-03-16 09:23:15,977 basehttp 23236 19040 "GET /sat/vocabulary/ HTTP/1.1" 200 7878
INFO 2026-03-16 09:23:20,071 basehttp 23236 19040 "GET /sat/vocabulary/practice_quiz/ HTTP/1.1" 200 10683
INFO 2026-03-16 10:39:37,151 autoreload 23236 22956 C:\Users\turgu\OneDrive\Desktop\makonbook-master\makonbook-master\apps\sat\views.py changed, reloading.
INFO 2026-03-16 10:39:41,534 autoreload 15704 2232 Watching for file changes with StatReloader
INFO 2026-03-16 10:48:34,370 autoreload 15704 2232 C:\Users\turgu\OneDrive\Desktop\makonbook-master\makonbook-master\apps\sat\urls.py changed, reloading.
INFO 2026-03-16 10:48:38,299 autoreload 20968 2304 Watching for file changes with StatReloader
INFO 2026-03-16 10:48:42,373 basehttp 20968 1140 "GET /sat/vocabulary/word_lists/ HTTP/1.1" 200 11988
INFO 2026-03-16 10:48:44,916 basehttp 20968 1140 "GET /sat/vocabulary/ HTTP/1.1" 200 7878
INFO 2026-03-16 10:48:46,651 basehttp 20968 1140 "GET /sat/vocabulary/flashcards/ HTTP/1.1" 200 14786
INFO 2026-03-16 10:48:52,663 basehttp 20968 1140 "GET /sat/vocabulary/ HTTP/1.1" 200 7878
INFO 2026-03-16 10:48:54,851 basehttp 20968 1140 "GET /sat/vocabulary/practice_quiz/ HTTP/1.1" 200 10683
INFO 2026-03-16 10:49:46,297 basehttp 20968 1140 "GET /sat/vocabulary/ HTTP/1.1" 200 7878
INFO 2026-03-16 10:53:16,200 basehttp 20968 1140 "GET /sat/vocabulary/flashcards/ HTTP/1.1" 200 14786
INFO 2026-03-16 10:55:06,940 basehttp 20968 1140 "GET /sat/vocabulary/ HTTP/1.1" 200 7878
INFO 2026-03-16 10:55:09,150 basehttp 20968 1140 "GET /sat/vocabulary/practice_quiz/ HTTP/1.1" 200 10683
INFO 2026-03-16 12:22:51,606 basehttp 20968 1300 "GET /sat/vocabulary/ HTTP/1.1" 200 7878
INFO 2026-03-16 12:24:02,883 basehttp 20968 22700 "GET /sat/vocabulary/word_lists/ HTTP/1.1" 200 11988
INFO 2026-03-16 12:24:06,976 basehttp 20968 22700 "GET /sat/vocabulary/ HTTP/1.1" 200 7878
INFO 2026-03-16 12:24:09,420 basehttp 20968 22700 "GET /sat/vocabulary/flashcards/ HTTP/1.1" 200 14786
INFO 2026-03-16 12:24:13,946 basehttp 20968 22700 "GET /sat/vocabulary/ HTTP/1.1" 200 7878
INFO 2026-03-16 12:24:15,496 basehttp 20968 22700 "GET /sat/vocabulary/practice_quiz/ HTTP/1.1" 200 10683
INFO 2026-03-16 12:24:17,195 basehttp 20968 22700 "GET /sat/vocabulary/ HTTP/1.1" 200 7878
INFO 2026-03-16 12:24:37,373 basehttp 20968 22700 "GET / HTTP/1.1" 302 0
INFO 2026-03-16 12:24:37,569 basehttp 20968 22700 "GET /sat/ HTTP/1.1" 200 9495
INFO 2026-03-16 12:24:39,674 basehttp 20968 22700 "GET /sat/admissions/ HTTP/1.1" 200 7832
INFO 2026-03-16 12:24:41,344 basehttp 20968 22700 "GET /sat/admissions/university_guide/ HTTP/1.1" 200 7337
INFO 2026-03-16 12:24:44,059 basehttp 20968 22700 "GET /sat/admissions/ HTTP/1.1" 200 7832
INFO 2026-03-16 12:24:45,806 basehttp 20968 22700 "GET /sat/admissions/application_help/ HTTP/1.1" 200 7389
INFO 2026-03-16 12:24:49,347 basehttp 20968 22700 "GET /sat/admissions/ HTTP/1.1" 200 7832
INFO 2026-03-16 12:24:50,730 basehttp 20968 22700 "GET /sat/admissions/scholarships/ HTTP/1.1" 200 7188
INFO 2026-03-16 12:24:53,230 basehttp 20968 22700 "GET /sat/admissions/ HTTP/1.1" 200 7832
INFO 2026-03-16 12:24:58,866 basehttp 20968 22700 "GET / HTTP/1.1" 302 0
INFO 2026-03-16 12:24:59,009 basehttp 20968 22700 "GET /sat/ HTTP/1.1" 200 9495
INFO 2026-03-16 12:25:01,185 basehttp 20968 22700 "GET /sat/vocabulary/ HTTP/1.1" 200 7878
INFO 2026-03-16 12:25:03,461 basehttp 20968 22700 "GET /sat/vocabulary/practice_quiz/ HTTP/1.1" 200 10683
INFO 2026-03-16 12:36:08,494 autoreload 20968 2304 C:\Users\turgu\OneDrive\Desktop\makonbook-master\makonbook-master\apps\sat\urls.py changed, reloading.
INFO 2026-03-16 12:36:14,367 autoreload 21932 7888 Watching for file changes with StatReloader
ERROR 2026-03-16 12:36:17,320 basehttp 21932 11380 "GET /sat/vocabulary/ HTTP/1.1" 500 258561
INFO 2026-03-16 12:36:17,326 basehttp 21932 9860 - Broken pipe from ('127.0.0.1', 59262)
WARNING 2026-03-16 12:36:18,167 basehttp 21932 11380 "GET /favicon.ico HTTP/1.1" 404 4513
ERROR 2026-03-16 12:36:20,232 basehttp 21932 11380 "GET /sat/vocabulary/ HTTP/1.1" 500 258561
INFO 2026-03-16 12:36:58,119 autoreload 21932 7888 C:\Users\turgu\OneDrive\Desktop\makonbook-master\makonbook-master\apps\sat\urls.py changed, reloading.
INFO 2026-03-16 12:37:00,857 autoreload 23720 24120 Watching for file changes with StatReloader
INFO 2026-03-16 12:37:01,959 basehttp 23720 20128 "GET /sat/vocabulary/ HTTP/1.1" 200 7878
INFO 2026-03-16 12:39:12,525 autoreload 2508 15932 Watching for file changes with StatReloader
INFO 2026-03-16 12:39:18,611 basehttp 2508 13528 "GET / HTTP/1.1" 302 0
INFO 2026-03-16 12:39:18,802 basehttp 2508 13528 "GET /sat/ HTTP/1.1" 200 9495
ERROR 2026-03-16 12:39:20,999 basehttp 2508 13528 "GET /sat/vocabulary/ HTTP/1.1" 500 257638
INFO 2026-03-16 12:39:53,945 basehttp 2508 13528 "GET /sat/ HTTP/1.1" 200 9495
INFO 2026-03-16 12:39:54,893 basehttp 2508 13528 "GET /sat/vocabulary/ HTTP/1.1" 200 7878
INFO 2026-03-16 12:39:56,874 basehttp 2508 13528 "GET /sat/vocabulary/word_lists/ HTTP/1.1" 200 11988
INFO 2026-03-16 12:39:58,775 basehttp 2508 13528 "GET /sat/vocabulary/flashcards/ HTTP/1.1" 200 14786
INFO 2026-03-16 12:40:04,139 basehttp 2508 13528 "GET /sat/vocabulary/practice-quiz/ HTTP/1.1" 200 9950
INFO 2026-03-16 12:40:20,758 basehttp 2508 13528 "POST /sat/vocabulary/practice-quiz/start/ HTTP/1.1" 200 13540
INFO 2026-03-16 12:40:30,551 basehttp 2508 13528 "POST /sat/vocabulary/practice-quiz/result/ HTTP/1.1" 200 10042
INFO 2026-03-16 12:40:37,143 basehttp 2508 13528 "GET /sat/vocabulary/practice-quiz/ HTTP/1.1" 200 9950
INFO 2026-03-16 12:40:40,933 basehttp 2508 13528 "POST /sat/vocabulary/practice-quiz/start/ HTTP/1.1" 200 10060
INFO 2026-03-16 12:40:46,710 basehttp 2508 13528 "POST /sat/vocabulary/practice-quiz/result/ HTTP/1.1" 200 8513
INFO 2026-03-16 12:40:51,569 basehttp 2508 13528 "GET /sat/vocabulary/practice-quiz/ HTTP/1.1" 200 9950
INFO 2026-03-16 12:40:53,993 basehttp 2508 13528 "POST /sat/vocabulary/practice-quiz/start/ HTTP/1.1" 200 10060
INFO 2026-03-16 12:40:57,867 basehttp 2508 13528 "POST /sat/vocabulary/practice-quiz/result/ HTTP/1.1" 200 8514
INFO 2026-03-16 12:41:01,321 basehttp 2508 13528 "GET /sat/vocabulary/practice-quiz/ HTTP/1.1" 200 9950
INFO 2026-03-16 12:41:05,533 basehttp 2508 13528 "POST /sat/vocabulary/practice-quiz/start/ HTTP/1.1" 200 11197
INFO 2026-03-16 12:41:13,842 basehttp 2508 13528 "POST /sat/vocabulary/practice-quiz/result/ HTTP/1.1" 200 9050
INFO 2026-03-16 12:41:47,709 basehttp 2508 13528 "GET /sat/vocabulary/practice-quiz/ HTTP/1.1" 200 9950
INFO 2026-03-16 12:49:11,879 autoreload 2508 15932 C:\Users\turgu\OneDrive\Desktop\makonbook-master\makonbook-master\apps\sat\views.py changed, reloading.
INFO 2026-03-16 12:49:15,300 autoreload 22652 23728 Watching for file changes with StatReloader
INFO 2026-03-16 12:52:17,867 autoreload 22652 23728 C:\Users\turgu\OneDrive\Desktop\makonbook-master\makonbook-master\apps\sat\views.py changed, reloading.
INFO 2026-03-16 12:52:20,495 autoreload 7472 11044 Watching for file changes with StatReloader
INFO 2026-03-16 12:53:15,120 autoreload 7472 11044 C:\Users\turgu\OneDrive\Desktop\makonbook-master\makonbook-master\apps\sat\views.py changed, reloading.
INFO 2026-03-16 12:53:17,529 autoreload 7100 11280 Watching for file changes with StatReloader
INFO 2026-03-16 12:55:05,780 autoreload 23564 16476 Watching for file changes with StatReloader
INFO 2026-03-16 12:55:11,507 basehttp 23564 23656 "GET / HTTP/1.1" 302 0
INFO 2026-03-16 12:55:11,770 basehttp 23564 23656 "GET /sat/ HTTP/1.1" 200 9495
INFO 2026-03-16 12:55:14,571 basehttp 23564 23656 "GET / HTTP/1.1" 302 0
INFO 2026-03-16 12:55:14,731 basehttp 23564 23656 "GET /sat/ HTTP/1.1" 200 9495
INFO 2026-03-16 12:55:16,907 basehttp 23564 23656 "GET /sat/vocabulary/ HTTP/1.1" 200 7878
INFO 2026-03-16 12:55:18,663 basehttp 23564 23656 "GET /sat/vocabulary/flashcards/ HTTP/1.1" 200 14786
INFO 2026-03-16 12:55:20,457 basehttp 23564 23656 "GET /sat/vocabulary/word_lists/ HTTP/1.1" 200 11988
INFO 2026-03-16 12:55:22,058 basehttp 23564 23656 "GET /sat/vocabulary/practice-quiz/ HTTP/1.1" 200 16305
INFO 2026-03-16 12:56:53,427 basehttp 23564 23656 "GET /sat/vocabulary/ HTTP/1.1" 200 7878
INFO 2026-03-16 12:56:54,759 basehttp 23564 23656 "GET / HTTP/1.1" 302 0
INFO 2026-03-16 12:56:55,001 basehttp 23564 23656 "GET /sat/ HTTP/1.1" 200 9495
INFO 2026-03-16 12:57:02,468 basehttp 23564 23656 "GET /sat/practice_tests/ HTTP/1.1" 200 30864
WARNING 2026-03-16 12:57:02,856 basehttp 23564 23656 "GET /static/assets/img/tests/%2054.png HTTP/1.1" 404 2001
WARNING 2026-03-16 12:57:02,882 basehttp 23564 23624 "GET /static/assets/img/tests/56.png HTTP/1.1" 404 1996
WARNING 2026-03-16 12:57:02,882 basehttp 23564 15712 "GET /static/assets/img/tests/%2055.png HTTP/1.1" 404 2001
WARNING 2026-03-16 12:57:02,885 basehttp 23564 13732 "GET /static/assets/img/tests/%2057.png HTTP/1.1" 404 2001
INFO 2026-03-16 12:57:12,394 basehttp 23564 18228 "GET / HTTP/1.1" 302 0
INFO 2026-03-16 12:57:12,561 basehttp 23564 18228 "GET /sat/ HTTP/1.1" 200 9495
INFO 2026-03-16 12:57:14,460 basehttp 23564 18228 "GET /sat/vocabulary/ HTTP/1.1" 200 7878
INFO 2026-03-16 13:12:08,784 basehttp 23564 8220 "GET /sat/vocabulary/practice-quiz/ HTTP/1.1" 200 16305
INFO 2026-03-16 13:21:58,664 autoreload 23564 16476 C:\Users\turgu\OneDrive\Desktop\makonbook-master\makonbook-master\apps\sat\views.py changed, reloading.
INFO 2026-03-16 13:22:03,350 autoreload 18228 8632 Watching for file changes with StatReloader
INFO 2026-03-16 13:22:23,993 autoreload 18228 8632 C:\Users\turgu\OneDrive\Desktop\makonbook-master\makonbook-master\apps\sat\views.py changed, reloading.
INFO 2026-03-16 13:22:26,509 autoreload 15024 8856 Watching for file changes with StatReloader
INFO 2026-03-16 13:23:07,244 autoreload 15024 8856 C:\Users\turgu\OneDrive\Desktop\makonbook-master\makonbook-master\apps\sat\views.py changed, reloading.
INFO 2026-03-16 13:23:10,191 autoreload 24656 6512 Watching for file changes with StatReloader
INFO 2026-03-16 13:24:32,192 autoreload 24656 6512 C:\Users\turgu\OneDrive\Desktop\makonbook-master\makonbook-master\apps\sat\views.py changed, reloading.
INFO 2026-03-16 13:24:35,087 autoreload 7928 1656 Watching for file changes with StatReloader
INFO 2026-03-16 13:25:27,232 autoreload 7928 1656 C:\Users\turgu\OneDrive\Desktop\makonbook-master\makonbook-master\apps\sat\views.py changed, reloading.
INFO 2026-03-16 13:25:29,649 autoreload 17780 15024 Watching for file changes with StatReloader
INFO 2026-03-16 13:26:35,550 autoreload 17780 15024 C:\Users\turgu\OneDrive\Desktop\makonbook-master\makonbook-master\apps\sat\views.py changed, reloading.
INFO 2026-03-16 13:26:37,802 autoreload 6356 20052 Watching for file changes with StatReloader
INFO 2026-03-16 13:27:56,129 autoreload 6356 20052 C:\Users\turgu\OneDrive\Desktop\makonbook-master\makonbook-master\apps\sat\views.py changed, reloading.
INFO 2026-03-16 13:27:58,454 autoreload 15032 7456 Watching for file changes with StatReloader
INFO 2026-03-16 13:28:25,938 autoreload 15032 7456 C:\Users\turgu\OneDrive\Desktop\makonbook-master\makonbook-master\apps\sat\views.py changed, reloading.
INFO 2026-03-16 13:28:28,423 autoreload 24648 18708 Watching for file changes with StatReloader
INFO 2026-03-16 13:29:01,757 autoreload 24648 18708 C:\Users\turgu\OneDrive\Desktop\makonbook-master\makonbook-master\apps\sat\views.py changed, reloading.
INFO 2026-03-16 13:29:04,307 autoreload 23256 5224 Watching for file changes with StatReloader
INFO 2026-03-16 13:33:14,533 autoreload 23256 5224 C:\Users\turgu\OneDrive\Desktop\makonbook-master\makonbook-master\apps\sat\urls.py changed, reloading.
INFO 2026-03-16 13:33:17,113 autoreload 13576 2548 Watching for file changes with StatReloader
INFO 2026-03-16 13:33:19,168 basehttp 13576 17152 "GET / HTTP/1.1" 302 0
INFO 2026-03-16 13:33:19,347 basehttp 13576 17152 "GET /sat/ HTTP/1.1" 200 9585
INFO 2026-03-16 13:33:21,663 basehttp 13576 17152 "GET /sat/vocabulary/ HTTP/1.1" 200 7878
INFO 2026-03-16 13:33:32,048 autoreload 8168 100 Watching for file changes with StatReloader
INFO 2026-03-16 13:33:33,308 basehttp 8168 23584 "GET / HTTP/1.1" 302 0
INFO 2026-03-16 13:33:33,469 basehttp 8168 23584 "GET /sat/ HTTP/1.1" 200 9585
INFO 2026-03-16 13:33:36,149 basehttp 8168 23584 "GET /sat/vocabulary/ HTTP/1.1" 200 7878
INFO 2026-03-16 13:33:37,799 basehttp 8168 23584 "GET /sat/vocabulary/word_lists/ HTTP/1.1" 200 11988
INFO 2026-03-16 13:33:39,538 basehttp 8168 23584 "GET /sat/vocabulary/flashcards/ HTTP/1.1" 200 14786
INFO 2026-03-16 13:33:41,566 basehttp 8168 23584 "GET /sat/vocabulary/practice-quiz/ HTTP/1.1" 200 16305
INFO 2026-03-16 13:33:45,799 basehttp 8168 23584 "GET /sat/admissions/ HTTP/1.1" 200 7832
INFO 2026-03-16 13:33:47,534 basehttp 8168 23584 "GET /sat/admissions/university_guide/ HTTP/1.1" 200 7337
INFO 2026-03-16 13:33:50,447 basehttp 8168 23584 "GET /sat/admissions/application_help/ HTTP/1.1" 200 7389
INFO 2026-03-16 13:33:53,381 basehttp 8168 23584 "GET /sat/admissions/scholarships/ HTTP/1.1" 200 7188
INFO 2026-03-16 13:33:57,743 basehttp 8168 23584 "GET / HTTP/1.1" 302 0
INFO 2026-03-16 13:33:57,897 basehttp 8168 23584 "GET /sat/ HTTP/1.1" 200 9585
INFO 2026-03-16 13:34:02,013 basehttp 8168 23584 "GET /sat/admin-panel/ HTTP/1.1" 200 11975
INFO 2026-03-16 13:34:04,772 basehttp 8168 23584 "GET /sat/admin-panel/groups/ HTTP/1.1" 200 19910
INFO 2026-03-16 13:34:09,347 basehttp 8168 23584 "GET /sat/admin-panel/groups/34/ HTTP/1.1" 200 20924
INFO 2026-03-16 13:34:12,773 basehttp 8168 23584 "GET /sat/admin-panel/users/ HTTP/1.1" 200 38883
INFO 2026-03-16 13:34:15,817 basehttp 8168 23584 "GET /sat/admin-panel/users/1497/ HTTP/1.1" 200 12478
INFO 2026-03-16 13:34:17,765 basehttp 8168 23584 "GET /sat/admin-panel/users/1497/edit/ HTTP/1.1" 200 15745
INFO 2026-03-16 13:34:23,125 basehttp 8168 23584 "POST /sat/admin-panel/users/1497/edit/ HTTP/1.1" 302 0
INFO 2026-03-16 13:34:23,294 basehttp 8168 23584 "GET /sat/admin-panel/users/1497/ HTTP/1.1" 200 12800
INFO 2026-03-16 13:34:24,867 basehttp 8168 23584 "GET /sat/admin-panel/users/ HTTP/1.1" 200 39045
INFO 2026-03-16 13:34:26,474 basehttp 8168 23584 "GET /sat/admin-panel/users/create/ HTTP/1.1" 200 14216
INFO 2026-03-16 13:34:40,800 basehttp 8168 23584 "POST /sat/admin-panel/users/create/ HTTP/1.1" 302 0
INFO 2026-03-16 13:34:41,117 basehttp 8168 23584 "GET /sat/admin-panel/users/ HTTP/1.1" 200 39165
INFO 2026-03-16 13:34:45,064 basehttp 8168 23584 "GET /sat/admin-panel/groups/ HTTP/1.1" 200 19910
INFO 2026-03-16 13:34:50,550 basehttp 8168 20292 "GET / HTTP/1.1" 302 0
INFO 2026-03-16 13:34:50,631 basehttp 8168 20292 "GET /login/?next=/ HTTP/1.1" 200 2555
INFO 2026-03-16 13:34:50,929 basehttp 8168 23044 "GET /static/assets/img/icons/white-icon-nobg.png HTTP/1.1" 200 84649
INFO 2026-03-16 13:34:50,936 basehttp 8168 20292 "GET /static/assets/css/makon-style.css HTTP/1.1" 200 2986
INFO 2026-03-16 13:34:51,014 basehttp 8168 16928 "GET /static/assets/js/login-main.js HTTP/1.1" 200 517
INFO 2026-03-16 13:34:51,052 basehttp 8168 16928 "GET /static/assets/img/icons/original-icon-nobg.png HTTP/1.1" 200 91518
INFO 2026-03-16 13:34:56,422 basehttp 8168 16928 "POST /login/?next=/ HTTP/1.1" 302 0
INFO 2026-03-16 13:34:56,556 basehttp 8168 16928 "GET /sat/ HTTP/1.1" 200 8483
INFO 2026-03-16 13:34:56,634 basehttp 8168 16928 "GET /static/font-awesome-4.7.0/css/font-awesome.min.css HTTP/1.1" 200 31000
INFO 2026-03-16 13:34:56,642 basehttp 8168 2508 "GET /static/assets/vendor/glightbox/css/glightbox.min.css HTTP/1.1" 200 13749
INFO 2026-03-16 13:34:56,645 basehttp 8168 11580 "GET /static/assets/vendor/aos/aos.css HTTP/1.1" 200 28765
INFO 2026-03-16 13:34:56,651 basehttp 8168 23044 "GET /static/assets/vendor/bootstrap-icons/bootstrap-icons.css HTTP/1.1" 200 98255
INFO 2026-03-16 13:34:56,653 basehttp 8168 776 "GET /static/assets/vendor/swiper/swiper-bundle.min.css HTTP/1.1" 200 18432
INFO 2026-03-16 13:34:56,669 basehttp 8168 20292 "GET /static/assets/vendor/bootstrap/css/bootstrap.min.css HTTP/1.1" 200 232803
INFO 2026-03-16 13:34:56,674 basehttp 8168 2508 "GET /static/assets/css/makon-dashboard.css HTTP/1.1" 200 4958
INFO 2026-03-16 13:34:56,678 basehttp 8168 16928 "GET /static/assets/css/main.css HTTP/1.1" 200 50430
INFO 2026-03-16 13:34:56,686 basehttp 8168 776 "GET /static/assets/img/icons/SAT%20MAKON%20logo%203.png HTTP/1.1" 200 66505
INFO 2026-03-16 13:34:56,780 basehttp 8168 16928 "GET /static/assets/vendor/purecounter/purecounter_vanilla.js HTTP/1.1" 200 5417
INFO 2026-03-16 13:34:56,827 basehttp 8168 11580 "GET /static/assets/vendor/bootstrap/js/bootstrap.bundle.min.js HTTP/1.1" 200 80721
INFO 2026-03-16 13:34:56,828 basehttp 8168 23044 "GET /static/assets/vendor/aos/aos.js HTTP/1.1" 200 13800
INFO 2026-03-16 13:34:56,864 basehttp 8168 16928 "GET /static/assets/vendor/php-email-form/validate.js HTTP/1.1" 200 2734
INFO 2026-03-16 13:34:56,874 basehttp 8168 2508 "GET /static/assets/vendor/swiper/swiper-bundle.min.js HTTP/1.1" 200 149982
INFO 2026-03-16 13:34:56,893 basehttp 8168 11580 "GET /static/assets/js/main.js HTTP/1.1" 200 7526
INFO 2026-03-16 13:34:56,971 basehttp 8168 776 "GET /static/assets/vendor/isotope-layout/isotope.pkgd.min.js HTTP/1.1" 200 35445
INFO 2026-03-16 13:34:56,980 basehttp 8168 20292 "GET /static/assets/vendor/glightbox/js/glightbox.min.js HTTP/1.1" 200 56300
INFO 2026-03-16 13:34:57,274 basehttp 8168 20292 "GET /static/assets/img/icons/icon_dashboard.png HTTP/1.1" 200 10076
INFO 2026-03-16 13:34:57,370 basehttp 8168 20292 "GET /static/font-awesome-4.7.0/fonts/fontawesome-webfont.woff2?v=4.7.0 HTTP/1.1" 200 77160
INFO 2026-03-16 13:34:57,375 basehttp 8168 776 "GET /static/assets/vendor/bootstrap-icons/fonts/bootstrap-icons.woff2?dd67030699838ea613ee6dbda90effa6 HTTP/1.1" 200 130396
INFO 2026-03-16 13:34:59,468 basehttp 8168 776 "GET /sat/practice_tests/ HTTP/1.1" 200 7502
INFO 2026-03-16 13:35:06,884 basehttp 8168 776 "GET /logout/ HTTP/1.1" 302 0
INFO 2026-03-16 13:35:06,901 basehttp 8168 776 "GET /login HTTP/1.1" 301 0
INFO 2026-03-16 13:35:06,901 basehttp 8168 20292 "GET /login/ HTTP/1.1" 200 2555
INFO 2026-03-16 13:35:13,494 basehttp 8168 20292 "POST /login/ HTTP/1.1" 302 0
INFO 2026-03-16 13:35:13,632 basehttp 8168 20292 "GET /sat/ HTTP/1.1" 200 8934
INFO 2026-03-16 13:35:16,384 basehttp 8168 20292 "GET /sat/admissions/ HTTP/1.1" 200 7634
INFO 2026-03-16 13:35:18,420 basehttp 8168 20292 "GET /sat/admissions/application_help/ HTTP/1.1" 200 7191
INFO 2026-03-16 13:35:20,528 basehttp 8168 20292 "GET /sat/practice_tests/ HTTP/1.1" 200 7502
INFO 2026-03-16 13:35:25,221 basehttp 8168 20292 "GET /logout/ HTTP/1.1" 302 0
INFO 2026-03-16 13:35:25,232 basehttp 8168 20292 "GET /login/ HTTP/1.1" 200 2555
INFO 2026-03-16 13:35:27,837 basehttp 8168 23584 "GET /sat/admin-panel/users/ HTTP/1.1" 200 39059
INFO 2026-03-16 13:35:29,731 basehttp 8168 23584 "GET /sat/admin-panel/users/1498/ HTTP/1.1" 200 12494
INFO 2026-03-16 13:35:31,320 basehttp 8168 23584 "GET /sat/admin-panel/users/1498/edit/ HTTP/1.1" 200 15747
INFO 2026-03-16 13:35:43,252 basehttp 8168 23584 "POST /sat/admin-panel/users/1498/edit/ HTTP/1.1" 302 0
INFO 2026-03-16 13:35:43,410 basehttp 8168 23584 "GET /sat/admin-panel/users/1498/ HTTP/1.1" 200 12813
INFO 2026-03-16 13:35:51,240 basehttp 8168 20292 "POST /login/ HTTP/1.1" 302 0
INFO 2026-03-16 13:35:51,387 basehttp 8168 20292 "GET /sat/ HTTP/1.1" 200 9387
INFO 2026-03-16 13:35:57,985 basehttp 8168 20292 "GET /sat/practice_tests/ HTTP/1.1" 200 7502
INFO 2026-03-16 13:36:01,336 basehttp 8168 20292 "GET /sat/vocabulary/ HTTP/1.1" 200 7680
INFO 2026-03-16 13:36:03,503 basehttp 8168 20292 "GET /sat/vocabulary/practice-quiz/ HTTP/1.1" 200 16107
INFO 2026-03-16 13:36:24,218 basehttp 8168 20292 "POST /sat/vocabulary/practice-quiz/start/ HTTP/1.1" 200 14384
INFO 2026-03-16 13:36:42,622 basehttp 8168 20292 "POST /sat/vocabulary/practice-quiz/result/ HTTP/1.1" 200 10354
INFO 2026-03-16 13:36:46,752 basehttp 8168 20292 "GET /sat/vocabulary/practice-quiz/ HTTP/1.1" 200 16107
INFO 2026-03-16 13:36:50,828 basehttp 8168 20292 "POST /sat/vocabulary/practice-quiz/start/ HTTP/1.1" 200 14384
INFO 2026-03-16 13:37:00,921 basehttp 8168 20292 "POST /sat/vocabulary/practice-quiz/result/ HTTP/1.1" 200 10351
INFO 2026-03-16 13:37:04,689 basehttp 8168 20292 "GET /sat/vocabulary/practice-quiz/ HTTP/1.1" 200 16107
INFO 2026-03-16 13:37:26,106 basehttp 8168 20292 "GET / HTTP/1.1" 302 0
INFO 2026-03-16 13:37:26,242 basehttp 8168 20292 "GET /sat/ HTTP/1.1" 200 9387
INFO 2026-03-16 13:40:11,937 basehttp 8168 23584 "GET / HTTP/1.1" 302 0
INFO 2026-03-16 13:40:12,095 basehttp 8168 23584 "GET /sat/ HTTP/1.1" 200 9585
INFO 2026-03-16 13:41:05,146 basehttp 8168 23584 "GET / HTTP/1.1" 302 0
INFO 2026-03-16 13:41:05,270 basehttp 8168 23584 "GET /sat/ HTTP/1.1" 200 9585
INFO 2026-03-16 13:41:26,227 basehttp 8168 23584 "GET /sat/practice_tests/ HTTP/1.1" 200 30864
WARNING 2026-03-16 13:41:26,564 basehttp 8168 23584 "GET /static/assets/img/tests/%2054.png HTTP/1.1" 404 2001
WARNING 2026-03-16 13:41:26,599 basehttp 8168 25196 "GET /static/assets/img/tests/%2055.png HTTP/1.1" 404 2001
WARNING 2026-03-16 13:41:26,602 basehttp 8168 19868 "GET /static/assets/img/tests/56.png HTTP/1.1" 404 1996
WARNING 2026-03-16 13:41:26,602 basehttp 8168 23088 "GET /static/assets/img/tests/%2057.png HTTP/1.1" 404 2001
INFO 2026-03-16 13:41:40,103 basehttp 8168 1944 "GET / HTTP/1.1" 302 0
INFO 2026-03-16 13:41:40,262 basehttp 8168 1944 "GET /sat/ HTTP/1.1" 200 9585
INFO 2026-03-16 13:41:42,698 basehttp 8168 1944 "GET /sat/vocabulary/ HTTP/1.1" 200 7878
INFO 2026-03-16 13:41:47,332 basehttp 8168 1944 "GET /sat/vocabulary/practice-quiz/ HTTP/1.1" 200 16305
INFO 2026-03-16 13:41:54,005 basehttp 8168 1944 "POST /sat/vocabulary/practice-quiz/start/ HTTP/1.1" 200 11173
INFO 2026-03-16 13:41:58,115 basehttp 8168 1944 "POST /sat/vocabulary/practice-quiz/result/ HTTP/1.1" 200 9032
INFO 2026-03-16 13:42:03,799 basehttp 8168 1944 "GET /sat/vocabulary/ HTTP/1.1" 200 7878
INFO 2026-03-16 13:42:07,480 basehttp 8168 1944 "GET / HTTP/1.1" 302 0
INFO 2026-03-16 13:42:07,715 basehttp 8168 1944 "GET /sat/ HTTP/1.1" 200 9585
INFO 2026-03-16 13:42:13,465 basehttp 8168 1944 "GET /sat/vocabulary/ HTTP/1.1" 200 7878
INFO 2026-03-16 13:42:15,400 basehttp 8168 1944 "GET /sat/vocabulary/flashcards/ HTTP/1.1" 200 14786
INFO 2026-03-16 14:06:06,891 autoreload 8168 100 C:\Users\turgu\OneDrive\Desktop\makonbook-master\makonbook-master\apps\sat\models.py changed, reloading.
INFO 2026-03-16 14:06:11,150 autoreload 17096 16676 Watching for file changes with StatReloader
INFO 2026-03-16 14:09:00,850 autoreload 17096 16676 C:\Users\turgu\OneDrive\Desktop\makonbook-master\makonbook-master\apps\sat\models.py changed, reloading.
INFO 2026-03-16 14:09:04,251 autoreload 13464 5200 Watching for file changes with StatReloader
INFO 2026-03-16 14:15:53,661 autoreload 17612 21088 Watching for file changes with StatReloader
INFO 2026-03-16 14:15:57,074 basehttp 17612 16620 "GET / HTTP/1.1" 302 0
INFO 2026-03-16 14:15:57,251 basehttp 17612 16620 "GET /sat/ HTTP/1.1" 200 9585
ERROR 2026-03-16 14:15:59,900 basehttp 17612 16620 "GET /sat/vocabulary/ HTTP/1.1" 500 83550
INFO 2026-03-16 14:17:05,871 autoreload 17612 21088 C:\Users\turgu\OneDrive\Desktop\makonbook-master\makonbook-master\apps\sat\models.py changed, reloading.
INFO 2026-03-16 14:17:08,552 autoreload 17124 8140 Watching for file changes with StatReloader
INFO 2026-03-16 14:18:26,558 autoreload 16500 4348 Watching for file changes with StatReloader
INFO 2026-03-17 08:31:45,077 autoreload 8552 16768 Watching for file changes with StatReloader
INFO 2026-03-17 08:31:48,754 basehttp 8552 11380 "GET / HTTP/1.1" 302 0
INFO 2026-03-17 08:31:48,939 basehttp 8552 11380 "GET /sat/ HTTP/1.1" 200 9585
INFO 2026-03-17 08:31:49,157 basehttp 8552 11380 "GET /static/assets/img/icons/SAT%20MAKON%20logo%203.png HTTP/1.1" 304 0
INFO 2026-03-17 08:31:49,272 basehttp 8552 11380 "GET /static/assets/img/icons/icon_dashboard.png HTTP/1.1" 304 0
INFO 2026-03-17 08:31:49,675 basehttp 8552 11380 "GET /static/assets/img/icons/original-icon-nobg.png HTTP/1.1" 304 0
INFO 2026-03-17 08:31:51,637 basehttp 8552 11380 "GET /sat/vocabulary/ HTTP/1.1" 200 8290
ERROR 2026-03-17 08:31:56,892 basehttp 8552 11380 "GET /sat/vocabulary/word_lists/ HTTP/1.1" 500 84138
ERROR 2026-03-17 08:31:59,288 basehttp 8552 11380 "GET /sat/vocabulary/flashcards/ HTTP/1.1" 500 84138
INFO 2026-03-17 08:32:01,883 basehttp 8552 11380 "GET /sat/vocabulary/practice-quiz/ HTTP/1.1" 200 14434
INFO 2026-03-17 08:32:20,640 basehttp 8552 11380 "GET / HTTP/1.1" 302 0
INFO 2026-03-17 08:32:20,791 basehttp 8552 11380 "GET /sat/ HTTP/1.1" 200 9585
INFO 2026-03-17 08:32:21,899 basehttp 8552 11380 "GET /sat/admissions/ HTTP/1.1" 200 7832
INFO 2026-03-17 08:32:24,061 basehttp 8552 11380 "GET /sat/admissions/university_guide/ HTTP/1.1" 200 7337
INFO 2026-03-17 08:32:25,631 basehttp 8552 11380 "GET /sat/admissions/application_help/ HTTP/1.1" 200 7389
INFO 2026-03-17 08:32:27,291 basehttp 8552 11380 "GET /sat/admissions/scholarships/ HTTP/1.1" 200 7188
INFO 2026-03-17 08:32:53,313 basehttp 8552 11380 "GET /sat/vocabulary/ HTTP/1.1" 200 8290
INFO 2026-03-17 08:32:55,475 basehttp 8552 11380 "GET /sat/vocabulary/practice-quiz/ HTTP/1.1" 200 14434
INFO 2026-03-17 08:37:55,864 autoreload 5312 21544 Watching for file changes with StatReloader
INFO 2026-03-17 08:37:58,335 basehttp 5312 24820 "GET / HTTP/1.1" 302 0
INFO 2026-03-17 08:37:58,604 basehttp 5312 24820 "GET /sat/ HTTP/1.1" 200 9585
INFO 2026-03-17 08:38:03,036 basehttp 5312 24820 "GET /sat/vocabulary/ HTTP/1.1" 200 8290
ERROR 2026-03-17 08:38:05,698 basehttp 5312 24820 "GET /sat/vocabulary/flashcards/ HTTP/1.1" 500 84138
INFO 2026-03-17 08:38:07,240 basehttp 5312 24820 "GET /sat/vocabulary/practice-quiz/ HTTP/1.1" 200 15535
INFO 2026-03-17 08:38:17,819 basehttp 5312 24820 "GET /edit-profile/ HTTP/1.1" 200 9044
INFO 2026-03-17 08:38:21,960 basehttp 5312 24820 "GET /sat/enter-code/ HTTP/1.1" 200 10697
INFO 2026-03-17 08:38:24,622 basehttp 5312 24820 "GET /sat/admin-panel/ HTTP/1.1" 200 11975
INFO 2026-03-17 08:38:28,068 basehttp 5312 24820 "GET /sat/admin-panel/groups/ HTTP/1.1" 200 19910
INFO 2026-03-17 08:38:36,188 basehttp 5312 24820 "POST /sat/admin-panel/groups/ HTTP/1.1" 302 0
INFO 2026-03-17 08:38:36,359 basehttp 5312 24820 "GET /sat/admin-panel/groups/ HTTP/1.1" 200 20356
INFO 2026-03-17 08:38:41,166 basehttp 5312 24820 "GET / HTTP/1.1" 302 0
INFO 2026-03-17 08:38:41,332 basehttp 5312 24820 "GET /sat/ HTTP/1.1" 200 9585
INFO 2026-03-17 08:38:42,802 basehttp 5312 24820 "GET /sat/vocabulary/ HTTP/1.1" 200 8290
INFO 2026-03-17 08:38:45,131 basehttp 5312 24820 "GET /sat/vocabulary/practice-quiz/ HTTP/1.1" 200 15535
INFO 2026-03-17 08:38:50,448 basehttp 5312 24820 "GET /sat/admin-panel/ HTTP/1.1" 200 11975
INFO 2026-03-17 08:38:51,718 basehttp 5312 24820 "GET /sat/admin-panel/groups/ HTTP/1.1" 200 20248
INFO 2026-03-17 08:38:54,072 basehttp 5312 24820 "GET /sat/admin-panel/groups/25/delete/ HTTP/1.1" 200 12815
INFO 2026-03-17 08:38:58,661 basehttp 5312 24820 "POST /sat/admin-panel/groups/25/delete/ HTTP/1.1" 302 0
INFO 2026-03-17 08:38:58,837 basehttp 5312 24820 "GET /sat/admin-panel/groups/ HTTP/1.1" 200 20048
INFO 2026-03-17 08:39:02,557 basehttp 5312 24820 "GET /sat/admin-panel/groups/34/delete/ HTTP/1.1" 200 12843
INFO 2026-03-17 08:39:06,155 basehttp 5312 24820 "GET /sat/admin-panel/groups/34/ HTTP/1.1" 200 21246
INFO 2026-03-17 08:39:08,867 basehttp 5312 24820 "GET /sat/admin-panel/groups/ HTTP/1.1" 200 19913
INFO 2026-03-17 08:39:12,743 basehttp 5312 24820 "GET /sat/admin-panel/groups/31/delete/ HTTP/1.1" 200 12827
INFO 2026-03-17 08:39:17,799 basehttp 5312 24820 "POST /sat/admin-panel/groups/31/delete/ HTTP/1.1" 302 0
INFO 2026-03-17 08:39:17,977 basehttp 5312 24820 "GET /sat/admin-panel/groups/ HTTP/1.1" 200 19713
INFO 2026-03-17 08:39:21,239 basehttp 5312 24820 "GET /sat/admin-panel/groups/14/delete/ HTTP/1.1" 200 12831
INFO 2026-03-17 08:39:23,561 basehttp 5312 24820 - Broken pipe from ('127.0.0.1', 54179)
INFO 2026-03-17 08:40:45,712 autoreload 21428 8612 Watching for file changes with StatReloader
INFO 2026-03-17 08:41:23,408 basehttp 21428 13576 "GET /sat/admin-panel/groups/ HTTP/1.1" 200 19572
INFO 2026-03-17 08:49:27,158 basehttp 21428 2272 "GET / HTTP/1.1" 302 0
INFO 2026-03-17 08:49:27,389 basehttp 21428 2272 "GET /sat/ HTTP/1.1" 200 9585
INFO 2026-03-18 08:37:28,505 autoreload 13968 3692 Watching for file changes with StatReloader
INFO 2026-03-18 08:37:31,293 basehttp 13968 15476 "GET / HTTP/1.1" 302 0
INFO 2026-03-18 08:37:31,514 basehttp 13968 15476 "GET /sat/ HTTP/1.1" 200 9585
INFO 2026-03-18 08:37:32,064 basehttp 13968 15476 "GET /static/font-awesome-4.7.0/css/font-awesome.min.css HTTP/1.1" 304 0
INFO 2026-03-18 08:37:32,112 basehttp 13968 15476 "GET /static/assets/vendor/swiper/swiper-bundle.min.css HTTP/1.1" 304 0
INFO 2026-03-18 08:37:32,116 basehttp 13968 5512 "GET /static/assets/vendor/bootstrap-icons/bootstrap-icons.css HTTP/1.1" 304 0
INFO 2026-03-18 08:37:32,116 basehttp 13968 18608 "GET /static/assets/vendor/bootstrap/css/bootstrap.min.css HTTP/1.1" 304 0
INFO 2026-03-18 08:37:32,118 basehttp 13968 6560 "GET /static/assets/vendor/aos/aos.css HTTP/1.1" 304 0
INFO 2026-03-18 08:37:32,160 basehttp 13968 15476 "GET /static/assets/css/makon-dashboard.css HTTP/1.1" 304 0
INFO 2026-03-18 08:37:32,162 basehttp 13968 5512 "GET /static/assets/vendor/bootstrap/js/bootstrap.bundle.min.js HTTP/1.1" 304 0
INFO 2026-03-18 08:37:32,175 basehttp 13968 4776 "GET /static/assets/vendor/glightbox/css/glightbox.min.css HTTP/1.1" 304 0
INFO 2026-03-18 08:37:32,193 basehttp 13968 14228 "GET /static/assets/css/main.css HTTP/1.1" 304 0
INFO 2026-03-18 08:37:32,261 basehttp 13968 5512 "GET /static/assets/vendor/glightbox/js/glightbox.min.js HTTP/1.1" 304 0
INFO 2026-03-18 08:37:32,263 basehttp 13968 4776 "GET /static/assets/vendor/purecounter/purecounter_vanilla.js HTTP/1.1" 304 0
INFO 2026-03-18 08:37:32,263 basehttp 13968 15476 "GET /static/assets/vendor/swiper/swiper-bundle.min.js HTTP/1.1" 304 0
INFO 2026-03-18 08:37:32,266 basehttp 13968 6560 "GET /static/assets/vendor/isotope-layout/isotope.pkgd.min.js HTTP/1.1" 304 0
INFO 2026-03-18 08:37:32,266 basehttp 13968 14228 "GET /static/assets/vendor/aos/aos.js HTTP/1.1" 304 0
INFO 2026-03-18 08:37:32,300 basehttp 13968 15476 "GET /static/assets/vendor/php-email-form/validate.js HTTP/1.1" 304 0
INFO 2026-03-18 08:37:32,318 basehttp 13968 15476 "GET /static/assets/js/main.js HTTP/1.1" 304 0
INFO 2026-03-18 08:37:32,388 basehttp 13968 15476 "GET /static/assets/img/icons/icon_dashboard.png HTTP/1.1" 304 0
INFO 2026-03-18 08:37:33,060 basehttp 13968 14228 "GET /static/font-awesome-4.7.0/fonts/fontawesome-webfont.woff2?v=4.7.0 HTTP/1.1" 304 0
INFO 2026-03-18 08:37:33,075 basehttp 13968 15476 "GET /static/assets/vendor/bootstrap-icons/fonts/bootstrap-icons.woff2?dd67030699838ea613ee6dbda90effa6 HTTP/1.1" 304 0
INFO 2026-03-18 08:37:36,074 basehttp 13968 15476 "GET /sat/vocabulary/ HTTP/1.1" 200 8290
ERROR 2026-03-18 08:37:43,696 basehttp 13968 15476 "GET /sat/vocabulary/word_lists/ HTTP/1.1" 500 84138
WARNING 2026-03-18 08:37:44,114 basehttp 13968 15476 "GET /favicon.ico HTTP/1.1" 404 4513
INFO 2026-03-18 08:37:45,546 basehttp 13968 15476 "GET /sat/vocabulary/practice-quiz/ HTTP/1.1" 200 15535
INFO 2026-03-18 08:37:51,702 basehttp 13968 15476 "POST /sat/vocabulary/practice-quiz/start/ HTTP/1.1" 302 0
INFO 2026-03-18 08:37:51,888 basehttp 13968 15476 "GET /sat/vocabulary/practice-quiz/ HTTP/1.1" 200 15677
INFO 2026-03-18 08:37:53,848 basehttp 13968 15476 "GET /sat/vocabulary/practice-quiz/ HTTP/1.1" 200 15535
ERROR 2026-03-18 08:38:01,818 basehttp 13968 15476 "GET /sat/vocabulary/flashcards/ HTTP/1.1" 500 84138
ERROR 2026-03-18 08:38:06,216 basehttp 13968 15476 "GET /sat/vocabulary/word_lists/ HTTP/1.1" 500 84138
ERROR 2026-03-18 08:38:14,419 basehttp 13968 15476 "GET /sat/vocabulary/flashcards/ HTTP/1.1" 500 84138
INFO 2026-03-18 08:38:36,550 basehttp 13968 15476 "GET /sat/vocabulary/practice-quiz/ HTTP/1.1" 200 15535
INFO 2026-03-18 16:29:35,632 autoreload 9872 18640 Watching for file changes with StatReloader
INFO 2026-03-18 16:29:37,080 basehttp 9872 22544 "GET / HTTP/1.1" 302 0
INFO 2026-03-18 16:29:37,265 basehttp 9872 22544 "GET /sat/ HTTP/1.1" 200 9585
INFO 2026-03-18 16:29:40,695 basehttp 9872 22544 "GET /sat/practice_tests/ HTTP/1.1" 200 30864
INFO 2026-03-18 16:29:40,840 basehttp 9872 22544 "GET /static/assets/img/tests/10.png HTTP/1.1" 304 0
INFO 2026-03-18 16:29:40,869 basehttp 9872 22368 "GET /static/assets/img/tests/12.png HTTP/1.1" 304 0
INFO 2026-03-18 16:29:40,870 basehttp 9872 22544 "GET /static/assets/img/tests/13.png HTTP/1.1" 304 0
INFO 2026-03-18 16:29:40,870 basehttp 9872 20940 "GET /static/assets/img/tests/11.png HTTP/1.1" 304 0
INFO 2026-03-18 16:29:40,872 basehttp 9872 18716 "GET /static/assets/img/tests/14.png HTTP/1.1" 304 0
INFO 2026-03-18 16:29:40,884 basehttp 9872 19600 "GET /static/assets/img/tests/15.png HTTP/1.1" 304 0
INFO 2026-03-18 16:29:40,890 basehttp 9872 18716 "GET /static/assets/img/tests/18.png HTTP/1.1" 304 0
INFO 2026-03-18 16:29:40,890 basehttp 9872 20940 "GET /static/assets/img/tests/17.png HTTP/1.1" 304 0
INFO 2026-03-18 16:29:40,892 basehttp 9872 20380 "GET /static/assets/img/tests/16.png HTTP/1.1" 304 0
INFO 2026-03-18 16:29:40,894 basehttp 9872 22544 "GET /static/assets/img/tests/19.png HTTP/1.1" 304 0
INFO 2026-03-18 16:29:40,896 basehttp 9872 19600 "GET /static/assets/img/tests/20.png HTTP/1.1" 304 0
INFO 2026-03-18 16:29:40,901 basehttp 9872 19600 "GET /static/assets/img/tests/21.png HTTP/1.1" 304 0
INFO 2026-03-18 16:29:40,917 basehttp 9872 20940 "GET /static/assets/img/tests/26.png HTTP/1.1" 304 0
INFO 2026-03-18 16:29:40,917 basehttp 9872 22544 "GET /static/assets/img/tests/23.png HTTP/1.1" 304 0
INFO 2026-03-18 16:29:40,917 basehttp 9872 19600 "GET /static/assets/img/tests/22.png HTTP/1.1" 304 0
INFO 2026-03-18 16:29:40,920 basehttp 9872 18716 "GET /static/assets/img/tests/27.png HTTP/1.1" 304 0
INFO 2026-03-18 16:29:40,920 basehttp 9872 20380 "GET /static/assets/img/tests/24.png HTTP/1.1" 304 0
INFO 2026-03-18 16:29:40,922 basehttp 9872 22368 "GET /static/assets/img/tests/28.png HTTP/1.1" 304 0
INFO 2026-03-18 16:29:40,934 basehttp 9872 22368 "GET /static/assets/img/tests/29.png HTTP/1.1" 304 0
INFO 2026-03-18 16:29:40,934 basehttp 9872 20380 "GET /static/assets/img/tests/30.png HTTP/1.1" 304 0
INFO 2026-03-18 16:29:40,934 basehttp 9872 18716 "GET /static/assets/img/tests/32.png HTTP/1.1" 304 0
INFO 2026-03-18 16:29:40,934 basehttp 9872 22544 "GET /static/assets/img/tests/33.png HTTP/1.1" 304 0
INFO 2026-03-18 16:29:40,934 basehttp 9872 19600 "GET /static/assets/img/tests/31.png HTTP/1.1" 304 0
INFO 2026-03-18 16:29:40,946 basehttp 9872 18716 "GET /static/assets/img/tests/34.png HTTP/1.1" 304 0
INFO 2026-03-18 16:29:40,962 basehttp 9872 18716 "GET /static/assets/img/tests/35.png HTTP/1.1" 304 0
INFO 2026-03-18 16:29:40,967 basehttp 9872 22368 "GET /static/assets/img/tests/38.png HTTP/1.1" 304 0
INFO 2026-03-18 16:29:40,967 basehttp 9872 22544 "GET /static/assets/img/tests/36.png HTTP/1.1" 304 0
INFO 2026-03-18 16:29:40,969 basehttp 9872 19600 "GET /static/assets/img/tests/37.png HTTP/1.1" 304 0
INFO 2026-03-18 16:29:40,971 basehttp 9872 20380 "GET /static/assets/img/tests/39.png HTTP/1.1" 304 0
INFO 2026-03-18 16:29:40,971 basehttp 9872 18716 "GET /static/assets/img/tests/40.png HTTP/1.1" 304 0
INFO 2026-03-18 16:29:40,975 basehttp 9872 18716 "GET /static/assets/img/tests/42.png HTTP/1.1" 304 0
INFO 2026-03-18 16:29:40,999 basehttp 9872 19600 "GET /static/assets/img/tests/45.png HTTP/1.1" 304 0
INFO 2026-03-18 16:29:41,001 basehttp 9872 20380 "GET /static/assets/img/tests/43.png HTTP/1.1" 304 0
INFO 2026-03-18 16:29:41,001 basehttp 9872 18716 "GET /static/assets/img/tests/44.png HTTP/1.1" 304 0
INFO 2026-03-18 16:29:41,006 basehttp 9872 19600 "GET /static/assets/img/tests/46.png HTTP/1.1" 304 0
INFO 2026-03-18 16:29:41,007 basehttp 9872 22544 "GET /static/assets/img/tests/47.png HTTP/1.1" 304 0
INFO 2026-03-18 16:29:41,011 basehttp 9872 20380 "GET /static/assets/img/tests/48.png HTTP/1.1" 304 0
INFO 2026-03-18 16:29:41,021 basehttp 9872 20380 "GET /static/assets/img/tests/49.png HTTP/1.1" 304 0
INFO 2026-03-18 16:29:41,026 basehttp 9872 19600 "GET /static/assets/img/tests/51.png HTTP/1.1" 304 0
INFO 2026-03-18 16:29:41,029 basehttp 9872 22544 "GET /static/assets/img/tests/50.png HTTP/1.1" 304 0
INFO 2026-03-18 16:29:41,036 basehttp 9872 22544 "GET /static/assets/img/tests/52.png HTTP/1.1" 304 0
INFO 2026-03-18 16:29:41,044 basehttp 9872 19600 "GET /static/assets/img/tests/53.png HTTP/1.1" 304 0
WARNING 2026-03-18 16:29:41,066 basehttp 9872 20380 "GET /static/assets/img/tests/%2054.png HTTP/1.1" 404 2001
WARNING 2026-03-18 16:29:41,103 basehttp 9872 18716 "GET /static/assets/img/tests/%2057.png HTTP/1.1" 404 2001
WARNING 2026-03-18 16:29:41,104 basehttp 9872 22544 "GET /static/assets/img/tests/56.png HTTP/1.1" 404 1996
WARNING 2026-03-18 16:29:41,105 basehttp 9872 19600 "GET /static/assets/img/tests/%2055.png HTTP/1.1" 404 2001
INFO 2026-03-18 16:29:58,261 basehttp 9872 22368 "GET /sat/vocabulary/ HTTP/1.1" 200 8290
INFO 2026-03-18 16:30:01,038 basehttp 9872 22368 "GET /sat/vocabulary/practice-quiz/ HTTP/1.1" 200 15535
INFO 2026-03-18 16:30:05,233 basehttp 9872 22368 "GET /sat/vocabulary/flashcards/ HTTP/1.1" 200 7234
INFO 2026-03-18 16:30:07,861 basehttp 9872 22368 "GET /sat/vocabulary/word_lists/ HTTP/1.1" 200 5893
INFO 2026-03-18 16:30:14,047 basehttp 9872 22368 "GET /sat/vocabulary/practice-quiz/ HTTP/1.1" 200 15535
INFO 2026-03-18 16:30:24,955 basehttp 9872 22368 "GET /sat/admissions/ HTTP/1.1" 200 7832
INFO 2026-03-18 16:30:26,531 basehttp 9872 22368 "GET /sat/admissions/university_guide/ HTTP/1.1" 200 7337
INFO 2026-03-18 16:30:27,979 basehttp 9872 22368 "GET /sat/admissions/application_help/ HTTP/1.1" 200 7389
INFO 2026-03-18 16:30:30,018 basehttp 9872 22368 "GET /sat/admissions/scholarships/ HTTP/1.1" 200 7188
INFO 2026-03-18 16:31:35,591 basehttp 9872 22368 "GET /sat/admin-panel/ HTTP/1.1" 200 11975
INFO 2026-03-18 16:31:39,773 basehttp 9872 22368 "GET /admin HTTP/1.1" 301 0
INFO 2026-03-18 16:31:40,072 basehttp 9872 20940 "GET /admin/ HTTP/1.1" 200 20995
INFO 2026-03-18 16:31:40,671 basehttp 9872 20940 "GET /static/admin/css/base.css HTTP/1.1" 200 22092
INFO 2026-03-18 16:31:40,692 basehttp 9872 17828 "GET /static/admin/js/theme.js HTTP/1.1" 200 1653
INFO 2026-03-18 16:31:40,697 basehttp 9872 21536 "GET /static/admin/css/dashboard.css HTTP/1.1" 200 441
INFO 2026-03-18 16:31:40,703 basehttp 9872 17052 "GET /static/admin/css/dark_mode.css HTTP/1.1" 200 2804
INFO 2026-03-18 16:31:40,707 basehttp 9872 12988 "GET /static/admin/css/nav_sidebar.css HTTP/1.1" 200 2810
INFO 2026-03-18 16:31:40,717 basehttp 9872 12988 "GET /static/admin/js/nav_sidebar.js HTTP/1.1" 200 3063
INFO 2026-03-18 16:31:40,721 basehttp 9872 12100 "GET /static/admin/css/responsive.css HTTP/1.1" 200 17972
INFO 2026-03-18 16:31:40,796 basehttp 9872 12100 "GET /static/admin/img/icon-addlink.svg HTTP/1.1" 200 331
INFO 2026-03-18 16:31:40,797 basehttp 9872 12988 "GET /static/admin/img/icon-changelink.svg HTTP/1.1" 200 380
INFO 2026-03-18 16:31:53,579 basehttp 9872 12100 "GET /admin/sat/english_question/ HTTP/1.1" 200 65797
INFO 2026-03-18 16:31:53,708 basehttp 9872 21536 "GET /static/admin/js/jquery.init.js HTTP/1.1" 200 347
INFO 2026-03-18 16:31:53,712 basehttp 9872 17828 "GET /static/admin/js/core.js HTTP/1.1" 200 6208
INFO 2026-03-18 16:31:53,716 basehttp 9872 12100 "GET /static/admin/css/changelists.css HTTP/1.1" 200 6878
INFO 2026-03-18 16:31:53,726 basehttp 9872 20940 "GET /static/admin/js/admin/RelatedObjectLookups.js HTTP/1.1" 200 9097
INFO 2026-03-18 16:31:53,729 basehttp 9872 17828 "GET /static/admin/js/prepopulate.js HTTP/1.1" 200 1531
INFO 2026-03-18 16:31:53,731 basehttp 9872 21536 "GET /static/admin/js/actions.js HTTP/1.1" 200 8076
INFO 2026-03-18 16:31:53,736 basehttp 9872 12100 "GET /static/admin/js/urlify.js HTTP/1.1" 200 7887
INFO 2026-03-18 16:31:53,754 basehttp 9872 17052 "GET /static/admin/js/vendor/jquery/jquery.js HTTP/1.1" 200 285314
INFO 2026-03-18 16:31:53,756 basehttp 9872 20940 "GET /static/admin/js/vendor/xregexp/xregexp.js HTTP/1.1" 200 325171
INFO 2026-03-18 16:31:53,795 basehttp 9872 17052 "GET /static/admin/img/icon-yes.svg HTTP/1.1" 200 436
INFO 2026-03-18 16:31:53,795 basehttp 9872 20940 "GET /static/admin/img/search.svg HTTP/1.1" 200 458
INFO 2026-03-18 16:31:53,833 basehttp 9872 20940 "GET /static/admin/img/icon-no.svg HTTP/1.1" 200 560
INFO 2026-03-18 16:31:53,846 basehttp 9872 20940 "GET /static/admin/js/filters.js HTTP/1.1" 200 978
INFO 2026-03-18 16:31:53,881 basehttp 9872 12988 "GET /admin/jsi18n/ HTTP/1.1" 200 3342
INFO 2026-03-18 16:31:53,981 basehttp 9872 12988 "GET /static/admin/img/tooltag-add.svg HTTP/1.1" 200 331
INFO 2026-03-18 16:31:53,996 basehttp 9872 20940 "GET /static/admin/img/sorting-icons.svg HTTP/1.1" 200 1097
INFO 2026-03-18 16:31:53,996 basehttp 9872 17052 "GET /static/admin/img/icon-viewlink.svg HTTP/1.1" 200 581
INFO 2026-03-18 16:32:07,321 basehttp 9872 17052 "GET /admin/sat/english_question/3047/change/ HTTP/1.1" 200 36793
INFO 2026-03-18 16:32:07,429 basehttp 9872 17052 "GET /static/admin/css/forms.css HTTP/1.1" 200 8794
INFO 2026-03-18 16:32:07,465 basehttp 9872 12988 "GET /static/admin/js/prepopulate_init.js HTTP/1.1" 200 586
INFO 2026-03-18 16:32:07,482 basehttp 9872 12988 "GET /static/admin/css/widgets.css HTTP/1.1" 200 11564
INFO 2026-03-18 16:32:07,519 basehttp 9872 12988 "GET /static/admin/img/icon-deletelink.svg HTTP/1.1" 200 392
INFO 2026-03-18 16:32:07,532 basehttp 9872 12988 "GET /static/admin/js/change_form.js HTTP/1.1" 200 606
INFO 2026-03-18 16:32:07,638 basehttp 9872 20940 "GET /admin/jsi18n/ HTTP/1.1" 200 3342
INFO 2026-03-18 16:32:20,717 basehttp 9872 20940 "GET /admin/sat/english_question/3047/change/ HTTP/1.1" 200 36793
INFO 2026-03-18 16:32:25,264 basehttp 9872 20940 "GET /admin/sat/english_question/ HTTP/1.1" 200 65797
INFO 2026-03-18 16:32:26,351 basehttp 9872 20940 "GET /admin/ HTTP/1.1" 200 20995
INFO 2026-03-18 16:32:30,728 basehttp 9872 20940 "GET /admin/sat/vocabularyquestion/ HTTP/1.1" 200 19034
INFO 2026-03-18 16:32:30,938 basehttp 9872 20940 "GET /admin/jsi18n/ HTTP/1.1" 200 3342
INFO 2026-03-18 16:32:32,378 basehttp 9872 20940 "GET /admin/ HTTP/1.1" 200 20995
INFO 2026-03-18 16:32:34,494 basehttp 9872 20940 "GET /admin/sat/vocabularyunit/add/ HTTP/1.1" 200 24977
INFO 2026-03-18 16:32:34,611 basehttp 9872 12988 "GET /static/admin/js/inlines.js HTTP/1.1" 200 15526
INFO 2026-03-18 16:32:34,728 basehttp 9872 20940 "GET /admin/jsi18n/ HTTP/1.1" 200 3342
INFO 2026-03-18 16:32:34,849 basehttp 9872 20940 "GET /static/admin/img/inline-delete.svg HTTP/1.1" 200 560
INFO 2026-03-18 16:32:39,001 basehttp 9872 20940 "GET /admin/ HTTP/1.1" 200 20995
INFO 2026-03-18 16:32:41,493 basehttp 9872 20940 "GET /admin/sat/vocabularyunit/ HTTP/1.1" 200 19006
INFO 2026-03-18 16:32:41,727 basehttp 9872 20940 "GET /admin/jsi18n/ HTTP/1.1" 200 3342
INFO 2026-03-18 16:32:45,443 basehttp 9872 20940 "GET /admin/sat/vocabularyunit/add/ HTTP/1.1" 200 24977
INFO 2026-03-18 16:32:45,695 basehttp 9872 20940 "GET /admin/jsi18n/ HTTP/1.1" 200 3342
INFO 2026-03-18 16:33:48,643 basehttp 9872 20940 "POST /admin/sat/vocabularyunit/add/ HTTP/1.1" 302 0
INFO 2026-03-18 16:33:48,870 basehttp 9872 20940 "GET /admin/sat/vocabularyunit/1/change/ HTTP/1.1" 200 32032
INFO 2026-03-18 16:33:49,120 basehttp 9872 20940 "GET /admin/jsi18n/ HTTP/1.1" 200 3342
INFO 2026-03-18 16:33:51,866 basehttp 9872 20940 "POST /admin/sat/vocabularyunit/1/change/ HTTP/1.1" 302 0
INFO 2026-03-18 16:33:52,047 basehttp 9872 20940 "GET /admin/sat/vocabularyunit/ HTTP/1.1" 200 21311
INFO 2026-03-18 16:33:52,314 basehttp 9872 20940 "GET /admin/jsi18n/ HTTP/1.1" 200 3342
INFO 2026-03-18 16:33:56,262 basehttp 9872 20940 "GET /admin/sat/vocabularyunit/add/ HTTP/1.1" 200 24977
INFO 2026-03-18 16:33:56,633 basehttp 9872 20940 "GET /admin/jsi18n/ HTTP/1.1" 200 3342
INFO 2026-03-18 16:34:34,221 basehttp 9872 20940 "POST /admin/sat/vocabularyunit/add/ HTTP/1.1" 302 0
INFO 2026-03-18 16:34:34,420 basehttp 9872 20940 "GET /admin/sat/vocabularyunit/ HTTP/1.1" 200 21726
INFO 2026-03-18 16:34:34,671 basehttp 9872 20940 "GET /admin/jsi18n/ HTTP/1.1" 200 3342
INFO 2026-03-18 16:34:38,834 basehttp 9872 20940 "GET / HTTP/1.1" 302 0
INFO 2026-03-18 16:34:38,991 basehttp 9872 20940 "GET /sat/ HTTP/1.1" 200 9585
INFO 2026-03-18 16:38:53,164 basehttp 9872 20940 "GET /sat/vocabulary/ HTTP/1.1" 200 8321
INFO 2026-03-18 16:38:55,689 basehttp 9872 20940 "GET /sat/vocabulary/practice-quiz/ HTTP/1.1" 200 18520
INFO 2026-03-18 16:39:01,174 basehttp 9872 20940 "GET /sat/vocabulary/flashcards/ HTTP/1.1" 200 12034
INFO 2026-03-18 16:39:10,164 basehttp 9872 20940 "GET /sat/vocabulary/word_lists/ HTTP/1.1" 200 7126
INFO 2026-03-18 16:39:13,329 basehttp 9872 20940 "GET /sat/vocabulary/practice-quiz/ HTTP/1.1" 200 18520
INFO 2026-03-18 16:39:18,902 basehttp 9872 20940 "POST /sat/vocabulary/practice-quiz/start/ HTTP/1.1" 200 10096
INFO 2026-03-18 16:39:27,346 basehttp 9872 20940 "POST /sat/vocabulary/practice-quiz/result/ HTTP/1.1" 200 8514
INFO 2026-03-18 16:42:17,196 basehttp 9872 20940 "POST /sat/vocabulary/practice-quiz/start/ HTTP/1.1" 200 10099
INFO 2026-03-18 16:42:22,336 basehttp 9872 20940 "GET /admin/ HTTP/1.1" 200 22074
INFO 2026-03-18 16:42:25,139 basehttp 9872 20940 "GET /admin/auth/user/add/ HTTP/1.1" 200 22564
INFO 2026-03-18 16:42:25,262 basehttp 9872 22532 "GET /static/admin/css/unusable_password_field.css HTTP/1.1" 200 663
INFO 2026-03-18 16:42:25,305 basehttp 9872 22532 "GET /static/admin/js/unusable_password_field.js HTTP/1.1" 200 1480
INFO 2026-03-18 16:42:25,413 basehttp 9872 20940 "GET /admin/jsi18n/ HTTP/1.1" 200 3342
INFO 2026-03-18 16:42:26,554 basehttp 9872 20940 "GET /admin/ HTTP/1.1" 200 22074
INFO 2026-03-18 16:42:27,954 basehttp 9872 20940 "GET /admin/auth/user/ HTTP/1.1" 200 71411
INFO 2026-03-18 16:42:28,199 basehttp 9872 20940 "GET /admin/jsi18n/ HTTP/1.1" 200 3342
INFO 2026-03-18 16:49:45,022 basehttp 9872 19156 "GET / HTTP/1.1" 302 0
INFO 2026-03-18 16:49:45,210 basehttp 9872 19156 "GET /sat/ HTTP/1.1" 200 9585
INFO 2026-03-18 16:50:29,452 basehttp 9872 19156 "GET /sat/practice_tests/ HTTP/1.1" 200 30864
WARNING 2026-03-18 16:50:29,848 basehttp 9872 19156 "GET /static/assets/img/tests/%2054.png HTTP/1.1" 404 2001
WARNING 2026-03-18 16:50:29,848 basehttp 9872 20016 "GET /static/assets/img/tests/%2055.png HTTP/1.1" 404 2001
WARNING 2026-03-18 16:50:29,868 basehttp 9872 12364 "GET /static/assets/img/tests/56.png HTTP/1.1" 404 1996
WARNING 2026-03-18 16:50:29,869 basehttp 9872 8092 "GET /static/assets/img/tests/%2057.png HTTP/1.1" 404 2001
INFO 2026-03-18 16:50:32,494 basehttp 9872 5156 "GET /sat/practise/DAY10 HTTP/1.1" 200 7814
INFO 2026-03-18 16:50:34,467 basehttp 9872 5156 "GET /static/assets/img/favicon.png HTTP/1.1" 200 491
INFO 2026-03-18 16:50:36,579 basehttp 9872 5156 "GET /sat/practise/DAY10/start HTTP/1.1" 200 58806
INFO 2026-03-18 16:50:36,646 basehttp 9872 5156 "GET /static/assets/css/makon-eng.css HTTP/1.1" 200 8041
INFO 2026-03-18 16:50:36,718 basehttp 9872 5156 "GET /static/assets/img/bookmark_empty.png HTTP/1.1" 200 1078
INFO 2026-03-18 16:50:36,719 basehttp 9872 23380 "GET /static/assets/img/crossAbc.png HTTP/1.1" 200 4685
INFO 2026-03-18 16:50:45,192 basehttp 9872 5944 "POST /sat/check_the_answers HTTP/1.1" 200 11
INFO 2026-03-18 16:50:46,469 basehttp 9872 5944 "GET /sat/practise/DAY10/start HTTP/1.1" 200 59494
INFO 2026-03-18 16:50:51,711 basehttp 9872 5944 "POST /sat/check_the_answers HTTP/1.1" 200 11
INFO 2026-03-18 16:50:55,596 basehttp 9872 5944 "GET /sat/practise/DAY10/start HTTP/1.1" 200 37752
INFO 2026-03-18 16:50:55,708 basehttp 9872 5944 "GET /static/assets/css/makon-math.css HTTP/1.1" 200 7442
INFO 2026-03-18 16:51:19,736 basehttp 9872 5944 "GET / HTTP/1.1" 302 0
INFO 2026-03-18 16:51:19,888 basehttp 9872 5944 "GET /sat/ HTTP/1.1" 200 9585
INFO 2026-03-18 16:51:21,772 basehttp 9872 5944 "GET /sat/vocabulary/ HTTP/1.1" 200 8321
INFO 2026-03-18 16:51:31,960 basehttp 9872 5944 "GET /sat/vocabulary/flashcards/ HTTP/1.1" 200 12034
INFO 2026-03-18 16:51:36,929 basehttp 9872 5944 "GET /sat/vocabulary/word_lists/ HTTP/1.1" 200 7126
INFO 2026-03-18 16:51:53,587 basehttp 9872 5944 "GET / HTTP/1.1" 302 0
INFO 2026-03-18 16:51:53,732 basehttp 9872 5944 "GET /sat/ HTTP/1.1" 200 9585
INFO 2026-03-18 16:52:11,147 basehttp 9872 5944 "GET /sat/admin-panel/ HTTP/1.1" 200 11975
INFO 2026-03-18 16:52:47,551 basehttp 9872 5944 "GET /sat/practice_tests/ HTTP/1.1" 200 30864
WARNING 2026-03-18 16:52:47,850 basehttp 9872 5944 "GET /static/assets/img/tests/%2054.png HTTP/1.1" 404 2001
WARNING 2026-03-18 16:52:47,883 basehttp 9872 13116 "GET /static/assets/img/tests/%2055.png HTTP/1.1" 404 2001
WARNING 2026-03-18 16:52:47,895 basehttp 9872 23052 "GET /static/assets/img/tests/56.png HTTP/1.1" 404 1996
WARNING 2026-03-18 16:52:47,910 basehttp 9872 7668 "GET /static/assets/img/tests/%2057.png HTTP/1.1" 404 2001
INFO 2026-03-18 16:52:56,017 basehttp 9872 14720 "GET /admin/ HTTP/1.1" 200 22074
INFO 2026-03-18 16:53:40,829 basehttp 9872 14720 "GET / HTTP/1.1" 302 0
INFO 2026-03-18 16:53:40,991 basehttp 9872 14720 "GET /sat/ HTTP/1.1" 200 9585
INFO 2026-03-18 16:53:42,455 basehttp 9872 14720 "GET /sat/vocabulary/ HTTP/1.1" 200 8321
INFO 2026-03-18 16:54:02,978 basehttp 9872 14720 "GET / HTTP/1.1" 302 0
INFO 2026-03-18 16:54:03,141 basehttp 9872 14720 "GET /sat/ HTTP/1.1" 200 9585
INFO 2026-03-18 16:54:07,904 basehttp 9872 14720 "GET /sat/practice_tests/ HTTP/1.1" 200 30864
WARNING 2026-03-18 16:54:08,019 basehttp 9872 14720 "GET /static/assets/img/tests/%2054.png HTTP/1.1" 404 2001
WARNING 2026-03-18 16:54:08,075 basehttp 9872 21000 "GET /static/assets/img/tests/%2055.png HTTP/1.1" 404 2001
WARNING 2026-03-18 16:54:08,086 basehttp 9872 23008 "GET /static/assets/img/tests/56.png HTTP/1.1" 404 1996
WARNING 2026-03-18 16:54:08,086 basehttp 9872 20352 "GET /static/assets/img/tests/%2057.png HTTP/1.1" 404 2001
INFO 2026-03-18 16:54:12,427 basehttp 9872 20900 "GET /sat/practise/DAY10 HTTP/1.1" 302 0
INFO 2026-03-18 16:54:14,563 basehttp 9872 14488 "GET /sat/practise/DAY10 HTTP/1.1" 302 0
INFO 2026-03-18 16:54:18,262 basehttp 9872 20900 - Broken pipe from ('127.0.0.1', 52563)
INFO 2026-03-18 16:54:19,847 basehttp 9872 14488 "GET /sat/practise/DAY10/start HTTP/1.1" 200 37752
INFO 2026-03-18 17:08:33,084 basehttp 9872 11328 "POST /sat/check_the_answers HTTP/1.1" 200 11
INFO 2026-03-18 17:08:34,540 basehttp 9872 11328 "GET /sat/practise/DAY10/start HTTP/1.1" 200 36186
INFO 2026-03-18 17:08:44,814 basehttp 9872 11328 "POST /sat/check_the_answers HTTP/1.1" 200 11
INFO 2026-03-18 17:08:45,012 basehttp 9872 11328 "GET /sat/practise/DAY10/start HTTP/1.1" 302 0
INFO 2026-03-18 17:08:45,589 basehttp 9872 11328 "GET /sat/results/DAY10 HTTP/1.1" 200 40996
INFO 2026-03-18 17:08:51,006 basehttp 9872 11328 "GET / HTTP/1.1" 302 0
INFO 2026-03-18 17:08:51,164 basehttp 9872 11328 "GET /sat/ HTTP/1.1" 200 9585
INFO 2026-03-18 17:09:20,463 basehttp 9872 11328 "GET /sat/vocabulary/ HTTP/1.1" 200 8321
INFO 2026-03-18 17:17:57,965 basehttp 9872 14156 "GET /sat/admissions/ HTTP/1.1" 200 7832
INFO 2026-03-18 17:18:03,400 basehttp 9872 14156 "GET /sat/admissions/university_guide/ HTTP/1.1" 200 7337
INFO 2026-03-18 17:18:14,809 basehttp 9872 14156 "GET / HTTP/1.1" 302 0
INFO 2026-03-18 17:18:15,060 basehttp 9872 14156 "GET /sat/ HTTP/1.1" 200 9585
INFO 2026-03-18 17:18:16,512 basehttp 9872 14156 "GET /sat/vocabulary/ HTTP/1.1" 200 8321
INFO 2026-03-18 17:40:11,615 basehttp 9872 23332 "GET /sat/vocabulary/ HTTP/1.1" 200 8321
INFO 2026-03-18 17:40:20,570 basehttp 9872 23332 "GET /sat/vocabulary/flashcards/ HTTP/1.1" 200 12034
INFO 2026-03-18 17:49:34,529 basehttp 9872 9252 "GET / HTTP/1.1" 302 0
INFO 2026-03-18 17:49:34,725 basehttp 9872 9252 "GET /sat/ HTTP/1.1" 200 9585
INFO 2026-03-18 17:49:36,491 basehttp 9872 9252 "GET /sat/practice_tests/ HTTP/1.1" 200 30816
WARNING 2026-03-18 17:49:36,960 basehttp 9872 19796 "GET /static/assets/img/tests/%2057.png HTTP/1.1" 404 2001
WARNING 2026-03-18 17:49:36,960 basehttp 9872 5844 "GET /static/assets/img/tests/56.png HTTP/1.1" 404 1996
WARNING 2026-03-18 17:49:36,966 basehttp 9872 21640 "GET /static/assets/img/tests/%2055.png HTTP/1.1" 404 2001
WARNING 2026-03-18 17:49:36,966 basehttp 9872 9252 "GET /static/assets/img/tests/%2054.png HTTP/1.1" 404 2001
INFO 2026-03-18 17:49:39,135 basehttp 9872 16136 "GET /sat/practise/DAY11 HTTP/1.1" 302 0
INFO 2026-03-18 17:49:42,583 basehttp 9872 16136 "GET /sat/practise/DAY11/start HTTP/1.1" 200 58635
INFO 2026-03-18 17:49:48,583 basehttp 9872 16136 "POST /sat/check_the_answers HTTP/1.1" 200 11
INFO 2026-03-18 17:49:48,858 basehttp 9872 16136 "GET /sat/practise/DAY11/start HTTP/1.1" 200 59241
INFO 2026-03-18 17:49:53,620 basehttp 9872 16136 "POST /sat/check_the_answers HTTP/1.1" 200 11
INFO 2026-03-18 17:49:58,003 basehttp 9872 16136 "GET /sat/practise/DAY11/start HTTP/1.1" 200 37359
INFO 2026-03-22 20:42:00,796 autoreload 15096 19644 Watching for file changes with StatReloader
INFO 2026-03-22 20:42:03,097 basehttp 15096 9628 "GET / HTTP/1.1" 302 0
INFO 2026-03-22 20:42:03,314 basehttp 15096 9628 "GET /sat/ HTTP/1.1" 200 9585
WARNING 2026-03-22 20:42:03,632 basehttp 15096 9628 "GET /static/font-awesome-4.7.0/css/font-awesome.min.css HTTP/1.1" 404 179
WARNING 2026-03-22 20:42:03,635 basehttp 15096 16540 "GET /static/assets/vendor/bootstrap/css/bootstrap.min.css HTTP/1.1" 404 179
WARNING 2026-03-22 20:42:03,643 basehttp 15096 20804 "GET /static/assets/vendor/bootstrap-icons/bootstrap-icons.css HTTP/1.1" 404 179
WARNING 2026-03-22 20:42:03,667 basehttp 15096 17772 "GET /static/assets/vendor/aos/aos.css HTTP/1.1" 404 179
WARNING 2026-03-22 20:42:03,672 basehttp 15096 9628 "GET /static/assets/vendor/swiper/swiper-bundle.min.css HTTP/1.1" 404 179
WARNING 2026-03-22 20:42:03,683 basehttp 15096 16540 "GET /static/assets/css/makon-dashboard.css HTTP/1.1" 404 179
WARNING 2026-03-22 20:42:03,698 basehttp 15096 20804 "GET /static/assets/vendor/bootstrap/js/bootstrap.bundle.min.js HTTP/1.1" 404 179
WARNING 2026-03-22 20:42:03,699 basehttp 15096 20072 "GET /static/assets/vendor/glightbox/css/glightbox.min.css HTTP/1.1" 404 179
WARNING 2026-03-22 20:42:03,721 basehttp 15096 20928 "GET /static/assets/css/main.css HTTP/1.1" 404 179
WARNING 2026-03-22 20:42:03,762 basehttp 15096 20804 "GET /static/assets/vendor/swiper/swiper-bundle.min.js HTTP/1.1" 404 179
WARNING 2026-03-22 20:42:03,764 basehttp 15096 16540 "GET /static/assets/img/icons/SAT%20MAKON%20logo%203.png HTTP/1.1" 404 179
WARNING 2026-03-22 20:42:03,765 basehttp 15096 9628 "GET /static/assets/vendor/aos/aos.js HTTP/1.1" 404 179
WARNING 2026-03-22 20:42:03,766 basehttp 15096 17772 "GET /static/assets/vendor/isotope-layout/isotope.pkgd.min.js HTTP/1.1" 404 179
WARNING 2026-03-22 20:42:03,767 basehttp 15096 20928 "GET /static/assets/vendor/glightbox/js/glightbox.min.js HTTP/1.1" 404 179
WARNING 2026-03-22 20:42:03,768 basehttp 15096 20072 "GET /static/assets/vendor/purecounter/purecounter_vanilla.js HTTP/1.1" 404 179
WARNING 2026-03-22 20:42:03,804 basehttp 15096 20072 "GET /static/assets/vendor/php-email-form/validate.js HTTP/1.1" 404 179
WARNING 2026-03-22 20:42:03,805 basehttp 15096 9628 "GET /static/assets/js/main.js HTTP/1.1" 404 179
WARNING 2026-03-22 20:42:03,844 basehttp 15096 9628 "GET /static/assets/img/icons/icon_dashboard.png HTTP/1.1" 404 179
WARNING 2026-03-22 20:42:04,890 basehttp 15096 9628 "GET /static/assets/img/icons/original-icon-nobg.png HTTP/1.1" 404 179
INFO 2026-03-22 20:42:11,378 basehttp 15096 9628 "GET /sat/ HTTP/1.1" 200 9585
WARNING 2026-03-22 20:42:11,537 basehttp 15096 20804 "GET /static/assets/vendor/bootstrap-icons/bootstrap-icons.css HTTP/1.1" 404 179
WARNING 2026-03-22 20:42:11,538 basehttp 15096 17772 "GET /static/assets/vendor/glightbox/css/glightbox.min.css HTTP/1.1" 404 179
WARNING 2026-03-22 20:42:11,540 basehttp 15096 16540 "GET /static/assets/vendor/swiper/swiper-bundle.min.css HTTP/1.1" 404 179
WARNING 2026-03-22 20:42:11,541 basehttp 15096 20928 "GET /static/assets/vendor/aos/aos.css HTTP/1.1" 404 179
WARNING 2026-03-22 20:42:11,542 basehttp 15096 9628 "GET /static/font-awesome-4.7.0/css/font-awesome.min.css HTTP/1.1" 404 179
WARNING 2026-03-22 20:42:11,550 basehttp 15096 20072 "GET /static/assets/vendor/bootstrap/css/bootstrap.min.css HTTP/1.1" 404 179
WARNING 2026-03-22 20:42:11,553 basehttp 15096 20804 "GET /static/assets/css/makon-dashboard.css HTTP/1.1" 404 179
WARNING 2026-03-22 20:42:11,559 basehttp 15096 16540 "GET /static/assets/vendor/bootstrap/js/bootstrap.bundle.min.js HTTP/1.1" 404 179
WARNING 2026-03-22 20:42:11,566 basehttp 15096 20804 "GET /static/assets/img/icons/SAT%20MAKON%20logo%203.png HTTP/1.1" 404 179
WARNING 2026-03-22 20:42:11,567 basehttp 15096 9628 "GET /static/assets/css/main.css HTTP/1.1" 404 179
WARNING 2026-03-22 20:42:11,570 basehttp 15096 20072 "GET /static/assets/vendor/aos/aos.js HTTP/1.1" 404 179
WARNING 2026-03-22 20:42:11,581 basehttp 15096 17772 "GET /static/assets/vendor/swiper/swiper-bundle.min.js HTTP/1.1" 404 179
WARNING 2026-03-22 20:42:11,602 basehttp 15096 20804 "GET /static/assets/js/main.js HTTP/1.1" 404 179
WARNING 2026-03-22 20:42:11,611 basehttp 15096 20928 "GET /static/assets/vendor/purecounter/purecounter_vanilla.js HTTP/1.1" 404 179
WARNING 2026-03-22 20:42:11,614 basehttp 15096 17772 "GET /static/assets/img/icons/icon_dashboard.png HTTP/1.1" 404 179
WARNING 2026-03-22 20:42:11,616 basehttp 15096 9628 "GET /static/assets/vendor/isotope-layout/isotope.pkgd.min.js HTTP/1.1" 404 179
WARNING 2026-03-22 20:42:11,619 basehttp 15096 20072 "GET /static/assets/vendor/php-email-form/validate.js HTTP/1.1" 404 179
WARNING 2026-03-22 20:42:11,614 basehttp 15096 16540 "GET /static/assets/vendor/glightbox/js/glightbox.min.js HTTP/1.1" 404 179
INFO 2026-03-22 20:42:14,251 basehttp 15096 20072 "GET / HTTP/1.1" 302 0
INFO 2026-03-22 20:42:14,425 basehttp 15096 20072 "GET /sat/ HTTP/1.1" 200 9585
WARNING 2026-03-22 20:42:14,575 basehttp 15096 20072 "GET /static/font-awesome-4.7.0/css/font-awesome.min.css HTTP/1.1" 404 179
WARNING 2026-03-22 20:42:14,596 basehttp 15096 20928 "GET /static/assets/vendor/aos/aos.css HTTP/1.1" 404 179
WARNING 2026-03-22 20:42:14,597 basehttp 15096 17772 "GET /static/assets/vendor/bootstrap-icons/bootstrap-icons.css HTTP/1.1" 404 179
WARNING 2026-03-22 20:42:14,597 basehttp 15096 9628 "GET /static/assets/vendor/bootstrap/css/bootstrap.min.css HTTP/1.1" 404 179
WARNING 2026-03-22 20:42:14,598 basehttp 15096 20804 "GET /static/assets/vendor/swiper/swiper-bundle.min.css HTTP/1.1" 404 179
WARNING 2026-03-22 20:42:14,599 basehttp 15096 16540 "GET /static/assets/vendor/glightbox/css/glightbox.min.css HTTP/1.1" 404 179
WARNING 2026-03-22 20:42:14,601 basehttp 15096 20072 "GET /static/assets/css/main.css HTTP/1.1" 404 179
WARNING 2026-03-22 20:42:14,605 basehttp 15096 17772 "GET /static/assets/vendor/bootstrap/js/bootstrap.bundle.min.js HTTP/1.1" 404 179
WARNING 2026-03-22 20:42:14,607 basehttp 15096 20928 "GET /static/assets/css/makon-dashboard.css HTTP/1.1" 404 179
WARNING 2026-03-22 20:42:14,637 basehttp 15096 17772 "GET /static/assets/vendor/aos/aos.js HTTP/1.1" 404 179
WARNING 2026-03-22 20:42:14,637 basehttp 15096 16540 "GET /static/assets/vendor/isotope-layout/isotope.pkgd.min.js HTTP/1.1" 404 179
WARNING 2026-03-22 20:42:14,637 basehttp 15096 20928 "GET /static/assets/img/icons/SAT%20MAKON%20logo%203.png HTTP/1.1" 404 179
WARNING 2026-03-22 20:42:14,638 basehttp 15096 20804 "GET /static/assets/vendor/swiper/swiper-bundle.min.js HTTP/1.1" 404 179
WARNING 2026-03-22 20:42:14,639 basehttp 15096 20072 "GET /static/assets/vendor/purecounter/purecounter_vanilla.js HTTP/1.1" 404 179
WARNING 2026-03-22 20:42:14,639 basehttp 15096 9628 "GET /static/assets/vendor/glightbox/js/glightbox.min.js HTTP/1.1" 404 179
WARNING 2026-03-22 20:42:14,646 basehttp 15096 20928 "GET /static/assets/img/icons/icon_dashboard.png HTTP/1.1" 404 179
WARNING 2026-03-22 20:42:14,662 basehttp 15096 20072 "GET /static/assets/vendor/php-email-form/validate.js HTTP/1.1" 404 179
WARNING 2026-03-22 20:42:14,663 basehttp 15096 9628 "GET /static/assets/js/main.js HTTP/1.1" 404 179
INFO 2026-03-22 20:42:20,354 basehttp 15096 4396 "GET / HTTP/1.1" 302 0
INFO 2026-03-22 20:42:20,374 basehttp 15096 4396 "GET /login/?next=/ HTTP/1.1" 200 2555
WARNING 2026-03-22 20:42:20,461 basehttp 15096 4396 "GET /static/assets/css/makon-style.css HTTP/1.1" 404 179
WARNING 2026-03-22 20:42:20,474 basehttp 15096 27604 "GET /static/assets/img/icons/white-icon-nobg.png HTTP/1.1" 404 179
WARNING 2026-03-22 20:42:20,475 basehttp 15096 4396 "GET /static/assets/js/login-main.js HTTP/1.1" 404 179
INFO 2026-03-22 22:52:13,638 autoreload 11324 19104 Watching for file changes with StatReloader
INFO 2026-03-22 22:53:12,350 autoreload 11324 19104 C:\Users\turgu\OneDrive\Desktop\makonbook-master\makonbook-master\apps\sat\middleware.py changed, reloading.
INFO 2026-03-22 22:53:15,263 autoreload 11760 4048 Watching for file changes with StatReloader
INFO 2026-03-22 22:53:21,967 autoreload 13088 14212 Watching for file changes with StatReloader
INFO 2026-03-22 22:53:49,933 autoreload 13088 14212 C:\Users\turgu\OneDrive\Desktop\makonbook-master\makonbook-master\apps\sat\middleware.py changed, reloading.
INFO 2026-03-22 22:53:52,273 autoreload 24336 25992 Watching for file changes with StatReloader
INFO 2026-03-22 22:54:02,478 autoreload 1356 25316 Watching for file changes with StatReloader
INFO 2026-03-22 22:55:52,689 autoreload 1356 25316 C:\Users\turgu\OneDrive\Desktop\makonbook-master\makonbook-master\satmakon\settings.py changed, reloading.
INFO 2026-03-22 22:55:59,231 autoreload 11712 25268 Watching for file changes with StatReloader
INFO 2026-03-22 22:56:07,299 basehttp 11712 23888 "GET / HTTP/1.1" 302 0
INFO 2026-03-22 22:56:07,799 basehttp 11712 23888 "GET /sat/ HTTP/1.1" 200 9585
WARNING 2026-03-22 22:56:08,233 basehttp 11712 23888 "GET /static/font-awesome-4.7.0/css/font-awesome.min.css HTTP/1.1" 404 179
WARNING 2026-03-22 22:56:08,271 basehttp 11712 23888 "GET /static/assets/css/main.css HTTP/1.1" 404 179
WARNING 2026-03-22 22:56:08,286 basehttp 11712 23888 "GET /static/assets/css/makon-dashboard.css HTTP/1.1" 404 179
WARNING 2026-03-22 22:56:08,330 basehttp 11712 23888 "GET /static/assets/vendor/bootstrap/js/bootstrap.bundle.min.js HTTP/1.1" 404 179
WARNING 2026-03-22 22:56:08,332 basehttp 11712 26336 "GET /static/assets/vendor/bootstrap/css/bootstrap.min.css HTTP/1.1" 404 179
WARNING 2026-03-22 22:56:08,349 basehttp 11712 15388 "GET /static/assets/vendor/bootstrap-icons/bootstrap-icons.css HTTP/1.1" 404 179
WARNING 2026-03-22 22:56:08,356 basehttp 11712 11324 "GET /static/assets/vendor/aos/aos.css HTTP/1.1" 404 179
WARNING 2026-03-22 22:56:08,383 basehttp 11712 15388 "GET /static/assets/vendor/aos/aos.js HTTP/1.1" 404 179
WARNING 2026-03-22 22:56:08,384 basehttp 11712 11324 "GET /static/assets/img/icons/SAT%20MAKON%20logo%203.png HTTP/1.1" 404 179
WARNING 2026-03-22 22:56:08,397 basehttp 11712 11324 "GET /static/assets/vendor/glightbox/js/glightbox.min.js HTTP/1.1" 404 179
WARNING 2026-03-22 22:56:08,398 basehttp 11712 15388 "GET /static/assets/vendor/purecounter/purecounter_vanilla.js HTTP/1.1" 404 179
WARNING 2026-03-22 22:56:08,417 basehttp 11712 15388 "GET /static/assets/vendor/isotope-layout/isotope.pkgd.min.js HTTP/1.1" 404 179
WARNING 2026-03-22 22:56:08,418 basehttp 11712 11324 "GET /static/assets/vendor/swiper/swiper-bundle.min.js HTTP/1.1" 404 179
WARNING 2026-03-22 22:56:08,431 basehttp 11712 20292 "GET /static/assets/vendor/glightbox/css/glightbox.min.css HTTP/1.1" 404 179
WARNING 2026-03-22 22:56:08,431 basehttp 11712 15388 "GET /static/assets/js/main.js HTTP/1.1" 404 179
WARNING 2026-03-22 22:56:08,447 basehttp 11712 11324 "GET /static/assets/vendor/php-email-form/validate.js HTTP/1.1" 404 179
WARNING 2026-03-22 22:56:08,452 basehttp 11712 18708 "GET /static/assets/vendor/swiper/swiper-bundle.min.css HTTP/1.1" 404 179
WARNING 2026-03-22 22:56:08,528 basehttp 11712 18708 "GET /static/assets/img/icons/icon_dashboard.png HTTP/1.1" 404 179
INFO 2026-03-22 22:56:33,526 autoreload 24540 25988 Watching for file changes with StatReloader
INFO 2026-03-22 23:02:37,162 autoreload 14340 5900 Watching for file changes with StatReloader
INFO 2026-03-22 23:02:43,319 basehttp 14340 23028 "GET /sat/ HTTP/1.1" 200 9585
WARNING 2026-03-22 23:02:43,579 basehttp 14340 23028 "GET /static/font-awesome-4.7.0/css/font-awesome.min.css HTTP/1.1" 404 179
WARNING 2026-03-22 23:02:43,583 basehttp 14340 12580 "GET /static/assets/vendor/bootstrap-icons/bootstrap-icons.css HTTP/1.1" 404 179
WARNING 2026-03-22 23:02:43,600 basehttp 14340 25680 "GET /static/assets/vendor/aos/aos.css HTTP/1.1" 404 179
WARNING 2026-03-22 23:02:43,600 basehttp 14340 12580 "GET /static/assets/css/makon-dashboard.css HTTP/1.1" 404 179
WARNING 2026-03-22 23:02:43,601 basehttp 14340 23028 "GET /static/assets/css/main.css HTTP/1.1" 404 179
WARNING 2026-03-22 23:02:43,601 basehttp 14340 12564 "GET /static/assets/vendor/bootstrap/css/bootstrap.min.css HTTP/1.1" 404 179
WARNING 2026-03-22 23:02:43,612 basehttp 14340 5896 "GET /static/assets/vendor/glightbox/css/glightbox.min.css HTTP/1.1" 404 179
WARNING 2026-03-22 23:02:43,623 basehttp 14340 25680 "GET /static/assets/vendor/purecounter/purecounter_vanilla.js HTTP/1.1" 404 179
WARNING 2026-03-22 23:02:43,623 basehttp 14340 12580 "GET /static/assets/img/icons/SAT%20MAKON%20logo%203.png HTTP/1.1" 404 179
WARNING 2026-03-22 23:02:43,625 basehttp 14340 23028 "GET /static/assets/vendor/aos/aos.js HTTP/1.1" 404 179
WARNING 2026-03-22 23:02:43,626 basehttp 14340 12564 "GET /static/assets/vendor/bootstrap/js/bootstrap.bundle.min.js HTTP/1.1" 404 179
WARNING 2026-03-22 23:02:43,628 basehttp 14340 1884 "GET /static/assets/vendor/swiper/swiper-bundle.min.css HTTP/1.1" 404 179
WARNING 2026-03-22 23:02:43,628 basehttp 14340 5896 "GET /static/assets/vendor/glightbox/js/glightbox.min.js HTTP/1.1" 404 179
WARNING 2026-03-22 23:02:43,637 basehttp 14340 1884 "GET /static/assets/vendor/swiper/swiper-bundle.min.js HTTP/1.1" 404 179
WARNING 2026-03-22 23:02:43,650 basehttp 14340 12564 "GET /static/assets/vendor/isotope-layout/isotope.pkgd.min.js HTTP/1.1" 404 179
WARNING 2026-03-22 23:02:43,650 basehttp 14340 12580 "GET /static/assets/js/main.js HTTP/1.1" 404 179
WARNING 2026-03-22 23:02:43,650 basehttp 14340 5896 "GET /static/assets/vendor/php-email-form/validate.js HTTP/1.1" 404 179
WARNING 2026-03-22 23:02:43,664 basehttp 14340 12580 "GET /static/assets/img/icons/icon_dashboard.png HTTP/1.1" 404 179
INFO 2026-03-22 23:03:01,263 basehttp 14340 12580 "GET /sat/ HTTP/1.1" 200 9585
WARNING 2026-03-22 23:03:01,376 basehttp 14340 12580 "GET /static/font-awesome-4.7.0/css/font-awesome.min.css HTTP/1.1" 404 179
WARNING 2026-03-22 23:03:01,392 basehttp 14340 25680 "GET /static/assets/vendor/glightbox/css/glightbox.min.css HTTP/1.1" 404 179
WARNING 2026-03-22 23:03:01,397 basehttp 14340 12564 "GET /static/assets/vendor/bootstrap/css/bootstrap.min.css HTTP/1.1" 404 179
WARNING 2026-03-22 23:03:01,397 basehttp 14340 12580 "GET /static/assets/css/main.css HTTP/1.1" 404 179
WARNING 2026-03-22 23:03:01,397 basehttp 14340 5896 "GET /static/assets/vendor/bootstrap-icons/bootstrap-icons.css HTTP/1.1" 404 179
WARNING 2026-03-22 23:03:01,398 basehttp 14340 23028 "GET /static/assets/vendor/swiper/swiper-bundle.min.css HTTP/1.1" 404 179
WARNING 2026-03-22 23:03:01,400 basehttp 14340 1884 "GET /static/assets/vendor/aos/aos.css HTTP/1.1" 404 179
WARNING 2026-03-22 23:03:01,428 basehttp 14340 25680 "GET /static/assets/css/makon-dashboard.css HTTP/1.1" 404 179
WARNING 2026-03-22 23:03:01,429 basehttp 14340 12564 "GET /static/assets/vendor/bootstrap/js/bootstrap.bundle.min.js HTTP/1.1" 404 179
WARNING 2026-03-22 23:03:01,447 basehttp 14340 12580 "GET /static/assets/vendor/purecounter/purecounter_vanilla.js HTTP/1.1" 404 179
WARNING 2026-03-22 23:03:01,456 basehttp 14340 25680 "GET /static/assets/vendor/isotope-layout/isotope.pkgd.min.js HTTP/1.1" 404 179
WARNING 2026-03-22 23:03:01,457 basehttp 14340 1884 "GET /static/assets/img/icons/SAT%20MAKON%20logo%203.png HTTP/1.1" 404 179
WARNING 2026-03-22 23:03:01,458 basehttp 14340 23028 "GET /static/assets/vendor/aos/aos.js HTTP/1.1" 404 179
WARNING 2026-03-22 23:03:01,461 basehttp 14340 5896 "GET /static/assets/vendor/glightbox/js/glightbox.min.js HTTP/1.1" 404 179
WARNING 2026-03-22 23:03:01,463 basehttp 14340 12564 "GET /static/assets/vendor/swiper/swiper-bundle.min.js HTTP/1.1" 404 179
WARNING 2026-03-22 23:03:01,476 basehttp 14340 25680 "GET /static/assets/vendor/php-email-form/validate.js HTTP/1.1" 404 179
WARNING 2026-03-22 23:03:01,485 basehttp 14340 23028 "GET /static/assets/js/main.js HTTP/1.1" 404 179
WARNING 2026-03-22 23:03:01,489 basehttp 14340 12564 "GET /static/assets/img/icons/icon_dashboard.png HTTP/1.1" 404 179
INFO 2026-03-22 23:03:08,204 autoreload 2688 18880 Watching for file changes with StatReloader
INFO 2026-03-22 23:03:11,053 basehttp 2688 18864 "GET /sat/ HTTP/1.1" 200 9585
WARNING 2026-03-22 23:03:11,139 basehttp 2688 18864 "GET /static/font-awesome-4.7.0/css/font-awesome.min.css HTTP/1.1" 404 179
WARNING 2026-03-22 23:03:11,153 basehttp 2688 18864 "GET /static/assets/css/main.css HTTP/1.1" 404 179
WARNING 2026-03-22 23:03:11,168 basehttp 2688 560 "GET /static/assets/vendor/bootstrap/css/bootstrap.min.css HTTP/1.1" 404 179
WARNING 2026-03-22 23:03:11,172 basehttp 2688 20752 "GET /static/assets/vendor/bootstrap-icons/bootstrap-icons.css HTTP/1.1" 404 179
WARNING 2026-03-22 23:03:11,175 basehttp 2688 19880 "GET /static/assets/vendor/aos/aos.css HTTP/1.1" 404 179
WARNING 2026-03-22 23:03:11,179 basehttp 2688 18864 "GET /static/assets/css/makon-dashboard.css HTTP/1.1" 404 179
INFO 2026-03-22 23:03:11,181 basehttp 2688 560 - Broken pipe from ('127.0.0.1', 61100)
WARNING 2026-03-22 23:03:11,205 basehttp 2688 18864 "GET /static/assets/img/icons/SAT%20MAKON%20logo%203.png HTTP/1.1" 404 179
WARNING 2026-03-22 23:03:11,207 basehttp 2688 19880 "GET /static/assets/vendor/glightbox/js/glightbox.min.js HTTP/1.1" 404 179
WARNING 2026-03-22 23:03:11,207 basehttp 2688 20752 "GET /static/assets/vendor/aos/aos.js HTTP/1.1" 404 179
WARNING 2026-03-22 23:03:11,213 basehttp 2688 12900 "GET /static/assets/vendor/swiper/swiper-bundle.min.css HTTP/1.1" 404 179
WARNING 2026-03-22 23:03:11,216 basehttp 2688 25344 "GET /static/assets/vendor/glightbox/css/glightbox.min.css HTTP/1.1" 404 179
INFO 2026-03-22 23:03:11,217 basehttp 2688 25344 - Broken pipe from ('127.0.0.1', 55502)
WARNING 2026-03-22 23:03:11,222 basehttp 2688 20752 "GET /static/assets/vendor/swiper/swiper-bundle.min.js HTTP/1.1" 404 179
WARNING 2026-03-22 23:03:11,223 basehttp 2688 11008 "GET /static/assets/vendor/bootstrap/js/bootstrap.bundle.min.js HTTP/1.1" 404 179
WARNING 2026-03-22 23:03:11,233 basehttp 2688 19880 "GET /static/assets/vendor/php-email-form/validate.js HTTP/1.1" 404 179
WARNING 2026-03-22 23:03:11,248 basehttp 2688 18864 "GET /static/assets/vendor/purecounter/purecounter_vanilla.js HTTP/1.1" 404 179
WARNING 2026-03-22 23:03:11,255 basehttp 2688 11008 "GET /static/assets/js/main.js HTTP/1.1" 404 179
WARNING 2026-03-22 23:03:11,256 basehttp 2688 12900 "GET /static/assets/vendor/isotope-layout/isotope.pkgd.min.js HTTP/1.1" 404 179
WARNING 2026-03-22 23:03:11,257 basehttp 2688 19880 "GET /static/assets/img/icons/icon_dashboard.png HTTP/1.1" 404 179
INFO 2026-03-22 23:04:14,365 autoreload 2688 18880 C:\Users\turgu\OneDrive\Desktop\makonbook-master\makonbook-master\satmakon\settings.py changed, reloading.
INFO 2026-03-22 23:04:21,450 autoreload 10972 20828 Watching for file changes with StatReloader
INFO 2026-03-22 23:04:24,506 basehttp 10972 27032 "GET /sat/ HTTP/1.1" 200 9585
WARNING 2026-03-22 23:04:24,648 basehttp 10972 27032 "GET /static/assets/vendor/bootstrap/css/bootstrap.min.css HTTP/1.1" 404 179
WARNING 2026-03-22 23:04:24,659 basehttp 10972 26712 "GET /static/assets/vendor/bootstrap-icons/bootstrap-icons.css HTTP/1.1" 404 179
WARNING 2026-03-22 23:04:24,671 basehttp 10972 25868 "GET /static/assets/vendor/aos/aos.css HTTP/1.1" 404 179
WARNING 2026-03-22 23:04:24,672 basehttp 10972 26712 "GET /static/assets/css/makon-dashboard.css HTTP/1.1" 404 179
WARNING 2026-03-22 23:04:24,674 basehttp 10972 27032 "GET /static/assets/css/main.css HTTP/1.1" 404 179
WARNING 2026-03-22 23:04:24,677 basehttp 10972 6796 "GET /static/font-awesome-4.7.0/css/font-awesome.min.css HTTP/1.1" 404 179
WARNING 2026-03-22 23:04:24,690 basehttp 10972 22624 "GET /static/assets/vendor/glightbox/css/glightbox.min.css HTTP/1.1" 404 179
WARNING 2026-03-22 23:04:24,691 basehttp 10972 6796 "GET /static/assets/vendor/bootstrap/js/bootstrap.bundle.min.js HTTP/1.1" 404 179
WARNING 2026-03-22 23:04:24,698 basehttp 10972 17716 "GET /static/assets/vendor/swiper/swiper-bundle.min.css HTTP/1.1" 404 179
WARNING 2026-03-22 23:04:24,699 basehttp 10972 27032 "GET /static/assets/vendor/aos/aos.js HTTP/1.1" 404 179
WARNING 2026-03-22 23:04:24,700 basehttp 10972 22624 "GET /static/assets/img/icons/SAT%20MAKON%20logo%203.png HTTP/1.1" 404 179
WARNING 2026-03-22 23:04:24,707 basehttp 10972 26712 "GET /static/assets/vendor/purecounter/purecounter_vanilla.js HTTP/1.1" 404 179
WARNING 2026-03-22 23:04:24,708 basehttp 10972 25868 "GET /static/assets/vendor/swiper/swiper-bundle.min.js HTTP/1.1" 404 179
WARNING 2026-03-22 23:04:24,720 basehttp 10972 6796 "GET /static/assets/vendor/glightbox/js/glightbox.min.js HTTP/1.1" 404 179
WARNING 2026-03-22 23:04:24,722 basehttp 10972 22624 "GET /static/assets/vendor/isotope-layout/isotope.pkgd.min.js HTTP/1.1" 404 179
WARNING 2026-03-22 23:04:24,723 basehttp 10972 17716 "GET /static/assets/js/main.js HTTP/1.1" 404 179
WARNING 2026-03-22 23:04:24,723 basehttp 10972 27032 "GET /static/assets/vendor/php-email-form/validate.js HTTP/1.1" 404 179
WARNING 2026-03-22 23:04:24,731 basehttp 10972 6796 "GET /static/assets/img/icons/icon_dashboard.png HTTP/1.1" 404 179
WARNING 2026-03-22 23:06:36,765 basehttp 10972 6796 "GET /static/assets/css/main.css HTTP/1.1" 404 179
WARNING 2026-03-22 23:06:37,072 basehttp 10972 6796 "GET /favicon.ico HTTP/1.1" 404 179
WARNING 2026-03-22 23:07:23,190 basehttp 10972 22592 "GET /static/assets//img/icons/original-icon-nobg.png HTTP/1.1" 404 179
INFO 2026-03-22 23:07:45,697 autoreload 10972 20828 C:\Users\turgu\OneDrive\Desktop\makonbook-master\makonbook-master\satmakon\settings.py changed, reloading.
INFO 2026-03-22 23:07:48,490 autoreload 15324 19960 Watching for file changes with StatReloader
INFO 2026-03-22 23:08:11,419 basehttp 15324 1396 "GET / HTTP/1.1" 302 0
INFO 2026-03-22 23:08:11,598 basehttp 15324 1396 "GET /sat/ HTTP/1.1" 200 9585
WARNING 2026-03-22 23:08:11,704 basehttp 15324 24000 "GET /static/assets/vendor/bootstrap/css/bootstrap.min.css HTTP/1.1" 404 179
WARNING 2026-03-22 23:08:11,704 basehttp 15324 1396 "GET /static/font-awesome-4.7.0/css/font-awesome.min.css HTTP/1.1" 404 179
WARNING 2026-03-22 23:08:11,720 basehttp 15324 18068 "GET /static/assets/vendor/bootstrap-icons/bootstrap-icons.css HTTP/1.1" 404 179
WARNING 2026-03-22 23:08:11,721 basehttp 15324 24000 "GET /static/assets/css/makon-dashboard.css HTTP/1.1" 404 179
WARNING 2026-03-22 23:08:11,723 basehttp 15324 1396 "GET /static/assets/css/main.css HTTP/1.1" 404 179
WARNING 2026-03-22 23:08:11,725 basehttp 15324 4876 "GET /static/assets/vendor/aos/aos.css HTTP/1.1" 404 179
WARNING 2026-03-22 23:08:11,730 basehttp 15324 23400 "GET /static/assets/vendor/glightbox/css/glightbox.min.css HTTP/1.1" 404 179
WARNING 2026-03-22 23:08:11,737 basehttp 15324 18068 "GET /static/assets/vendor/bootstrap/js/bootstrap.bundle.min.js HTTP/1.1" 404 179
WARNING 2026-03-22 23:08:11,745 basehttp 15324 26500 "GET /static/assets/vendor/swiper/swiper-bundle.min.css HTTP/1.1" 404 179
WARNING 2026-03-22 23:08:11,746 basehttp 15324 24000 "GET /static/assets/vendor/glightbox/js/glightbox.min.js HTTP/1.1" 404 179
WARNING 2026-03-22 23:08:11,747 basehttp 15324 4876 "GET /static/assets/img/icons/SAT%20MAKON%20logo%203.png HTTP/1.1" 404 179
WARNING 2026-03-22 23:08:11,755 basehttp 15324 18068 "GET /static/assets/vendor/isotope-layout/isotope.pkgd.min.js HTTP/1.1" 404 179
WARNING 2026-03-22 23:08:11,748 basehttp 15324 23400 "GET /static/assets/vendor/aos/aos.js HTTP/1.1" 404 179
WARNING 2026-03-22 23:08:11,748 basehttp 15324 1396 "GET /static/assets/vendor/purecounter/purecounter_vanilla.js HTTP/1.1" 404 179
WARNING 2026-03-22 23:08:11,759 basehttp 15324 26500 "GET /static/assets/vendor/swiper/swiper-bundle.min.js HTTP/1.1" 404 179
WARNING 2026-03-22 23:08:11,774 basehttp 15324 23400 "GET /static/assets/js/main.js HTTP/1.1" 404 179
WARNING 2026-03-22 23:08:11,777 basehttp 15324 1396 "GET /static/assets/vendor/php-email-form/validate.js HTTP/1.1" 404 179
WARNING 2026-03-22 23:08:11,785 basehttp 15324 26500 "GET /static/assets/img/icons/icon_dashboard.png HTTP/1.1" 404 179
INFO 2026-03-22 23:08:46,456 autoreload 15324 19960 C:\Users\turgu\OneDrive\Desktop\makonbook-master\makonbook-master\satmakon\settings.py changed, reloading.
INFO 2026-03-22 23:08:49,171 autoreload 19032 25944 Watching for file changes with StatReloader
INFO 2026-03-22 23:11:15,905 autoreload 19032 25944 C:\Users\turgu\OneDrive\Desktop\makonbook-master\makonbook-master\satmakon\settings.py changed, reloading.
INFO 2026-03-22 23:11:18,931 autoreload 24164 16444 Watching for file changes with StatReloader
INFO 2026-03-22 23:11:24,933 autoreload 24164 16444 C:\Users\turgu\OneDrive\Desktop\makonbook-master\makonbook-master\satmakon\settings.py changed, reloading.
INFO 2026-03-22 23:11:27,521 autoreload 11400 16808 Watching for file changes with StatReloader
INFO 2026-03-22 23:13:54,531 basehttp 11400 20228 "GET /sat/ HTTP/1.1" 200 9585
WARNING 2026-03-22 23:13:54,645 basehttp 11400 20228 "GET /static/font-awesome-4.7.0/css/font-awesome.min.css HTTP/1.1" 404 179
WARNING 2026-03-22 23:13:54,664 basehttp 11400 15124 "GET /static/assets/vendor/bootstrap/css/bootstrap.min.css HTTP/1.1" 404 179
WARNING 2026-03-22 23:13:54,665 basehttp 11400 20228 "GET /static/assets/css/main.css HTTP/1.1" 404 179
WARNING 2026-03-22 23:13:54,667 basehttp 11400 15644 "GET /static/assets/vendor/bootstrap-icons/bootstrap-icons.css HTTP/1.1" 404 179
WARNING 2026-03-22 23:13:54,675 basehttp 11400 23324 "GET /static/assets/vendor/aos/aos.css HTTP/1.1" 404 179
WARNING 2026-03-22 23:13:54,679 basehttp 11400 15124 "GET /static/assets/css/makon-dashboard.css HTTP/1.1" 404 179
WARNING 2026-03-22 23:13:54,685 basehttp 11400 21444 "GET /static/assets/vendor/glightbox/css/glightbox.min.css HTTP/1.1" 404 179
WARNING 2026-03-22 23:13:54,689 basehttp 11400 20228 "GET /static/assets/img/icons/SAT%20MAKON%20logo%203.png HTTP/1.1" 404 179
WARNING 2026-03-22 23:13:54,690 basehttp 11400 15644 "GET /static/assets/vendor/bootstrap/js/bootstrap.bundle.min.js HTTP/1.1" 404 179
WARNING 2026-03-22 23:13:54,691 basehttp 11400 27256 "GET /static/assets/vendor/swiper/swiper-bundle.min.css HTTP/1.1" 404 179
WARNING 2026-03-22 23:13:54,720 basehttp 11400 21444 "GET /static/assets/vendor/swiper/swiper-bundle.min.js HTTP/1.1" 404 179
WARNING 2026-03-22 23:13:54,720 basehttp 11400 27256 "GET /static/assets/vendor/aos/aos.js HTTP/1.1" 404 179
WARNING 2026-03-22 23:13:54,720 basehttp 11400 15644 "GET /static/assets/vendor/glightbox/js/glightbox.min.js HTTP/1.1" 404 179
WARNING 2026-03-22 23:13:54,721 basehttp 11400 20228 "GET /static/assets/vendor/purecounter/purecounter_vanilla.js HTTP/1.1" 404 179
WARNING 2026-03-22 23:13:54,721 basehttp 11400 15124 "GET /static/assets/vendor/isotope-layout/isotope.pkgd.min.js HTTP/1.1" 404 179
WARNING 2026-03-22 23:13:54,721 basehttp 11400 23324 "GET /static/assets/vendor/php-email-form/validate.js HTTP/1.1" 404 179
WARNING 2026-03-22 23:13:54,739 basehttp 11400 15124 "GET /static/assets/js/main.js HTTP/1.1" 404 179
WARNING 2026-03-22 23:13:55,269 basehttp 11400 15124 "GET /static/assets/img/icons/icon_dashboard.png HTTP/1.1" 404 179
WARNING 2026-03-22 23:13:55,475 basehttp 11400 15124 "GET /static/assets/img/icons/original-icon-nobg.png HTTP/1.1" 404 179
INFO 2026-03-22 23:14:22,578 basehttp 11400 8252 "GET / HTTP/1.1" 302 0
INFO 2026-03-22 23:14:22,593 basehttp 11400 8252 "GET /login/?next=/ HTTP/1.1" 200 2555
WARNING 2026-03-22 23:14:22,692 basehttp 11400 8252 "GET /static/assets/css/makon-style.css HTTP/1.1" 404 179
WARNING 2026-03-22 23:14:22,700 basehttp 11400 24840 "GET /static/assets/img/icons/white-icon-nobg.png HTTP/1.1" 404 179
WARNING 2026-03-22 23:14:22,703 basehttp 11400 26972 "GET /static/assets/js/login-main.js HTTP/1.1" 404 179
INFO 2026-03-22 23:19:54,863 basehttp 11400 20960 "GET /sat/ HTTP/1.1" 200 5328
WARNING 2026-03-22 23:19:55,285 basehttp 11400 27296 "GET /static/font-awesome-4.7.0/css/font-awesome.min.css HTTP/1.1" 404 179
WARNING 2026-03-22 23:19:55,286 basehttp 11400 20960 "GET /static/assets/css/makon-dashboard.css HTTP/1.1" 404 179
WARNING 2026-03-22 23:19:55,342 basehttp 11400 20960 "GET /static/assets/img/icons/icon_dashboard.png HTTP/1.1" 404 179
INFO 2026-03-22 23:21:40,137 basehttp 11400 20960 "GET /sat/ HTTP/1.1" 200 8893
WARNING 2026-03-22 23:21:40,239 basehttp 11400 27296 "GET /static/assets/vendor/bootstrap/css/bootstrap.min.css HTTP/1.1" 404 179
WARNING 2026-03-22 23:21:40,241 basehttp 11400 20960 "GET /static/font-awesome-4.7.0/css/font-awesome.min.css HTTP/1.1" 404 179
WARNING 2026-03-22 23:21:40,264 basehttp 11400 17436 "GET /static/assets/vendor/aos/aos.css HTTP/1.1" 404 179
WARNING 2026-03-22 23:21:40,265 basehttp 11400 24240 "GET /static/assets/vendor/bootstrap-icons/bootstrap-icons.css HTTP/1.1" 404 179
WARNING 2026-03-22 23:21:40,265 basehttp 11400 27296 "GET /static/assets/css/makon-dashboard.css HTTP/1.1" 404 179
WARNING 2026-03-22 23:21:40,275 basehttp 11400 17600 "GET /static/assets/vendor/glightbox/css/glightbox.min.css HTTP/1.1" 404 179
WARNING 2026-03-22 23:21:40,275 basehttp 11400 20960 "GET /static/assets/css/main.css HTTP/1.1" 404 179
WARNING 2026-03-22 23:21:40,289 basehttp 11400 17436 "GET /static/assets/vendor/glightbox/js/glightbox.min.js HTTP/1.1" 404 179
WARNING 2026-03-22 23:21:40,293 basehttp 11400 17600 "GET /static/assets/vendor/purecounter/purecounter_vanilla.js HTTP/1.1" 404 179
WARNING 2026-03-22 23:21:40,293 basehttp 11400 27296 "GET /static/assets/vendor/aos/aos.js HTTP/1.1" 404 179
WARNING 2026-03-22 23:21:40,297 basehttp 11400 24240 "GET /static/assets/vendor/bootstrap/js/bootstrap.bundle.min.js HTTP/1.1" 404 179
WARNING 2026-03-22 23:21:40,300 basehttp 11400 20960 "GET /static/assets/img/icons/original-icon-nobg.png HTTP/1.1" 404 179
WARNING 2026-03-22 23:21:40,302 basehttp 11400 11976 "GET /static/assets/vendor/swiper/swiper-bundle.min.css HTTP/1.1" 404 179
WARNING 2026-03-22 23:21:40,306 basehttp 11400 20960 "GET /static/assets/vendor/swiper/swiper-bundle.min.js HTTP/1.1" 404 179
WARNING 2026-03-22 23:21:40,319 basehttp 11400 24240 "GET /static/assets/vendor/isotope-layout/isotope.pkgd.min.js HTTP/1.1" 404 179
WARNING 2026-03-22 23:21:40,320 basehttp 11400 17600 "GET /static/assets/vendor/php-email-form/validate.js HTTP/1.1" 404 179
WARNING 2026-03-22 23:21:40,320 basehttp 11400 27296 "GET /static/assets/js/main.js HTTP/1.1" 404 179
WARNING 2026-03-22 23:21:40,345 basehttp 11400 27296 "GET /static/assets/img/icons/icon_dashboard.png HTTP/1.1" 404 179
INFO 2026-03-22 23:23:58,810 autoreload 12256 10068 Watching for file changes with StatReloader
INFO 2026-03-22 23:24:01,817 basehttp 12256 24196 "GET / HTTP/1.1" 302 0
INFO 2026-03-22 23:24:02,048 basehttp 12256 24196 "GET /sat/ HTTP/1.1" 200 8893
WARNING 2026-03-22 23:24:02,283 basehttp 12256 24196 "GET /static/font-awesome-4.7.0/css/font-awesome.min.css HTTP/1.1" 404 179
WARNING 2026-03-22 23:24:02,303 basehttp 12256 24196 "GET /static/assets/css/main.css HTTP/1.1" 404 179
WARNING 2026-03-22 23:24:02,303 basehttp 12256 11948 "GET /static/assets/vendor/bootstrap/css/bootstrap.min.css HTTP/1.1" 404 179
WARNING 2026-03-22 23:24:02,311 basehttp 12256 21460 "GET /static/assets/vendor/bootstrap-icons/bootstrap-icons.css HTTP/1.1" 404 179
WARNING 2026-03-22 23:24:02,331 basehttp 12256 20668 "GET /static/assets/vendor/aos/aos.css HTTP/1.1" 404 179
WARNING 2026-03-22 23:24:02,337 basehttp 12256 24196 "GET /static/assets/img/icons/original-icon-nobg.png HTTP/1.1" 404 179
WARNING 2026-03-22 23:24:02,339 basehttp 12256 21460 "GET /static/assets/vendor/bootstrap/js/bootstrap.bundle.min.js HTTP/1.1" 404 179
WARNING 2026-03-22 23:24:02,340 basehttp 12256 11948 "GET /static/assets/css/makon-dashboard.css HTTP/1.1" 404 179
WARNING 2026-03-22 23:24:02,358 basehttp 12256 12172 "GET /static/assets/vendor/glightbox/css/glightbox.min.css HTTP/1.1" 404 179
WARNING 2026-03-22 23:24:02,359 basehttp 12256 20668 "GET /static/assets/vendor/swiper/swiper-bundle.min.js HTTP/1.1" 404 179
WARNING 2026-03-22 23:24:02,360 basehttp 12256 21460 "GET /static/assets/vendor/aos/aos.js HTTP/1.1" 404 179
WARNING 2026-03-22 23:24:02,362 basehttp 12256 11948 "GET /static/assets/vendor/purecounter/purecounter_vanilla.js HTTP/1.1" 404 179
WARNING 2026-03-22 23:24:02,363 basehttp 12256 2504 "GET /static/assets/vendor/swiper/swiper-bundle.min.css HTTP/1.1" 404 179
WARNING 2026-03-22 23:24:02,370 basehttp 12256 24196 "GET /static/assets/vendor/glightbox/js/glightbox.min.js HTTP/1.1" 404 179
WARNING 2026-03-22 23:24:02,377 basehttp 12256 2504 "GET /static/assets/vendor/php-email-form/validate.js HTTP/1.1" 404 179
WARNING 2026-03-22 23:24:02,378 basehttp 12256 24196 "GET /static/assets/js/main.js HTTP/1.1" 404 179
WARNING 2026-03-22 23:24:02,379 basehttp 12256 11948 "GET /static/assets/vendor/isotope-layout/isotope.pkgd.min.js HTTP/1.1" 404 179
WARNING 2026-03-22 23:24:02,398 basehttp 12256 24196 "GET /static/assets/img/icons/icon_dashboard.png HTTP/1.1" 404 179
INFO 2026-03-22 23:27:09,395 basehttp 12256 24196 - Broken pipe from ('127.0.0.1', 53621)
INFO 2026-03-22 23:27:09,913 basehttp 12256 11948 "GET /sat/practice_tests/ HTTP/1.1" 200 30124
WARNING 2026-03-22 23:27:10,065 basehttp 12256 11948 "GET /static/font-awesome-4.7.0/css/font-awesome.min.css HTTP/1.1" 404 179
WARNING 2026-03-22 23:27:10,066 basehttp 12256 2504 "GET /static/assets/vendor/bootstrap/css/bootstrap.min.css HTTP/1.1" 404 179
WARNING 2026-03-22 23:27:10,066 basehttp 12256 20668 "GET /static/assets/vendor/glightbox/css/glightbox.min.css HTTP/1.1" 404 179
WARNING 2026-03-22 23:27:10,066 basehttp 12256 21460 "GET /static/assets/vendor/bootstrap-icons/bootstrap-icons.css HTTP/1.1" 404 179
WARNING 2026-03-22 23:27:10,093 basehttp 12256 6520 "GET /static/assets/vendor/aos/aos.css HTTP/1.1" 404 179
WARNING 2026-03-22 23:27:10,093 basehttp 12256 11948 "GET /static/assets/css/main.css HTTP/1.1" 404 179
WARNING 2026-03-22 23:27:10,093 basehttp 12256 25872 "GET /static/assets/vendor/swiper/swiper-bundle.min.css HTTP/1.1" 404 179
INFO 2026-03-22 23:27:10,098 basehttp 12256 6520 - Broken pipe from ('127.0.0.1', 61908)
WARNING 2026-03-22 23:27:10,104 basehttp 12256 20668 "GET /static/assets/css/makon-dashboard.css HTTP/1.1" 404 179
WARNING 2026-03-22 23:27:10,105 basehttp 12256 2504 "GET /static/assets/img/icons/original-icon-nobg.png HTTP/1.1" 404 179
WARNING 2026-03-22 23:27:10,107 basehttp 12256 21460 "GET /static/assets/img/tests/11.png HTTP/1.1" 404 179
WARNING 2026-03-22 23:27:10,108 basehttp 12256 21520 "GET /static/assets/img/tests/12.png HTTP/1.1" 404 179
WARNING 2026-03-22 23:27:10,110 basehttp 12256 11948 "GET /static/assets/img/tests/13.png HTTP/1.1" 404 179
WARNING 2026-03-22 23:27:10,115 basehttp 12256 20668 "GET /static/assets/vendor/aos/aos.js HTTP/1.1" 404 179
WARNING 2026-03-22 23:27:10,116 basehttp 12256 25872 "GET /static/assets/img/tests/14.png HTTP/1.1" 404 179
WARNING 2026-03-22 23:27:10,135 basehttp 12256 2504 "GET /static/assets/vendor/glightbox/js/glightbox.min.js HTTP/1.1" 404 179
WARNING 2026-03-22 23:27:10,135 basehttp 12256 21460 "GET /static/assets/vendor/bootstrap/js/bootstrap.bundle.min.js HTTP/1.1" 404 179
WARNING 2026-03-22 23:27:10,136 basehttp 12256 21520 "GET /static/assets/vendor/swiper/swiper-bundle.min.js HTTP/1.1" 404 179
WARNING 2026-03-22 23:27:10,136 basehttp 12256 20668 "GET /static/assets/vendor/php-email-form/validate.js HTTP/1.1" 404 179
WARNING 2026-03-22 23:27:10,138 basehttp 12256 11948 "GET /static/assets/vendor/purecounter/purecounter_vanilla.js HTTP/1.1" 404 179
WARNING 2026-03-22 23:27:10,160 basehttp 12256 21520 "GET /static/assets/js/main.js HTTP/1.1" 404 179
WARNING 2026-03-22 23:27:10,165 basehttp 12256 21460 "GET /static/assets/img/tests/17.png HTTP/1.1" 404 179
WARNING 2026-03-22 23:27:10,166 basehttp 12256 20668 "GET /static/assets/img/tests/16.png HTTP/1.1" 404 179
WARNING 2026-03-22 23:27:10,168 basehttp 12256 25872 "GET /static/assets/vendor/isotope-layout/isotope.pkgd.min.js HTTP/1.1" 404 179
WARNING 2026-03-22 23:27:10,170 basehttp 12256 11948 "GET /static/assets/img/tests/18.png HTTP/1.1" 404 179
WARNING 2026-03-22 23:27:10,172 basehttp 12256 2504 "GET /static/assets/img/tests/15.png HTTP/1.1" 404 179
WARNING 2026-03-22 23:27:10,182 basehttp 12256 21460 "GET /static/assets/img/tests/19.png HTTP/1.1" 404 179
WARNING 2026-03-22 23:27:10,183 basehttp 12256 20668 "GET /static/assets/img/tests/20.png HTTP/1.1" 404 179
WARNING 2026-03-22 23:27:10,208 basehttp 12256 25872 "GET /static/assets/img/tests/21.png HTTP/1.1" 404 179
WARNING 2026-03-22 23:27:10,209 basehttp 12256 21520 "GET /static/assets/img/tests/24.png HTTP/1.1" 404 179
WARNING 2026-03-22 23:27:10,214 basehttp 12256 11948 "GET /static/assets/img/tests/23.png HTTP/1.1" 404 179
WARNING 2026-03-22 23:27:10,223 basehttp 12256 20668 "GET /static/assets/img/tests/26.png HTTP/1.1" 404 179
WARNING 2026-03-22 23:27:10,223 basehttp 12256 21520 "GET /static/assets/img/tests/30.png HTTP/1.1" 404 179
WARNING 2026-03-22 23:27:10,222 basehttp 12256 21460 "GET /static/assets/img/tests/27.png HTTP/1.1" 404 179
WARNING 2026-03-22 23:27:10,225 basehttp 12256 2504 "GET /static/assets/img/tests/22.png HTTP/1.1" 404 179
WARNING 2026-03-22 23:27:10,237 basehttp 12256 20668 "GET /static/assets/img/tests/31.png HTTP/1.1" 404 179
WARNING 2026-03-22 23:27:10,238 basehttp 12256 21460 "GET /static/assets/img/tests/32.png HTTP/1.1" 404 179
WARNING 2026-03-22 23:27:10,239 basehttp 12256 25872 "GET /static/assets/img/tests/28.png HTTP/1.1" 404 179
WARNING 2026-03-22 23:27:10,242 basehttp 12256 11948 "GET /static/assets/img/tests/29.png HTTP/1.1" 404 179
WARNING 2026-03-22 23:27:10,246 basehttp 12256 21520 "GET /static/assets/img/tests/34.png HTTP/1.1" 404 179
WARNING 2026-03-22 23:27:10,247 basehttp 12256 2504 "GET /static/assets/img/tests/33.png HTTP/1.1" 404 179
WARNING 2026-03-22 23:27:10,254 basehttp 12256 20668 "GET /static/assets/img/tests/37.png HTTP/1.1" 404 179
WARNING 2026-03-22 23:27:10,260 basehttp 12256 21460 "GET /static/assets/img/tests/35.png HTTP/1.1" 404 179
WARNING 2026-03-22 23:27:10,266 basehttp 12256 11948 "GET /static/assets/img/tests/36.png HTTP/1.1" 404 179
WARNING 2026-03-22 23:27:10,268 basehttp 12256 2504 "GET /static/assets/img/tests/39.png HTTP/1.1" 404 179
WARNING 2026-03-22 23:27:10,269 basehttp 12256 25872 "GET /static/assets/img/tests/38.png HTTP/1.1" 404 179
WARNING 2026-03-22 23:27:10,277 basehttp 12256 20668 "GET /static/assets/img/tests/40.png HTTP/1.1" 404 179
WARNING 2026-03-22 23:27:10,277 basehttp 12256 21520 "GET /static/assets/img/tests/43.png HTTP/1.1" 404 179
WARNING 2026-03-22 23:27:10,279 basehttp 12256 21460 "GET /static/assets/img/tests/42.png HTTP/1.1" 404 179
WARNING 2026-03-22 23:27:10,298 basehttp 12256 20668 "GET /static/assets/img/tests/44.png HTTP/1.1" 404 179
WARNING 2026-03-22 23:27:10,299 basehttp 12256 25872 "GET /static/assets/img/tests/45.png HTTP/1.1" 404 179
WARNING 2026-03-22 23:27:10,301 basehttp 12256 21520 "GET /static/assets/img/tests/47.png HTTP/1.1" 404 179
WARNING 2026-03-22 23:27:10,303 basehttp 12256 21460 "GET /static/assets/img/tests/48.png HTTP/1.1" 404 179
WARNING 2026-03-22 23:27:10,302 basehttp 12256 11948 "GET /static/assets/img/tests/46.png HTTP/1.1" 404 179
WARNING 2026-03-22 23:27:10,307 basehttp 12256 2504 "GET /static/assets/img/tests/49.png HTTP/1.1" 404 179
WARNING 2026-03-22 23:27:10,313 basehttp 12256 25872 "GET /static/assets/img/tests/50.png HTTP/1.1" 404 179
WARNING 2026-03-22 23:27:10,314 basehttp 12256 11948 "GET /static/assets/img/tests/51.png HTTP/1.1" 404 179
WARNING 2026-03-22 23:27:10,327 basehttp 12256 21460 "GET /static/assets/img/tests/53.png HTTP/1.1" 404 179
WARNING 2026-03-22 23:27:10,333 basehttp 12256 21520 "GET /static/assets/img/tests/%2055.png HTTP/1.1" 404 179
WARNING 2026-03-22 23:27:10,333 basehttp 12256 2504 "GET /static/assets/img/tests/52.png HTTP/1.1" 404 179
WARNING 2026-03-22 23:27:10,333 basehttp 12256 11948 "GET /static/assets/img/tests/56.png HTTP/1.1" 404 179
WARNING 2026-03-22 23:27:10,335 basehttp 12256 20668 "GET /static/assets/img/tests/%2054.png HTTP/1.1" 404 179
WARNING 2026-03-22 23:27:10,335 basehttp 12256 25872 "GET /static/assets/img/tests/%2057.png HTTP/1.1" 404 179
INFO 2026-03-22 23:30:24,486 basehttp 12256 25872 "GET / HTTP/1.1" 302 0
INFO 2026-03-22 23:30:24,727 basehttp 12256 25872 "GET /sat/ HTTP/1.1" 200 8894
WARNING 2026-03-22 23:30:24,885 basehttp 12256 21520 "GET /static/assets/vendor/glightbox/css/glightbox.min.css HTTP/1.1" 404 179
WARNING 2026-03-22 23:30:24,885 basehttp 12256 20668 "GET /static/assets/vendor/bootstrap-icons/bootstrap-icons.css HTTP/1.1" 404 179
WARNING 2026-03-22 23:30:24,887 basehttp 12256 21460 "GET /static/assets/vendor/swiper/swiper-bundle.min.css HTTP/1.1" 404 179
WARNING 2026-03-22 23:30:24,887 basehttp 12256 11948 "GET /static/assets/vendor/aos/aos.css HTTP/1.1" 404 179
WARNING 2026-03-22 23:30:24,889 basehttp 12256 25872 "GET /static/font-awesome-4.7.0/css/font-awesome.min.css HTTP/1.1" 404 179
WARNING 2026-03-22 23:30:24,889 basehttp 12256 2504 "GET /static/assets/vendor/bootstrap/css/bootstrap.min.css HTTP/1.1" 404 179
WARNING 2026-03-22 23:30:24,903 basehttp 12256 20668 "GET /static/assets/vendor/bootstrap/js/bootstrap.bundle.min.js HTTP/1.1" 404 179
WARNING 2026-03-22 23:30:24,903 basehttp 12256 11948 "GET /static/assets/css/main.css HTTP/1.1" 404 179
WARNING 2026-03-22 23:30:24,903 basehttp 12256 21520 "GET /static/assets/css/makon-dashboard.css HTTP/1.1" 404 179
WARNING 2026-03-22 23:30:24,905 basehttp 12256 2504 "GET /static/assets/img/icons/original-icon-nobg.png HTTP/1.1" 404 179
WARNING 2026-03-22 23:30:24,909 basehttp 12256 21460 "GET /static/assets/vendor/glightbox/js/glightbox.min.js HTTP/1.1" 404 179
WARNING 2026-03-22 23:30:24,915 basehttp 12256 25872 "GET /static/assets/vendor/aos/aos.js HTTP/1.1" 404 179
WARNING 2026-03-22 23:30:24,925 basehttp 12256 2504 "GET /static/assets/vendor/purecounter/purecounter_vanilla.js HTTP/1.1" 404 179
WARNING 2026-03-22 23:30:24,930 basehttp 12256 21460 "GET /static/assets/vendor/swiper/swiper-bundle.min.js HTTP/1.1" 404 179
WARNING 2026-03-22 23:30:24,939 basehttp 12256 21520 "GET /static/assets/vendor/isotope-layout/isotope.pkgd.min.js HTTP/1.1" 404 179
WARNING 2026-03-22 23:30:24,944 basehttp 12256 21460 "GET /static/assets/img/icons/icon_dashboard.png HTTP/1.1" 404 179
WARNING 2026-03-22 23:30:24,949 basehttp 12256 11948 "GET /static/assets/js/main.js HTTP/1.1" 404 179
WARNING 2026-03-22 23:30:24,951 basehttp 12256 25872 "GET /static/assets/vendor/php-email-form/validate.js HTTP/1.1" 404 179
INFO 2026-03-22 23:30:34,200 autoreload 25968 18780 Watching for file changes with StatReloader
INFO 2026-03-22 23:30:35,370 basehttp 25968 15640 "GET /sat/ HTTP/1.1" 200 8894
WARNING 2026-03-22 23:30:35,573 basehttp 25968 15640 "GET /static/font-awesome-4.7.0/css/font-awesome.min.css HTTP/1.1" 404 179
WARNING 2026-03-22 23:30:35,584 basehttp 25968 4956 "GET /static/assets/vendor/bootstrap/css/bootstrap.min.css HTTP/1.1" 404 179
WARNING 2026-03-22 23:30:35,591 basehttp 25968 26824 "GET /static/assets/vendor/bootstrap-icons/bootstrap-icons.css HTTP/1.1" 404 179
WARNING 2026-03-22 23:30:35,597 basehttp 25968 15640 "GET /static/assets/css/main.css HTTP/1.1" 404 179
WARNING 2026-03-22 23:30:35,610 basehttp 25968 344 "GET /static/assets/vendor/aos/aos.css HTTP/1.1" 404 179
WARNING 2026-03-22 23:30:35,611 basehttp 25968 26824 "GET /static/assets/vendor/bootstrap/js/bootstrap.bundle.min.js HTTP/1.1" 404 179
WARNING 2026-03-22 23:30:35,613 basehttp 25968 4956 "GET /static/assets/css/makon-dashboard.css HTTP/1.1" 404 179
WARNING 2026-03-22 23:30:35,619 basehttp 25968 9072 "GET /static/assets/vendor/glightbox/css/glightbox.min.css HTTP/1.1" 404 179
WARNING 2026-03-22 23:30:35,625 basehttp 25968 5020 "GET /static/assets/vendor/swiper/swiper-bundle.min.css HTTP/1.1" 404 179
WARNING 2026-03-22 23:30:35,659 basehttp 25968 5020 "GET /static/assets/img/icons/original-icon-nobg.png HTTP/1.1" 404 179
WARNING 2026-03-22 23:30:35,687 basehttp 25968 9072 "GET /static/assets/vendor/aos/aos.js HTTP/1.1" 404 179
WARNING 2026-03-22 23:30:35,692 basehttp 25968 4956 "GET /static/assets/vendor/glightbox/js/glightbox.min.js HTTP/1.1" 404 179
WARNING 2026-03-22 23:30:35,709 basehttp 25968 26824 "GET /static/assets/vendor/purecounter/purecounter_vanilla.js HTTP/1.1" 404 179
WARNING 2026-03-22 23:30:35,726 basehttp 25968 344 "GET /static/assets/vendor/isotope-layout/isotope.pkgd.min.js HTTP/1.1" 404 179
WARNING 2026-03-22 23:30:35,727 basehttp 25968 5020 "GET /static/assets/vendor/swiper/swiper-bundle.min.js HTTP/1.1" 404 179
WARNING 2026-03-22 23:30:35,728 basehttp 25968 9072 "GET /static/assets/vendor/php-email-form/validate.js HTTP/1.1" 404 179
WARNING 2026-03-22 23:30:35,738 basehttp 25968 26824 "GET /static/assets/img/icons/icon_dashboard.png HTTP/1.1" 404 179
WARNING 2026-03-22 23:30:35,742 basehttp 25968 4956 "GET /static/assets/js/main.js HTTP/1.1" 404 179
INFO 2026-03-22 23:35:43,530 autoreload 6272 14956 Watching for file changes with StatReloader
ERROR 2026-03-22 23:35:46,242 basehttp 6272 25324 "GET /sat/ HTTP/1.1" 500 145
WARNING 2026-03-22 23:35:46,669 basehttp 6272 25324 "GET /favicon.ico HTTP/1.1" 404 179
INFO 2026-03-22 23:36:03,490 autoreload 23328 26012 Watching for file changes with StatReloader
ERROR 2026-03-22 23:36:07,036 basehttp 23328 16976 "GET /sat/ HTTP/1.1" 500 145
ERROR 2026-03-22 23:36:25,320 basehttp 23328 16976 "GET /sat/ HTTP/1.1" 500 145
INFO 2026-03-22 23:36:56,309 autoreload 23328 26012 C:\Users\turgu\OneDrive\Desktop\makonbook-master\makonbook-master\satmakon\settings.py changed, reloading.
INFO 2026-03-22 23:37:00,351 autoreload 12924 17348 Watching for file changes with StatReloader
INFO 2026-03-22 23:37:05,488 basehttp 12924 18320 "GET / HTTP/1.1" 302 0
INFO 2026-03-22 23:37:05,695 basehttp 12924 18320 "GET /sat/ HTTP/1.1" 200 9585
WARNING 2026-03-22 23:37:05,959 basehttp 12924 18320 "GET /static/font-awesome-4.7.0/css/font-awesome.min.css HTTP/1.1" 404 179
WARNING 2026-03-22 23:37:05,964 basehttp 12924 13088 "GET /static/assets/vendor/bootstrap/css/bootstrap.min.css HTTP/1.1" 404 179
WARNING 2026-03-22 23:37:05,969 basehttp 12924 5896 "GET /static/assets/vendor/bootstrap-icons/bootstrap-icons.css HTTP/1.1" 404 179
WARNING 2026-03-22 23:37:05,978 basehttp 12924 21684 "GET /static/assets/vendor/glightbox/css/glightbox.min.css HTTP/1.1" 404 179
WARNING 2026-03-22 23:37:05,986 basehttp 12924 4356 "GET /static/assets/css/main.css HTTP/1.1" 404 179
WARNING 2026-03-22 23:37:05,987 basehttp 12924 23388 "GET /static/assets/vendor/aos/aos.css HTTP/1.1" 404 179
WARNING 2026-03-22 23:37:05,991 basehttp 12924 18320 "GET /static/assets/vendor/swiper/swiper-bundle.min.css HTTP/1.1" 404 179
WARNING 2026-03-22 23:37:05,998 basehttp 12924 13088 "GET /static/assets/css/makon-dashboard.css HTTP/1.1" 404 179
WARNING 2026-03-22 23:37:06,015 basehttp 12924 13088 "GET /static/assets/img/icons/SAT%20MAKON%20logo%203.png HTTP/1.1" 404 179
WARNING 2026-03-22 23:37:06,022 basehttp 12924 18320 "GET /static/assets/vendor/bootstrap/js/bootstrap.bundle.min.js HTTP/1.1" 404 179
WARNING 2026-03-22 23:37:06,027 basehttp 12924 4356 "GET /static/assets/vendor/aos/aos.js HTTP/1.1" 404 179
WARNING 2026-03-22 23:37:06,033 basehttp 12924 13088 "GET /static/assets/vendor/glightbox/js/glightbox.min.js HTTP/1.1" 404 179
WARNING 2026-03-22 23:37:06,034 basehttp 12924 21684 "GET /static/assets/vendor/swiper/swiper-bundle.min.js HTTP/1.1" 404 179
WARNING 2026-03-22 23:37:06,035 basehttp 12924 23388 "GET /static/assets/vendor/purecounter/purecounter_vanilla.js HTTP/1.1" 404 179
WARNING 2026-03-22 23:37:06,046 basehttp 12924 4356 "GET /static/assets/vendor/isotope-layout/isotope.pkgd.min.js HTTP/1.1" 404 179
WARNING 2026-03-22 23:37:06,055 basehttp 12924 23388 "GET /static/assets/js/main.js HTTP/1.1" 404 179
WARNING 2026-03-22 23:37:06,056 basehttp 12924 21684 "GET /static/assets/vendor/php-email-form/validate.js HTTP/1.1" 404 179
WARNING 2026-03-22 23:37:06,066 basehttp 12924 21684 "GET /static/assets/img/icons/icon_dashboard.png HTTP/1.1" 404 179
INFO 2026-03-22 23:37:07,514 basehttp 12924 21684 "GET / HTTP/1.1" 302 0
INFO 2026-03-22 23:37:07,732 basehttp 12924 21684 "GET /sat/ HTTP/1.1" 200 9585
WARNING 2026-03-22 23:37:08,183 basehttp 12924 4356 "GET /static/assets/vendor/aos/aos.css HTTP/1.1" 404 179
WARNING 2026-03-22 23:37:08,197 basehttp 12924 21684 "GET /static/font-awesome-4.7.0/css/font-awesome.min.css HTTP/1.1" 404 179
WARNING 2026-03-22 23:37:08,206 basehttp 12924 5896 "GET /static/assets/vendor/swiper/swiper-bundle.min.css HTTP/1.1" 404 179
WARNING 2026-03-22 23:37:08,210 basehttp 12924 13088 "GET /static/assets/vendor/glightbox/css/glightbox.min.css HTTP/1.1" 404 179
WARNING 2026-03-22 23:37:08,212 basehttp 12924 23388 "GET /static/assets/vendor/bootstrap/css/bootstrap.min.css HTTP/1.1" 404 179
WARNING 2026-03-22 23:37:08,212 basehttp 12924 18320 "GET /static/assets/vendor/bootstrap-icons/bootstrap-icons.css HTTP/1.1" 404 179
WARNING 2026-03-22 23:37:08,222 basehttp 12924 4356 "GET /static/assets/css/makon-dashboard.css HTTP/1.1" 404 179
WARNING 2026-03-22 23:37:08,232 basehttp 12924 21684 "GET /static/assets/css/main.css HTTP/1.1" 404 179
WARNING 2026-03-22 23:37:08,243 basehttp 12924 4356 "GET /static/assets/img/icons/SAT%20MAKON%20logo%203.png HTTP/1.1" 404 179
WARNING 2026-03-22 23:37:08,248 basehttp 12924 23388 "GET /static/assets/vendor/bootstrap/js/bootstrap.bundle.min.js HTTP/1.1" 404 179
WARNING 2026-03-22 23:37:08,270 basehttp 12924 5896 "GET /static/assets/vendor/swiper/swiper-bundle.min.js HTTP/1.1" 404 179
WARNING 2026-03-22 23:37:08,278 basehttp 12924 23388 "GET /static/assets/vendor/glightbox/js/glightbox.min.js HTTP/1.1" 404 179
WARNING 2026-03-22 23:37:08,279 basehttp 12924 13088 "GET /static/assets/vendor/isotope-layout/isotope.pkgd.min.js HTTP/1.1" 404 179
WARNING 2026-03-22 23:37:08,279 basehttp 12924 4356 "GET /static/assets/vendor/purecounter/purecounter_vanilla.js HTTP/1.1" 404 179
WARNING 2026-03-22 23:37:08,280 basehttp 12924 18320 "GET /static/assets/vendor/php-email-form/validate.js HTTP/1.1" 404 179
WARNING 2026-03-22 23:37:08,281 basehttp 12924 21684 "GET /static/assets/vendor/aos/aos.js HTTP/1.1" 404 179
WARNING 2026-03-22 23:37:08,290 basehttp 12924 5896 "GET /static/assets/js/main.js HTTP/1.1" 404 179
WARNING 2026-03-22 23:37:08,303 basehttp 12924 4356 "GET /static/assets/img/icons/icon_dashboard.png HTTP/1.1" 404 179
WARNING 2026-03-22 23:38:24,353 basehttp 12924 4356 "GET /static/assets/css/main.css HTTP/1.1" 404 179
INFO 2026-03-23 21:04:45,302 autoreload 19396 15544 Watching for file changes with StatReloader
INFO 2026-03-23 21:04:48,953 basehttp 19396 24692 "GET / HTTP/1.1" 302 0
INFO 2026-03-23 21:04:49,192 basehttp 19396 24692 "GET /sat/ HTTP/1.1" 200 9585
WARNING 2026-03-23 21:04:49,912 basehttp 19396 24692 "GET /static/assets/vendor/bootstrap-icons/bootstrap-icons.css HTTP/1.1" 404 179
WARNING 2026-03-23 21:04:49,940 basehttp 19396 9988 "GET /static/assets/vendor/glightbox/css/glightbox.min.css HTTP/1.1" 404 179
WARNING 2026-03-23 21:04:49,997 basehttp 19396 24420 "GET /static/assets/vendor/bootstrap/css/bootstrap.min.css HTTP/1.1" 404 179
WARNING 2026-03-23 21:04:50,051 basehttp 19396 21132 "GET /static/font-awesome-4.7.0/css/font-awesome.min.css HTTP/1.1" 404 179
WARNING 2026-03-23 21:04:50,052 basehttp 19396 24280 "GET /static/assets/vendor/swiper/swiper-bundle.min.css HTTP/1.1" 404 179
WARNING 2026-03-23 21:04:50,056 basehttp 19396 25644 "GET /static/assets/vendor/aos/aos.css HTTP/1.1" 404 179
WARNING 2026-03-23 21:04:50,182 basehttp 19396 24692 "GET /static/assets/css/main.css HTTP/1.1" 404 179
WARNING 2026-03-23 21:04:50,344 basehttp 19396 25644 "GET /static/assets/img/icons/SAT%20MAKON%20logo%203.png HTTP/1.1" 404 179
WARNING 2026-03-23 21:04:50,434 basehttp 19396 9988 "GET /static/assets/css/makon-dashboard.css HTTP/1.1" 404 179
WARNING 2026-03-23 21:04:50,440 basehttp 19396 21132 "GET /static/assets/vendor/glightbox/js/glightbox.min.js HTTP/1.1" 404 179
WARNING 2026-03-23 21:04:50,548 basehttp 19396 24280 "GET /static/assets/vendor/aos/aos.js HTTP/1.1" 404 179
WARNING 2026-03-23 21:04:50,631 basehttp 19396 24692 "GET /static/assets/vendor/purecounter/purecounter_vanilla.js HTTP/1.1" 404 179
WARNING 2026-03-23 21:04:50,704 basehttp 19396 24420 "GET /static/assets/vendor/bootstrap/js/bootstrap.bundle.min.js HTTP/1.1" 404 179
WARNING 2026-03-23 21:04:50,745 basehttp 19396 21132 "GET /static/assets/vendor/isotope-layout/isotope.pkgd.min.js HTTP/1.1" 404 179
WARNING 2026-03-23 21:04:50,865 basehttp 19396 25644 "GET /static/assets/vendor/swiper/swiper-bundle.min.js HTTP/1.1" 404 179
WARNING 2026-03-23 21:04:50,901 basehttp 19396 9988 "GET /static/assets/vendor/php-email-form/validate.js HTTP/1.1" 404 179
WARNING 2026-03-23 21:04:50,979 basehttp 19396 24280 "GET /static/assets/js/main.js HTTP/1.1" 404 179
WARNING 2026-03-23 21:04:50,991 basehttp 19396 24692 "GET /static/assets/img/icons/icon_dashboard.png HTTP/1.1" 404 179
INFO 2026-03-23 21:05:15,534 autoreload 19396 15544 C:\Users\turgu\OneDrive\Desktop\makonbook-master\makonbook-master\satmakon\settings.py changed, reloading.
INFO 2026-03-23 21:05:19,948 autoreload 10532 21152 Watching for file changes with StatReloader
INFO 2026-03-23 21:05:22,845 basehttp 10532 27488 "GET / HTTP/1.1" 302 0
INFO 2026-03-23 21:05:23,029 basehttp 10532 27488 "GET /sat/ HTTP/1.1" 200 9953
WARNING 2026-03-23 21:05:23,532 basehttp 10532 27488 "GET /static/font-awesome-4.7.0/css/font-awesome.min.css HTTP/1.1" 404 179
INFO 2026-03-23 21:05:42,172 autoreload 10532 21152 C:\Users\turgu\OneDrive\Desktop\makonbook-master\makonbook-master\satmakon\settings.py changed, reloading.
INFO 2026-03-23 21:05:44,933 autoreload 23836 8368 Watching for file changes with StatReloader
INFO 2026-03-23 21:06:18,137 autoreload 23836 8368 C:\Users\turgu\OneDrive\Desktop\makonbook-master\makonbook-master\satmakon\settings.py changed, reloading.
INFO 2026-03-23 21:06:20,893 autoreload 25072 19480 Watching for file changes with StatReloader
INFO 2026-03-23 21:06:33,256 basehttp 25072 5620 "GET /sat/ HTTP/1.1" 200 9585
WARNING 2026-03-23 21:06:33,635 basehttp 25072 13464 "GET /static/assets/vendor/bootstrap/css/bootstrap.min.css HTTP/1.1" 404 179
WARNING 2026-03-23 21:06:33,638 basehttp 25072 5620 "GET /static/font-awesome-4.7.0/css/font-awesome.min.css HTTP/1.1" 404 179
WARNING 2026-03-23 21:06:33,704 basehttp 25072 21064 "GET /static/assets/vendor/glightbox/css/glightbox.min.css HTTP/1.1" 404 179
WARNING 2026-03-23 21:06:33,731 basehttp 25072 7096 "GET /static/assets/vendor/aos/aos.css HTTP/1.1" 404 179
WARNING 2026-03-23 21:06:33,735 basehttp 25072 8072 "GET /static/assets/vendor/bootstrap-icons/bootstrap-icons.css HTTP/1.1" 404 179
WARNING 2026-03-23 21:06:33,750 basehttp 25072 24208 "GET /static/assets/vendor/swiper/swiper-bundle.min.css HTTP/1.1" 404 179
WARNING 2026-03-23 21:06:33,904 basehttp 25072 13464 "GET /static/assets/css/main.css HTTP/1.1" 404 179
WARNING 2026-03-23 21:06:33,933 basehttp 25072 5620 "GET /static/assets/css/makon-dashboard.css HTTP/1.1" 404 179
WARNING 2026-03-23 21:06:34,018 basehttp 25072 21064 "GET /static/assets/vendor/bootstrap/js/bootstrap.bundle.min.js HTTP/1.1" 404 179
WARNING 2026-03-23 21:06:34,039 basehttp 25072 8072 "GET /static/assets/img/icons/SAT%20MAKON%20logo%203.png HTTP/1.1" 404 179
WARNING 2026-03-23 21:06:34,092 basehttp 25072 7096 "GET /static/assets/vendor/aos/aos.js HTTP/1.1" 404 179
WARNING 2026-03-23 21:06:34,120 basehttp 25072 24208 "GET /static/assets/vendor/glightbox/js/glightbox.min.js HTTP/1.1" 404 179
WARNING 2026-03-23 21:06:34,312 basehttp 25072 13464 "GET /static/assets/vendor/purecounter/purecounter_vanilla.js HTTP/1.1" 404 179
WARNING 2026-03-23 21:06:34,359 basehttp 25072 8072 "GET /static/assets/vendor/isotope-layout/isotope.pkgd.min.js HTTP/1.1" 404 179
WARNING 2026-03-23 21:06:34,360 basehttp 25072 5620 "GET /static/assets/vendor/swiper/swiper-bundle.min.js HTTP/1.1" 404 179
WARNING 2026-03-23 21:06:34,405 basehttp 25072 21064 "GET /static/assets/img/icons/icon_dashboard.png HTTP/1.1" 404 179
WARNING 2026-03-23 21:06:34,415 basehttp 25072 24208 "GET /static/assets/js/main.js HTTP/1.1" 404 179
WARNING 2026-03-23 21:06:34,462 basehttp 25072 7096 "GET /static/assets/vendor/php-email-form/validate.js HTTP/1.1" 404 179
INFO 2026-03-23 21:06:50,162 autoreload 21240 5584 Watching for file changes with StatReloader
INFO 2026-03-23 21:07:18,874 basehttp 21240 24688 "GET /sat/ HTTP/1.1" 200 9585
WARNING 2026-03-23 21:07:19,274 basehttp 21240 22912 "GET /static/assets/vendor/bootstrap-icons/bootstrap-icons.css HTTP/1.1" 404 179
WARNING 2026-03-23 21:07:19,285 basehttp 21240 4572 "GET /static/assets/vendor/bootstrap/css/bootstrap.min.css HTTP/1.1" 404 179
WARNING 2026-03-23 21:07:19,320 basehttp 21240 24688 "GET /static/font-awesome-4.7.0/css/font-awesome.min.css HTTP/1.1" 404 179
WARNING 2026-03-23 21:07:19,385 basehttp 21240 13452 "GET /static/assets/vendor/glightbox/css/glightbox.min.css HTTP/1.1" 404 179
WARNING 2026-03-23 21:07:19,386 basehttp 21240 26752 "GET /static/assets/vendor/swiper/swiper-bundle.min.css HTTP/1.1" 404 179
WARNING 2026-03-23 21:07:19,457 basehttp 21240 3812 "GET /static/assets/vendor/aos/aos.css HTTP/1.1" 404 179
WARNING 2026-03-23 21:07:19,588 basehttp 21240 22912 "GET /static/assets/css/main.css HTTP/1.1" 404 179
WARNING 2026-03-23 21:07:19,622 basehttp 21240 4572 "GET /static/assets/css/makon-dashboard.css HTTP/1.1" 404 179
WARNING 2026-03-23 21:07:19,699 basehttp 21240 26752 "GET /static/assets/img/icons/SAT%20MAKON%20logo%203.png HTTP/1.1" 404 179
WARNING 2026-03-23 21:07:19,782 basehttp 21240 24688 "GET /static/assets/vendor/bootstrap/js/bootstrap.bundle.min.js HTTP/1.1" 404 179
WARNING 2026-03-23 21:07:19,827 basehttp 21240 3812 "GET /static/assets/vendor/glightbox/js/glightbox.min.js HTTP/1.1" 404 179
WARNING 2026-03-23 21:07:19,855 basehttp 21240 13452 "GET /static/assets/vendor/aos/aos.js HTTP/1.1" 404 179
WARNING 2026-03-23 21:07:19,857 basehttp 21240 22912 "GET /static/assets/vendor/purecounter/purecounter_vanilla.js HTTP/1.1" 404 179
WARNING 2026-03-23 21:07:19,911 basehttp 21240 4572 "GET /static/assets/vendor/swiper/swiper-bundle.min.js HTTP/1.1" 404 179
WARNING 2026-03-23 21:07:20,047 basehttp 21240 26752 "GET /static/assets/img/icons/icon_dashboard.png HTTP/1.1" 404 179
WARNING 2026-03-23 21:07:20,097 basehttp 21240 24688 "GET /static/assets/vendor/isotope-layout/isotope.pkgd.min.js HTTP/1.1" 404 179
WARNING 2026-03-23 21:07:20,133 basehttp 21240 3812 "GET /static/assets/vendor/php-email-form/validate.js HTTP/1.1" 404 179
WARNING 2026-03-23 21:07:20,144 basehttp 21240 13452 "GET /static/assets/js/main.js HTTP/1.1" 404 179
WARNING 2026-03-23 21:07:50,950 basehttp 21240 13452 "GET /static/assets/css/main.css HTTP/1.1" 404 179
INFO 2026-03-23 21:08:30,202 autoreload 21240 5584 C:\Users\turgu\OneDrive\Desktop\makonbook-master\makonbook-master\satmakon\settings.py changed, reloading.
INFO 2026-03-23 21:08:33,652 autoreload 26552 21704 Watching for file changes with StatReloader
INFO 2026-03-23 21:08:48,371 autoreload 26552 21704 C:\Users\turgu\OneDrive\Desktop\makonbook-master\makonbook-master\satmakon\settings.py changed, reloading.
INFO 2026-03-23 21:10:31,238 autoreload 21076 21380 Watching for file changes with StatReloader
INFO 2026-03-23 21:10:37,187 basehttp 21076 20672 "GET / HTTP/1.1" 302 0
INFO 2026-03-23 21:10:37,394 basehttp 21076 20672 "GET /sat/ HTTP/1.1" 200 9585
WARNING 2026-03-23 21:10:37,707 basehttp 21076 20672 "GET /static/font-awesome-4.7.0/css/font-awesome.min.css HTTP/1.1" 404 179
WARNING 2026-03-23 21:10:37,721 basehttp 21076 12480 "GET /static/assets/vendor/bootstrap/css/bootstrap.min.css HTTP/1.1" 404 179
WARNING 2026-03-23 21:10:37,721 basehttp 21076 24972 "GET /static/assets/vendor/bootstrap-icons/bootstrap-icons.css HTTP/1.1" 404 179
WARNING 2026-03-23 21:10:37,745 basehttp 21076 14744 "GET /static/assets/vendor/aos/aos.css HTTP/1.1" 404 179
WARNING 2026-03-23 21:10:37,748 basehttp 21076 24972 "GET /static/assets/vendor/bootstrap/js/bootstrap.bundle.min.js HTTP/1.1" 404 179
WARNING 2026-03-23 21:10:37,752 basehttp 21076 12480 "GET /static/assets/css/makon-dashboard.css HTTP/1.1" 404 179
WARNING 2026-03-23 21:10:37,759 basehttp 21076 20672 "GET /static/assets/css/main.css HTTP/1.1" 404 179
WARNING 2026-03-23 21:10:37,762 basehttp 21076 16452 "GET /static/assets/vendor/glightbox/css/glightbox.min.css HTTP/1.1" 404 179
WARNING 2026-03-23 21:10:37,768 basehttp 21076 26664 "GET /static/assets/vendor/swiper/swiper-bundle.min.css HTTP/1.1" 404 179
WARNING 2026-03-23 21:10:37,773 basehttp 21076 14744 "GET /static/assets/vendor/aos/aos.js HTTP/1.1" 404 179
WARNING 2026-03-23 21:10:37,774 basehttp 21076 12480 "GET /static/assets/vendor/glightbox/js/glightbox.min.js HTTP/1.1" 404 179
WARNING 2026-03-23 21:10:37,776 basehttp 21076 24972 "GET /static/assets/img/icons/SAT%20MAKON%20logo%203.png HTTP/1.1" 404 179
WARNING 2026-03-23 21:10:37,777 basehttp 21076 16452 "GET /static/assets/vendor/purecounter/purecounter_vanilla.js HTTP/1.1" 404 179
WARNING 2026-03-23 21:10:37,778 basehttp 21076 20672 "GET /static/assets/vendor/swiper/swiper-bundle.min.js HTTP/1.1" 404 179
WARNING 2026-03-23 21:10:37,787 basehttp 21076 14744 "GET /static/assets/vendor/php-email-form/validate.js HTTP/1.1" 404 179
WARNING 2026-03-23 21:10:37,790 basehttp 21076 26664 "GET /static/assets/vendor/isotope-layout/isotope.pkgd.min.js HTTP/1.1" 404 179
WARNING 2026-03-23 21:10:37,796 basehttp 21076 16452 "GET /static/assets/js/main.js HTTP/1.1" 404 179
WARNING 2026-03-23 21:10:37,801 basehttp 21076 26664 "GET /static/assets/img/icons/icon_dashboard.png HTTP/1.1" 404 179
WARNING 2026-03-23 21:10:40,656 basehttp 21076 26664 "GET /static/assets/css/main.css HTTP/1.1" 404 179
INFO 2026-03-23 21:11:43,977 autoreload 21076 21380 C:\Users\turgu\OneDrive\Desktop\makonbook-master\makonbook-master\satmakon\settings.py changed, reloading.
INFO 2026-03-23 21:11:47,885 autoreload 24900 20504 Watching for file changes with StatReloader
INFO 2026-03-23 21:11:54,851 autoreload 24900 20504 C:\Users\turgu\OneDrive\Desktop\makonbook-master\makonbook-master\satmakon\settings.py changed, reloading.
INFO 2026-03-23 21:11:59,223 autoreload 3232 6064 Watching for file changes with StatReloader
INFO 2026-03-23 21:19:57,546 autoreload 3232 6064 C:\Users\turgu\OneDrive\Desktop\makonbook-master\makonbook-master\satmakon\urls.py changed, reloading.
INFO 2026-03-23 21:20:01,337 autoreload 2736 3692 Watching for file changes with StatReloader
INFO 2026-03-23 21:20:17,631 basehttp 2736 5432 "GET /sat/ HTTP/1.1" 200 9585
WARNING 2026-03-23 21:20:17,774 basehttp 2736 5432 "GET /static/font-awesome-4.7.0/css/font-awesome.min.css HTTP/1.1" 404 179
WARNING 2026-03-23 21:20:17,779 basehttp 2736 19420 "GET /static/assets/vendor/bootstrap/css/bootstrap.min.css HTTP/1.1" 404 179
WARNING 2026-03-23 21:20:17,784 basehttp 2736 25004 "GET /static/assets/vendor/bootstrap-icons/bootstrap-icons.css HTTP/1.1" 404 179
WARNING 2026-03-23 21:20:17,790 basehttp 2736 21468 "GET /static/assets/vendor/aos/aos.css HTTP/1.1" 404 179
WARNING 2026-03-23 21:20:17,813 basehttp 2736 5432 "GET /static/assets/css/main.css HTTP/1.1" 404 179
WARNING 2026-03-23 21:20:17,814 basehttp 2736 25004 "GET /static/assets/vendor/bootstrap/js/bootstrap.bundle.min.js HTTP/1.1" 404 179
WARNING 2026-03-23 21:20:17,816 basehttp 2736 18360 "GET /static/assets/vendor/glightbox/css/glightbox.min.css HTTP/1.1" 404 179
WARNING 2026-03-23 21:20:17,817 basehttp 2736 19420 "GET /static/assets/css/makon-dashboard.css HTTP/1.1" 404 179
WARNING 2026-03-23 21:20:17,818 basehttp 2736 21468 "GET /static/assets/img/icons/SAT%20MAKON%20logo%203.png HTTP/1.1" 404 179
WARNING 2026-03-23 21:20:17,819 basehttp 2736 11996 "GET /static/assets/vendor/swiper/swiper-bundle.min.css HTTP/1.1" 404 179
WARNING 2026-03-23 21:20:17,825 basehttp 2736 5432 "GET /static/assets/vendor/aos/aos.js HTTP/1.1" 404 179
WARNING 2026-03-23 21:20:17,831 basehttp 2736 11996 "GET /static/assets/vendor/glightbox/js/glightbox.min.js HTTP/1.1" 404 179
WARNING 2026-03-23 21:20:17,838 basehttp 2736 21468 "GET /static/assets/vendor/purecounter/purecounter_vanilla.js HTTP/1.1" 404 179
WARNING 2026-03-23 21:20:17,839 basehttp 2736 19420 "GET /static/assets/vendor/swiper/swiper-bundle.min.js HTTP/1.1" 404 179
WARNING 2026-03-23 21:20:17,846 basehttp 2736 18360 "GET /static/assets/vendor/php-email-form/validate.js HTTP/1.1" 404 179
WARNING 2026-03-23 21:20:17,847 basehttp 2736 5432 "GET /static/assets/vendor/isotope-layout/isotope.pkgd.min.js HTTP/1.1" 404 179
WARNING 2026-03-23 21:20:17,852 basehttp 2736 11996 "GET /static/assets/js/main.js HTTP/1.1" 404 179
WARNING 2026-03-23 21:20:17,876 basehttp 2736 11996 "GET /static/assets/img/icons/icon_dashboard.png HTTP/1.1" 404 179
INFO 2026-03-23 21:20:25,616 autoreload 16840 15064 Watching for file changes with StatReloader
INFO 2026-03-23 21:21:21,741 autoreload 22604 21576 Watching for file changes with StatReloader
INFO 2026-03-23 21:21:59,126 autoreload 22604 21576 C:\Users\turgu\OneDrive\Desktop\makonbook-master\makonbook-master\satmakon\urls.py changed, reloading.
INFO 2026-03-23 21:22:02,375 autoreload 13224 1284 Watching for file changes with StatReloader
INFO 2026-03-23 21:22:10,331 autoreload 3096 19480 Watching for file changes with StatReloader
INFO 2026-03-23 21:22:26,678 basehttp 3096 23436 "GET / HTTP/1.1" 302 0
INFO 2026-03-23 21:22:31,598 basehttp 3096 23436 "GET /login/?next=/ HTTP/1.1" 200 2555
WARNING 2026-03-23 21:22:32,434 basehttp 3096 23436 "GET /static/assets/css/makon-style.css HTTP/1.1" 404 179
WARNING 2026-03-23 21:22:32,456 basehttp 3096 23436 "GET /static/assets/js/login-main.js HTTP/1.1" 404 179
WARNING 2026-03-23 21:22:32,461 basehttp 3096 19920 "GET /static/assets/img/icons/white-icon-nobg.png HTTP/1.1" 404 179
INFO 2026-03-23 21:22:37,645 basehttp 3096 23436 "POST /login/?next=/ HTTP/1.1" 200 2765
WARNING 2026-03-23 21:22:37,902 basehttp 3096 23436 "GET /static/assets/js/login-main.js HTTP/1.1" 404 179
WARNING 2026-03-23 21:22:37,903 basehttp 3096 19920 "GET /static/assets/css/makon-style.css HTTP/1.1" 404 179
WARNING 2026-03-23 21:22:37,927 basehttp 3096 19920 "GET /static/assets/img/icons/white-icon-nobg.png HTTP/1.1" 404 179
INFO 2026-03-23 21:22:46,433 basehttp 3096 23920 "GET /sat/ HTTP/1.1" 200 9585
WARNING 2026-03-23 21:22:46,838 basehttp 3096 23920 "GET /static/font-awesome-4.7.0/css/font-awesome.min.css HTTP/1.1" 404 179
WARNING 2026-03-23 21:22:46,848 basehttp 3096 10688 "GET /static/assets/vendor/bootstrap/css/bootstrap.min.css HTTP/1.1" 404 179
WARNING 2026-03-23 21:22:46,853 basehttp 3096 160 "GET /static/assets/vendor/bootstrap-icons/bootstrap-icons.css HTTP/1.1" 404 179
WARNING 2026-03-23 21:22:46,863 basehttp 3096 14016 "GET /static/assets/vendor/aos/aos.css HTTP/1.1" 404 179
WARNING 2026-03-23 21:22:46,880 basehttp 3096 10688 "GET /static/assets/css/makon-dashboard.css HTTP/1.1" 404 179
WARNING 2026-03-23 21:22:46,881 basehttp 3096 160 "GET /static/assets/vendor/bootstrap/js/bootstrap.bundle.min.js HTTP/1.1" 404 179
WARNING 2026-03-23 21:22:46,882 basehttp 3096 20192 "GET /static/assets/vendor/swiper/swiper-bundle.min.css HTTP/1.1" 404 179
WARNING 2026-03-23 21:22:46,883 basehttp 3096 13648 "GET /static/assets/vendor/glightbox/css/glightbox.min.css HTTP/1.1" 404 179
WARNING 2026-03-23 21:22:46,883 basehttp 3096 23920 "GET /static/assets/css/main.css HTTP/1.1" 404 179
WARNING 2026-03-23 21:22:46,884 basehttp 3096 14016 "GET /static/assets/img/icons/SAT%20MAKON%20logo%203.png HTTP/1.1" 404 179
WARNING 2026-03-23 21:22:46,923 basehttp 3096 20192 "GET /static/assets/vendor/swiper/swiper-bundle.min.js HTTP/1.1" 404 179
WARNING 2026-03-23 21:22:46,924 basehttp 3096 160 "GET /static/assets/vendor/isotope-layout/isotope.pkgd.min.js HTTP/1.1" 404 179
WARNING 2026-03-23 21:22:46,924 basehttp 3096 23920 "GET /static/assets/vendor/glightbox/js/glightbox.min.js HTTP/1.1" 404 179
WARNING 2026-03-23 21:22:46,924 basehttp 3096 14016 "GET /static/assets/vendor/aos/aos.js HTTP/1.1" 404 179
WARNING 2026-03-23 21:22:46,925 basehttp 3096 10688 "GET /static/assets/vendor/php-email-form/validate.js HTTP/1.1" 404 179
WARNING 2026-03-23 21:22:46,927 basehttp 3096 13648 "GET /static/assets/vendor/purecounter/purecounter_vanilla.js HTTP/1.1" 404 179
WARNING 2026-03-23 21:22:46,948 basehttp 3096 13648 "GET /static/assets/js/main.js HTTP/1.1" 404 179
WARNING 2026-03-23 21:22:46,969 basehttp 3096 13648 "GET /static/assets/img/icons/icon_dashboard.png HTTP/1.1" 404 179
WARNING 2026-03-23 21:22:50,003 basehttp 3096 13648 "GET /static/assets/css/main.css HTTP/1.1" 404 179
WARNING 2026-03-23 21:23:07,686 basehttp 3096 13648 "GET /static/assets/css/main.css HTTP/1.1" 404 179
WARNING 2026-03-23 21:24:21,343 basehttp 3096 13648 "GET /static/assets/css/main.css HTTP/1.1" 404 179
WARNING 2026-03-23 21:24:21,495 basehttp 3096 13648 "GET /favicon.ico HTTP/1.1" 404 179
WARNING 2026-03-23 21:24:23,573 basehttp 3096 13648 "GET /static/assets/img/icons/original-icon-nobg.png HTTP/1.1" 404 179
INFO 2026-03-23 21:24:24,660 basehttp 3096 13648 "GET /sat/ HTTP/1.1" 200 9585
WARNING 2026-03-23 21:24:24,786 basehttp 3096 14016 "GET /static/assets/vendor/swiper/swiper-bundle.min.css HTTP/1.1" 404 179
WARNING 2026-03-23 21:24:24,787 basehttp 3096 160 "GET /static/assets/vendor/bootstrap-icons/bootstrap-icons.css HTTP/1.1" 404 179
WARNING 2026-03-23 21:24:24,787 basehttp 3096 10688 "GET /static/assets/vendor/bootstrap/css/bootstrap.min.css HTTP/1.1" 404 179
WARNING 2026-03-23 21:24:24,787 basehttp 3096 13648 "GET /static/font-awesome-4.7.0/css/font-awesome.min.css HTTP/1.1" 404 179
WARNING 2026-03-23 21:24:24,788 basehttp 3096 20192 "GET /static/assets/vendor/aos/aos.css HTTP/1.1" 404 179
WARNING 2026-03-23 21:24:24,790 basehttp 3096 23920 "GET /static/assets/vendor/glightbox/css/glightbox.min.css HTTP/1.1" 404 179
WARNING 2026-03-23 21:24:24,802 basehttp 3096 10688 "GET /static/assets/css/makon-dashboard.css HTTP/1.1" 404 179
WARNING 2026-03-23 21:24:24,803 basehttp 3096 13648 "GET /static/assets/css/main.css HTTP/1.1" 404 179
WARNING 2026-03-23 21:24:24,806 basehttp 3096 14016 "GET /static/assets/vendor/bootstrap/js/bootstrap.bundle.min.js HTTP/1.1" 404 179
WARNING 2026-03-23 21:24:24,810 basehttp 3096 23920 "GET /static/assets/img/icons/SAT%20MAKON%20logo%203.png HTTP/1.1" 404 179
WARNING 2026-03-23 21:24:24,811 basehttp 3096 20192 "GET /static/assets/vendor/aos/aos.js HTTP/1.1" 404 179
WARNING 2026-03-23 21:24:24,816 basehttp 3096 160 "GET /static/assets/vendor/glightbox/js/glightbox.min.js HTTP/1.1" 404 179
WARNING 2026-03-23 21:24:24,841 basehttp 3096 20192 "GET /static/assets/vendor/swiper/swiper-bundle.min.js HTTP/1.1" 404 179
WARNING 2026-03-23 21:24:24,842 basehttp 3096 160 "GET /static/assets/vendor/php-email-form/validate.js HTTP/1.1" 404 179
WARNING 2026-03-23 21:24:24,842 basehttp 3096 14016 "GET /static/assets/vendor/isotope-layout/isotope.pkgd.min.js HTTP/1.1" 404 179
WARNING 2026-03-23 21:24:24,843 basehttp 3096 23920 "GET /static/assets/vendor/purecounter/purecounter_vanilla.js HTTP/1.1" 404 179
WARNING 2026-03-23 21:24:24,843 basehttp 3096 13648 "GET /static/assets/js/main.js HTTP/1.1" 404 179
WARNING 2026-03-23 21:24:25,247 basehttp 3096 13648 "GET /static/assets/img/icons/icon_dashboard.png HTTP/1.1" 404 179
WARNING 2026-03-23 21:24:25,294 basehttp 3096 13648 "GET /static/assets/img/icons/original-icon-nobg.png HTTP/1.1" 404 179
INFO 2026-03-23 21:24:46,499 autoreload 3096 19480 C:\Users\turgu\OneDrive\Desktop\makonbook-master\makonbook-master\satmakon\settings.py changed, reloading.
INFO 2026-03-23 21:24:55,745 autoreload 20564 24356 Watching for file changes with StatReloader
INFO 2026-03-23 21:25:09,776 autoreload 24468 25100 Watching for file changes with StatReloader
INFO 2026-03-23 21:25:11,302 basehttp 24468 7080 "GET /sat/ HTTP/1.1" 200 9585
WARNING 2026-03-23 21:25:11,692 basehttp 24468 25340 "GET /static/assets/vendor/bootstrap-icons/bootstrap-icons.css HTTP/1.1" 404 179
WARNING 2026-03-23 21:25:11,696 basehttp 24468 23212 "GET /static/assets/vendor/bootstrap/css/bootstrap.min.css HTTP/1.1" 404 179
WARNING 2026-03-23 21:25:11,715 basehttp 24468 7080 "GET /static/font-awesome-4.7.0/css/font-awesome.min.css HTTP/1.1" 404 179
WARNING 2026-03-23 21:25:11,753 basehttp 24468 24308 "GET /static/assets/vendor/aos/aos.css HTTP/1.1" 404 179
WARNING 2026-03-23 21:25:11,782 basehttp 24468 25572 "GET /static/assets/vendor/glightbox/css/glightbox.min.css HTTP/1.1" 404 179
WARNING 2026-03-23 21:25:11,819 basehttp 24468 9392 "GET /static/assets/vendor/swiper/swiper-bundle.min.css HTTP/1.1" 404 179
WARNING 2026-03-23 21:25:11,926 basehttp 24468 25340 "GET /static/assets/css/main.css HTTP/1.1" 404 179
WARNING 2026-03-23 21:25:11,926 basehttp 24468 7080 "GET /static/assets/vendor/bootstrap/js/bootstrap.bundle.min.js HTTP/1.1" 404 179
WARNING 2026-03-23 21:25:11,957 basehttp 24468 23212 "GET /static/assets/css/makon-dashboard.css HTTP/1.1" 404 179
WARNING 2026-03-23 21:25:12,069 basehttp 24468 24308 "GET /static/assets/vendor/glightbox/js/glightbox.min.js HTTP/1.1" 404 179
WARNING 2026-03-23 21:25:12,091 basehttp 24468 25572 "GET /static/assets/vendor/aos/aos.js HTTP/1.1" 404 179
WARNING 2026-03-23 21:25:12,177 basehttp 24468 25340 "GET /static/assets/vendor/swiper/swiper-bundle.min.js HTTP/1.1" 404 179
WARNING 2026-03-23 21:25:12,181 basehttp 24468 7080 "GET /static/assets/vendor/purecounter/purecounter_vanilla.js HTTP/1.1" 404 179
WARNING 2026-03-23 21:25:12,198 basehttp 24468 9392 "GET /static/assets/img/icons/SAT%20MAKON%20logo%203.png HTTP/1.1" 404 179
WARNING 2026-03-23 21:25:12,215 basehttp 24468 23212 "GET /static/assets/vendor/isotope-layout/isotope.pkgd.min.js HTTP/1.1" 404 179
WARNING 2026-03-23 21:25:12,282 basehttp 24468 25572 "GET /static/assets/vendor/php-email-form/validate.js HTTP/1.1" 404 179
WARNING 2026-03-23 21:25:12,356 basehttp 24468 25340 "GET /static/assets/js/main.js HTTP/1.1" 404 179
WARNING 2026-03-23 21:25:12,368 basehttp 24468 24308 "GET /static/assets/img/icons/icon_dashboard.png HTTP/1.1" 404 179
INFO 2026-03-23 21:25:21,233 autoreload 24468 25100 C:\Users\turgu\OneDrive\Desktop\makonbook-master\makonbook-master\satmakon\settings.py changed, reloading.
INFO 2026-03-23 21:25:29,331 autoreload 1960 17004 Watching for file changes with StatReloader
WARNING 2026-03-23 21:25:47,073 basehttp 1960 15436 "GET /favicon.ico HTTP/1.1" 404 179
WARNING 2026-03-23 21:25:48,514 basehttp 1960 15436 "GET /static/assets/css/main.css HTTP/1.1" 404 179
WARNING 2026-03-23 21:25:54,776 basehttp 1960 15436 "GET /static/assets/css/main.css HTTP/1.1" 404 179
WARNING 2026-03-23 21:26:20,137 basehttp 1960 15436 "GET /static/assets/vendor/bootstrap/css/bootstrap.min.css HTTP/1.1" 404 179
WARNING 2026-03-23 21:26:43,299 basehttp 1960 15436 "GET /static/assets/img/icons/original-icon-nobg.png HTTP/1.1" 404 179
INFO 2026-03-23 21:29:19,085 autoreload 25316 12564 Watching for file changes with StatReloader
INFO 2026-03-23 21:29:24,173 basehttp 25316 24284 "GET /static/assets/vendor/glightbox/css/glightbox.min.css HTTP/1.1" 200 13749
INFO 2026-03-23 21:29:24,239 basehttp 25316 14984 "GET /static/font-awesome-4.7.0/css/font-awesome.min.css HTTP/1.1" 200 31000
INFO 2026-03-23 21:29:24,240 basehttp 25316 1092 "GET /static/assets/vendor/aos/aos.css HTTP/1.1" 200 28765
INFO 2026-03-23 21:29:25,868 basehttp 25316 1092 "GET /sat/ HTTP/1.1" 200 9585
INFO 2026-03-23 21:29:26,037 basehttp 25316 24284 "GET /static/assets/vendor/swiper/swiper-bundle.min.css HTTP/1.1" 200 18432
INFO 2026-03-23 21:29:26,054 basehttp 25316 12172 "GET /static/assets/css/main.css HTTP/1.1" 200 50430
INFO 2026-03-23 21:29:26,065 basehttp 25316 23132 "GET /static/assets/css/makon-dashboard.css HTTP/1.1" 200 4958
INFO 2026-03-23 21:29:26,075 basehttp 25316 1092 "GET /static/assets/vendor/bootstrap/css/bootstrap.min.css HTTP/1.1" 200 232803
INFO 2026-03-23 21:29:26,076 basehttp 25316 25748 "GET /static/assets/vendor/bootstrap/js/bootstrap.bundle.min.js HTTP/1.1" 200 80721
INFO 2026-03-23 21:29:26,094 basehttp 25316 14984 "GET /static/assets/vendor/bootstrap-icons/bootstrap-icons.css HTTP/1.1" 200 98255
INFO 2026-03-23 21:29:26,103 basehttp 25316 24284 "GET /static/assets/vendor/isotope-layout/isotope.pkgd.min.js HTTP/1.1" 200 35445
INFO 2026-03-23 21:29:26,107 basehttp 25316 12172 "GET /static/assets/vendor/swiper/swiper-bundle.min.js HTTP/1.1" 200 149982
INFO 2026-03-23 21:29:26,117 basehttp 25316 24284 "GET /static/assets/vendor/php-email-form/validate.js HTTP/1.1" 200 2734
INFO 2026-03-23 21:29:26,122 basehttp 25316 12172 "GET /static/assets/js/main.js HTTP/1.1" 200 7526
INFO 2026-03-23 21:29:26,128 basehttp 25316 1092 "GET /static/assets/vendor/aos/aos.js HTTP/1.1" 200 13800
INFO 2026-03-23 21:29:26,128 basehttp 25316 23132 "GET /static/assets/vendor/purecounter/purecounter_vanilla.js HTTP/1.1" 200 5417
INFO 2026-03-23 21:29:26,142 basehttp 25316 25748 "GET /static/assets/img/icons/SAT%20MAKON%20logo%203.png HTTP/1.1" 200 66505
INFO 2026-03-23 21:29:26,146 basehttp 25316 14984 "GET /static/assets/vendor/glightbox/js/glightbox.min.js HTTP/1.1" 200 56300
INFO 2026-03-23 21:29:26,174 basehttp 25316 25748 "GET /static/assets/img/icons/icon_dashboard.png HTTP/1.1" 200 10076
INFO 2026-03-23 21:29:26,333 basehttp 25316 25748 "GET /static/assets/vendor/bootstrap-icons/fonts/bootstrap-icons.woff2?dd67030699838ea613ee6dbda90effa6 HTTP/1.1" 304 0
INFO 2026-03-23 22:49:01,694 autoreload 25316 12564 C:\Users\turgu\OneDrive\Desktop\makonbook-master\makonbook-master\satmakon\urls.py changed, reloading.
INFO 2026-03-23 22:49:54,902 autoreload 1680 16024 Watching for file changes with StatReloader
INFO 2026-03-23 22:50:15,678 basehttp 1680 27416 "GET /sat/ HTTP/1.1" 200 9585
INFO 2026-03-23 22:50:40,931 basehttp 1680 27416 "GET /sat/practice_tests/ HTTP/1.1" 200 30816
INFO 2026-03-23 22:50:41,562 basehttp 1680 11892 "GET /static/assets/img/tests/16.png HTTP/1.1" 200 15011
INFO 2026-03-23 22:50:41,570 basehttp 1680 11608 "GET /static/assets/img/tests/12.png HTTP/1.1" 200 14687
INFO 2026-03-23 22:50:41,574 basehttp 1680 21008 "GET /static/assets/img/tests/15.png HTTP/1.1" 200 14824
INFO 2026-03-23 22:50:41,580 basehttp 1680 11892 "GET /static/assets/img/tests/17.png HTTP/1.1" 200 14346
INFO 2026-03-23 22:50:41,588 basehttp 1680 21008 "GET /static/assets/img/tests/18.png HTTP/1.1" 200 15155
INFO 2026-03-23 22:50:41,595 basehttp 1680 11892 "GET /static/assets/img/tests/19.png HTTP/1.1" 200 14955
INFO 2026-03-23 22:50:41,602 basehttp 1680 11608 "GET /static/assets/img/tests/20.png HTTP/1.1" 200 15420
INFO 2026-03-23 22:50:41,608 basehttp 1680 21008 "GET /static/assets/img/tests/21.png HTTP/1.1" 200 14721
INFO 2026-03-23 22:50:41,612 basehttp 1680 21108 "GET /static/assets/img/tests/13.png HTTP/1.1" 200 14896
INFO 2026-03-23 22:50:41,616 basehttp 1680 27416 "GET /static/assets/img/tests/11.png HTTP/1.1" 200 14113
INFO 2026-03-23 22:50:41,618 basehttp 1680 19496 "GET /static/assets/img/tests/14.png HTTP/1.1" 200 14367
INFO 2026-03-23 22:50:41,619 basehttp 1680 11892 "GET /static/assets/img/tests/22.png HTTP/1.1" 200 15195
INFO 2026-03-23 22:50:41,622 basehttp 1680 11608 "GET /static/assets/img/tests/23.png HTTP/1.1" 200 15390
INFO 2026-03-23 22:50:41,636 basehttp 1680 11892 "GET /static/assets/img/tests/26.png HTTP/1.1" 200 15550
INFO 2026-03-23 22:50:41,640 basehttp 1680 27416 "GET /static/assets/img/tests/24.png HTTP/1.1" 200 14880
INFO 2026-03-23 22:50:41,641 basehttp 1680 21008 "GET /static/assets/img/tests/30.png HTTP/1.1" 200 15608
INFO 2026-03-23 22:50:41,642 basehttp 1680 11608 "GET /static/assets/img/tests/28.png HTTP/1.1" 200 15610
INFO 2026-03-23 22:50:41,646 basehttp 1680 19496 "GET /static/assets/img/tests/27.png HTTP/1.1" 200 14909
INFO 2026-03-23 22:50:41,654 basehttp 1680 21108 "GET /static/assets/img/tests/29.png HTTP/1.1" 200 15535
INFO 2026-03-23 22:50:41,656 basehttp 1680 27416 "GET /static/assets/img/tests/31.png HTTP/1.1" 200 14870
INFO 2026-03-23 22:50:41,659 basehttp 1680 19496 "GET /static/assets/img/tests/32.png HTTP/1.1" 200 15423
INFO 2026-03-23 22:50:41,677 basehttp 1680 11608 "GET /static/assets/img/tests/34.png HTTP/1.1" 200 15099
INFO 2026-03-23 22:50:41,677 basehttp 1680 21008 "GET /static/assets/img/tests/33.png HTTP/1.1" 200 14998
INFO 2026-03-23 22:50:41,679 basehttp 1680 11892 "GET /static/assets/img/tests/35.png HTTP/1.1" 200 15492
INFO 2026-03-23 22:50:41,689 basehttp 1680 19496 "GET /static/assets/img/tests/36.png HTTP/1.1" 200 15724
INFO 2026-03-23 22:50:41,690 basehttp 1680 21108 "GET /static/assets/img/tests/38.png HTTP/1.1" 200 15813
INFO 2026-03-23 22:50:41,691 basehttp 1680 27416 "GET /static/assets/img/tests/37.png HTTP/1.1" 200 15139
INFO 2026-03-23 22:50:41,702 basehttp 1680 11892 "GET /static/assets/img/tests/39.png HTTP/1.1" 200 15691
INFO 2026-03-23 22:50:41,702 basehttp 1680 11608 "GET /static/assets/img/tests/40.png HTTP/1.1" 200 15181
INFO 2026-03-23 22:50:41,703 basehttp 1680 21008 "GET /static/assets/img/tests/42.png HTTP/1.1" 200 14927
INFO 2026-03-23 22:50:41,721 basehttp 1680 19496 "GET /static/assets/img/tests/45.png HTTP/1.1" 200 15090
INFO 2026-03-23 22:50:41,723 basehttp 1680 27416 "GET /static/assets/img/tests/43.png HTTP/1.1" 200 15163
INFO 2026-03-23 22:50:41,725 basehttp 1680 21108 "GET /static/assets/img/tests/44.png HTTP/1.1" 200 14507
INFO 2026-03-23 22:50:41,728 basehttp 1680 21008 "GET /static/assets/img/tests/46.png HTTP/1.1" 200 15272
INFO 2026-03-23 22:50:41,729 basehttp 1680 11608 "GET /static/assets/img/tests/47.png HTTP/1.1" 200 14635
INFO 2026-03-23 22:50:41,734 basehttp 1680 11892 "GET /static/assets/img/tests/48.png HTTP/1.1" 200 15318
INFO 2026-03-23 22:50:41,740 basehttp 1680 21108 "GET /static/assets/img/tests/49.png HTTP/1.1" 200 15248
INFO 2026-03-23 22:50:41,749 basehttp 1680 27416 "GET /static/assets/img/tests/51.png HTTP/1.1" 200 14845
INFO 2026-03-23 22:50:41,761 basehttp 1680 19496 "GET /static/assets/img/tests/50.png HTTP/1.1" 200 15554
INFO 2026-03-23 22:50:41,784 basehttp 1680 11608 "GET /static/assets/img/tests/53.png HTTP/1.1" 200 15501
WARNING 2026-03-23 22:50:41,784 basehttp 1680 21008 "GET /static/assets/img/tests/%2054.png HTTP/1.1" 404 2001
WARNING 2026-03-23 22:50:41,786 basehttp 1680 21108 "GET /static/assets/img/tests/%2055.png HTTP/1.1" 404 2001
INFO 2026-03-23 22:50:41,786 basehttp 1680 11892 "GET /static/assets/img/tests/52.png HTTP/1.1" 200 15367
WARNING 2026-03-23 22:50:41,805 basehttp 1680 19496 "GET /static/assets/img/tests/%2057.png HTTP/1.1" 404 2001
WARNING 2026-03-23 22:50:41,806 basehttp 1680 27416 "GET /static/assets/img/tests/56.png HTTP/1.1" 404 1996
INFO 2026-03-23 22:50:47,477 basehttp 1680 11892 "GET /sat/vocabulary/ HTTP/1.1" 200 8321
INFO 2026-03-23 22:50:50,820 basehttp 1680 11892 "GET /sat/vocabulary/flashcards/ HTTP/1.1" 200 12034
INFO 2026-03-24 10:06:54,162 basehttp 1680 11276 "GET / HTTP/1.1" 302 0
INFO 2026-03-24 10:06:54,356 basehttp 1680 11276 "GET /sat/ HTTP/1.1" 200 9585
INFO 2026-03-24 10:06:54,680 basehttp 1680 11276 "GET /static/font-awesome-4.7.0/fonts/fontawesome-webfont.woff2?v=4.7.0 HTTP/1.1" 304 0
INFO 2026-03-24 10:06:59,191 basehttp 1680 11276 "GET /sat/admin-panel/ HTTP/1.1" 200 11975
INFO 2026-03-24 10:07:01,666 basehttp 1680 11276 "GET /sat/admin-panel/users/ HTTP/1.1" 200 39016
INFO 2026-03-24 10:07:07,335 basehttp 1680 11276 "GET /sat/admin-panel/users/1498/ HTTP/1.1" 200 12702
INFO 2026-03-24 10:07:08,699 basehttp 1680 11276 "GET /sat/admin-panel/users/1498/edit/ HTTP/1.1" 200 15596
INFO 2026-03-24 10:07:11,285 basehttp 1680 11276 "POST /sat/admin-panel/users/1498/edit/ HTTP/1.1" 302 0
INFO 2026-03-24 10:07:11,461 basehttp 1680 11276 "GET /sat/admin-panel/users/1498/ HTTP/1.1" 200 12709
INFO 2026-03-24 10:07:17,991 basehttp 1680 488 "GET / HTTP/1.1" 302 0
INFO 2026-03-24 10:07:18,006 basehttp 1680 488 "GET /login/?next=/ HTTP/1.1" 200 2555
INFO 2026-03-24 10:07:18,097 basehttp 1680 488 "GET /static/assets/css/makon-style.css HTTP/1.1" 200 2986
INFO 2026-03-24 10:07:18,103 basehttp 1680 12476 "GET /static/assets/img/icons/white-icon-nobg.png HTTP/1.1" 200 84649
INFO 2026-03-24 10:07:18,104 basehttp 1680 7136 "GET /static/assets/js/login-main.js HTTP/1.1" 200 517
INFO 2026-03-24 10:07:25,301 basehttp 1680 7136 "POST /login/?next=/ HTTP/1.1" 200 2765
INFO 2026-03-24 10:07:29,786 basehttp 1680 11276 "GET /sat/admin-panel/ HTTP/1.1" 200 11975
INFO 2026-03-24 10:07:31,960 basehttp 1680 11276 "GET /sat/admin-panel/users/ HTTP/1.1" 200 38937
INFO 2026-03-24 10:07:33,233 basehttp 1680 11276 "GET /sat/admin-panel/users/create/ HTTP/1.1" 200 14148
INFO 2026-03-24 10:07:48,424 basehttp 1680 11276 "POST /sat/admin-panel/users/create/ HTTP/1.1" 302 0
INFO 2026-03-24 10:07:48,702 basehttp 1680 11276 "GET /sat/admin-panel/users/ HTTP/1.1" 200 39055
INFO 2026-03-24 10:07:58,691 basehttp 1680 7136 "POST /login/?next=/ HTTP/1.1" 302 0
INFO 2026-03-24 10:07:58,819 basehttp 1680 7136 "GET /sat/ HTTP/1.1" 302 0
INFO 2026-03-24 10:07:58,829 basehttp 1680 7136 "GET /software/ HTTP/1.1" 200 2933
INFO 2026-03-24 10:08:07,636 basehttp 1680 7136 "GET / HTTP/1.1" 302 0
INFO 2026-03-24 10:08:07,756 basehttp 1680 7136 "GET /sat/ HTTP/1.1" 302 0
INFO 2026-03-24 10:08:07,761 basehttp 1680 7136 "GET /software/ HTTP/1.1" 200 2933
INFO 2026-03-24 10:08:16,133 basehttp 1680 7136 "GET /static/app/windows/MakonBook.zip HTTP/1.1" 200 12763130
INFO 2026-03-24 10:08:45,813 basehttp 1680 20452 "GET /logout/ HTTP/1.1" 302 0
INFO 2026-03-24 10:08:46,414 basehttp 1680 20452 "GET /login HTTP/1.1" 301 0
INFO 2026-03-24 10:08:46,507 basehttp 1680 11904 "GET /login/ HTTP/1.1" 200 2555
INFO 2026-03-24 10:08:46,590 basehttp 1680 11904 "GET /static/assets/css/makon-style.css HTTP/1.1" 304 0
INFO 2026-03-24 10:08:46,606 basehttp 1680 11904 "GET /static/assets/js/login-main.js HTTP/1.1" 304 0
INFO 2026-03-24 10:08:46,671 basehttp 1680 9428 "GET /static/assets/img/icons/white-icon-nobg.png HTTP/1.1" 304 0
INFO 2026-03-24 10:08:54,417 basehttp 1680 9428 "POST /login/ HTTP/1.1" 200 2765
INFO 2026-03-24 10:09:02,183 basehttp 1680 9428 "POST /login/ HTTP/1.1" 302 0
INFO 2026-03-24 10:09:02,328 basehttp 1680 9428 "GET /sat/ HTTP/1.1" 302 0
INFO 2026-03-24 10:09:02,337 basehttp 1680 9428 "GET /software/ HTTP/1.1" 200 2933
INFO 2026-03-24 10:09:07,278 basehttp 1680 9428 "GET /login/ HTTP/1.1" 302 0
INFO 2026-03-24 10:09:08,588 basehttp 1680 9428 "GET /software/ HTTP/1.1" 200 2933
INFO 2026-03-24 10:09:10,379 basehttp 1680 9428 "GET /sat/admin-panel/users/ HTTP/1.1" 302 0
INFO 2026-03-24 10:09:11,661 basehttp 1680 9428 "GET /sat/admin-panel/users/create/ HTTP/1.1" 302 0
INFO 2026-03-24 10:09:14,758 basehttp 1680 9428 "POST /login/ HTTP/1.1" 302 0
INFO 2026-03-24 10:09:14,769 basehttp 1680 9428 "GET /software/ HTTP/1.1" 200 2933
INFO 2026-03-24 10:09:20,190 basehttp 1680 9428 "GET / HTTP/1.1" 302 0
INFO 2026-03-24 10:09:20,415 basehttp 1680 9428 "GET /sat/ HTTP/1.1" 302 0
INFO 2026-03-24 10:09:20,424 basehttp 1680 9428 "GET /software/ HTTP/1.1" 200 2933
INFO 2026-03-24 10:09:24,015 basehttp 1680 9428 "GET /admin HTTP/1.1" 302 0
INFO 2026-03-24 10:09:24,026 basehttp 1680 9428 "GET /software/ HTTP/1.1" 200 2933
INFO 2026-03-24 10:09:23,997 basehttp 1680 9428 "GET /admin HTTP/1.1" 302 0
INFO 2026-03-24 10:09:24,010 basehttp 1680 9428 "GET /software/ HTTP/1.1" 200 2933
INFO 2026-03-24 10:11:12,448 autoreload 20144 12476 Watching for file changes with StatReloader
INFO 2026-03-24 10:11:16,585 basehttp 20144 26536 "GET / HTTP/1.1" 302 0
INFO 2026-03-24 10:11:16,736 basehttp 20144 26536 "GET /sat/ HTTP/1.1" 302 0
INFO 2026-03-24 10:11:16,759 basehttp 20144 26536 "GET /software/ HTTP/1.1" 200 2933
INFO 2026-03-24 10:11:20,688 basehttp 20144 26536 "GET / HTTP/1.1" 302 0
INFO 2026-03-24 10:11:20,841 basehttp 20144 26536 "GET /sat/ HTTP/1.1" 302 0
INFO 2026-03-24 10:11:20,850 basehttp 20144 26536 "GET /software/ HTTP/1.1" 200 2933
INFO 2026-03-24 10:11:30,147 basehttp 20144 18084 "GET / HTTP/1.1" 302 0
INFO 2026-03-24 10:11:30,168 basehttp 20144 18084 "GET /login/?next=/ HTTP/1.1" 200 2555
INFO 2026-03-24 10:11:30,515 basehttp 20144 18084 "GET /static/assets/css/makon-style.css HTTP/1.1" 200 2986
INFO 2026-03-24 10:11:30,517 basehttp 20144 23228 "GET /static/assets/js/login-main.js HTTP/1.1" 200 517
INFO 2026-03-24 10:11:30,520 basehttp 20144 16260 "GET /static/assets/img/icons/white-icon-nobg.png HTTP/1.1" 200 84649
INFO 2026-03-24 10:11:41,070 basehttp 20144 16260 "POST /login/?next=/ HTTP/1.1" 302 0
INFO 2026-03-24 10:11:41,222 basehttp 20144 16260 "GET /sat/ HTTP/1.1" 200 9585
INFO 2026-03-24 10:11:41,313 basehttp 20144 20984 "GET /static/assets/vendor/aos/aos.css HTTP/1.1" 200 28765
INFO 2026-03-24 10:11:41,319 basehttp 20144 22576 "GET /static/assets/vendor/glightbox/css/glightbox.min.css HTTP/1.1" 200 13749
INFO 2026-03-24 10:11:41,325 basehttp 20144 16260 "GET /static/font-awesome-4.7.0/css/font-awesome.min.css HTTP/1.1" 200 31000
INFO 2026-03-24 10:11:41,331 basehttp 20144 19132 "GET /static/assets/vendor/swiper/swiper-bundle.min.css HTTP/1.1" 200 18432
INFO 2026-03-24 10:11:41,333 basehttp 20144 18084 "GET /static/assets/vendor/bootstrap-icons/bootstrap-icons.css HTTP/1.1" 200 98255
INFO 2026-03-24 10:11:41,337 basehttp 20144 23228 "GET /static/assets/vendor/bootstrap/css/bootstrap.min.css HTTP/1.1" 200 232803
INFO 2026-03-24 10:11:41,338 basehttp 20144 22576 "GET /static/assets/css/makon-dashboard.css HTTP/1.1" 200 4958
INFO 2026-03-24 10:11:41,353 basehttp 20144 18084 "GET /static/assets/img/icons/SAT%20MAKON%20logo%203.png HTTP/1.1" 200 66505
INFO 2026-03-24 10:11:41,355 basehttp 20144 19132 "GET /static/assets/vendor/purecounter/purecounter_vanilla.js HTTP/1.1" 200 5417
INFO 2026-03-24 10:11:41,365 basehttp 20144 20984 "GET /static/assets/css/main.css HTTP/1.1" 200 50430
INFO 2026-03-24 10:11:41,375 basehttp 20144 20984 "GET /static/assets/vendor/php-email-form/validate.js HTTP/1.1" 200 2734
INFO 2026-03-24 10:11:41,384 basehttp 20144 20984 "GET /static/assets/js/main.js HTTP/1.1" 200 7526
INFO 2026-03-24 10:11:41,522 basehttp 20144 23228 "GET /static/assets/vendor/aos/aos.js HTTP/1.1" 200 13800
INFO 2026-03-24 10:11:41,525 basehttp 20144 16260 "GET /static/assets/vendor/bootstrap/js/bootstrap.bundle.min.js HTTP/1.1" 200 80721
INFO 2026-03-24 10:11:41,560 basehttp 20144 18084 "GET /static/assets/vendor/swiper/swiper-bundle.min.js HTTP/1.1" 200 149982
INFO 2026-03-24 10:11:41,661 basehttp 20144 18084 "GET /static/assets/img/icons/icon_dashboard.png HTTP/1.1" 200 10076
INFO 2026-03-24 10:11:41,664 basehttp 20144 19132 "GET /static/assets/vendor/isotope-layout/isotope.pkgd.min.js HTTP/1.1" 200 35445
INFO 2026-03-24 10:11:41,676 basehttp 20144 22576 "GET /static/assets/vendor/glightbox/js/glightbox.min.js HTTP/1.1" 200 56300
INFO 2026-03-24 10:11:41,794 basehttp 20144 22576 "GET /static/font-awesome-4.7.0/fonts/fontawesome-webfont.woff2?v=4.7.0 HTTP/1.1" 200 77160
INFO 2026-03-24 10:11:41,797 basehttp 20144 19132 "GET /static/assets/vendor/bootstrap-icons/fonts/bootstrap-icons.woff2?dd67030699838ea613ee6dbda90effa6 HTTP/1.1" 200 130396
INFO 2026-03-24 10:11:44,862 basehttp 20144 19132 "GET /sat/admin-panel/ HTTP/1.1" 200 11975
INFO 2026-03-24 10:11:46,901 basehttp 20144 19132 "GET /sat/admin-panel/users/ HTTP/1.1" 200 38950
INFO 2026-03-24 10:11:49,486 basehttp 20144 19132 "GET /sat/admin-panel/users/1499/ HTTP/1.1" 200 12490
INFO 2026-03-24 10:11:51,857 basehttp 20144 19132 "POST /sat/admin-panel/users/1499/delete/ HTTP/1.1" 302 0
INFO 2026-03-24 10:11:52,117 basehttp 20144 19132 "GET /sat/admin-panel/users/ HTTP/1.1" 200 39041
INFO 2026-03-24 10:11:53,417 basehttp 20144 26536 "GET /software/ HTTP/1.1" 200 2933
INFO 2026-03-24 10:11:56,806 basehttp 20144 26536 "GET / HTTP/1.1" 302 0
INFO 2026-03-24 10:11:56,939 basehttp 20144 26536 "GET /login/?next=/ HTTP/1.1" 200 2555
INFO 2026-03-24 10:12:06,003 basehttp 20144 26536 "POST /login/?next=/ HTTP/1.1" 302 0
INFO 2026-03-24 10:12:06,157 basehttp 20144 26536 "GET /sat/ HTTP/1.1" 200 9585
INFO 2026-03-24 10:12:10,656 basehttp 20144 26536 "GET /admin HTTP/1.1" 301 0
INFO 2026-03-24 10:12:10,977 basehttp 20144 16852 "GET /admin/ HTTP/1.1" 200 22074
INFO 2026-03-24 10:12:11,097 basehttp 20144 16444 "GET /static/admin/css/dark_mode.css HTTP/1.1" 200 2804
INFO 2026-03-24 10:12:11,101 basehttp 20144 16852 "GET /static/admin/css/base.css HTTP/1.1" 200 22092
INFO 2026-03-24 10:12:11,109 basehttp 20144 20708 "GET /static/admin/js/theme.js HTTP/1.1" 200 1653
INFO 2026-03-24 10:12:11,110 basehttp 20144 2144 "GET /static/admin/css/nav_sidebar.css HTTP/1.1" 200 2810
INFO 2026-03-24 10:12:11,115 basehttp 20144 24032 "GET /static/admin/css/dashboard.css HTTP/1.1" 200 441
INFO 2026-03-24 10:12:11,133 basehttp 20144 24032 "GET /static/admin/js/nav_sidebar.js HTTP/1.1" 200 3063
INFO 2026-03-24 10:12:11,144 basehttp 20144 26080 "GET /static/admin/css/responsive.css HTTP/1.1" 200 17972
INFO 2026-03-24 10:12:11,196 basehttp 20144 26080 "GET /static/admin/img/icon-addlink.svg HTTP/1.1" 200 331
INFO 2026-03-24 10:12:11,198 basehttp 20144 24032 "GET /static/admin/img/icon-changelink.svg HTTP/1.1" 200 380
INFO 2026-03-24 10:12:14,313 basehttp 20144 24032 "GET /admin/sat/vocabularyunit/ HTTP/1.1" 200 21514
INFO 2026-03-24 10:12:14,444 basehttp 20144 16444 "GET /static/admin/js/admin/RelatedObjectLookups.js HTTP/1.1" 200 9097
INFO 2026-03-24 10:12:14,449 basehttp 20144 2144 "GET /static/admin/js/jquery.init.js HTTP/1.1" 200 347
INFO 2026-03-24 10:12:14,449 basehttp 20144 24032 "GET /static/admin/css/changelists.css HTTP/1.1" 200 6878
INFO 2026-03-24 10:12:14,460 basehttp 20144 16444 "GET /static/admin/js/actions.js HTTP/1.1" 200 8076
INFO 2026-03-24 10:12:14,470 basehttp 20144 24032 "GET /static/admin/js/urlify.js HTTP/1.1" 200 7887
INFO 2026-03-24 10:12:14,473 basehttp 20144 2144 "GET /static/admin/js/prepopulate.js HTTP/1.1" 200 1531
INFO 2026-03-24 10:12:14,516 basehttp 20144 24032 "GET /static/admin/img/icon-yes.svg HTTP/1.1" 200 436
INFO 2026-03-24 10:12:14,521 basehttp 20144 2144 "GET /static/admin/img/search.svg HTTP/1.1" 200 458
INFO 2026-03-24 10:12:14,531 basehttp 20144 16852 "GET /static/admin/js/core.js HTTP/1.1" 200 6208
INFO 2026-03-24 10:12:14,627 basehttp 20144 20708 "GET /admin/jsi18n/ HTTP/1.1" 200 3342
INFO 2026-03-24 10:12:14,641 basehttp 20144 26080 "GET /static/admin/js/vendor/jquery/jquery.js HTTP/1.1" 200 285314
INFO 2026-03-24 10:12:14,661 basehttp 20144 26080 "GET /static/admin/js/filters.js HTTP/1.1" 200 978
INFO 2026-03-24 10:12:14,805 basehttp 20144 16444 "GET /static/admin/js/vendor/xregexp/xregexp.js HTTP/1.1" 200 325171
INFO 2026-03-24 10:12:14,882 basehttp 20144 16444 "GET /static/admin/img/tooltag-add.svg HTTP/1.1" 200 331
INFO 2026-03-24 10:12:14,888 basehttp 20144 26080 "GET /static/admin/img/sorting-icons.svg HTTP/1.1" 200 1097
INFO 2026-03-24 10:12:14,892 basehttp 20144 20708 "GET /static/admin/img/icon-viewlink.svg HTTP/1.1" 200 581
INFO 2026-03-24 10:12:16,795 basehttp 20144 20708 "GET /admin/sat/vocabularyunit/add/ HTTP/1.1" 200 24977
INFO 2026-03-24 10:12:16,922 basehttp 20144 20708 "GET /static/admin/css/forms.css HTTP/1.1" 200 8794
INFO 2026-03-24 10:12:16,933 basehttp 20144 16852 "GET /static/admin/js/prepopulate_init.js HTTP/1.1" 200 586
INFO 2026-03-24 10:12:16,970 basehttp 20144 20708 "GET /static/admin/css/widgets.css HTTP/1.1" 200 11564
INFO 2026-03-24 10:12:17,000 basehttp 20144 16444 "GET /static/admin/js/inlines.js HTTP/1.1" 200 15526
INFO 2026-03-24 10:12:17,014 basehttp 20144 16444 "GET /static/admin/js/change_form.js HTTP/1.1" 200 606
INFO 2026-03-24 10:12:17,077 basehttp 20144 26080 "GET /admin/jsi18n/ HTTP/1.1" 200 3342
INFO 2026-03-24 10:12:17,215 basehttp 20144 26080 "GET /static/admin/img/inline-delete.svg HTTP/1.1" 200 560
INFO 2026-03-24 10:12:32,162 basehttp 20144 26080 "POST /admin/sat/vocabularyunit/add/ HTTP/1.1" 302 0
INFO 2026-03-24 10:12:32,356 basehttp 20144 26080 "GET /admin/sat/vocabularyunit/ HTTP/1.1" 200 22142
INFO 2026-03-24 10:12:32,601 basehttp 20144 26080 "GET /admin/jsi18n/ HTTP/1.1" 200 3342
INFO 2026-03-24 10:12:35,074 basehttp 20144 26080 "GET /admin/sat/vocabularyunit/add/ HTTP/1.1" 200 24977
INFO 2026-03-24 10:12:36,385 basehttp 20144 26080 "GET /admin/sat/vocabularyunit/ HTTP/1.1" 200 21930
INFO 2026-03-24 10:12:41,317 basehttp 20144 26080 "GET /sat/vocabulary/ HTTP/1.1" 200 8368
INFO 2026-03-24 12:07:32,191 autoreload 23132 11688 Watching for file changes with StatReloader
INFO 2026-03-24 12:08:12,923 basehttp 23132 17504 "GET /static/assets/img/icons/original-icon-nobg.png HTTP/1.1" 200 91518
INFO 2026-03-24 12:09:02,466 basehttp 23132 16912 "GET /sat/vocabulary/ HTTP/1.1" 200 8368
INFO 2026-03-24 12:09:07,062 basehttp 23132 16912 "GET / HTTP/1.1" 302 0
INFO 2026-03-24 12:09:07,251 basehttp 23132 16912 "GET /sat/ HTTP/1.1" 200 9585
INFO 2026-03-24 12:09:37,331 basehttp 23132 16912 "GET /logout/ HTTP/1.1" 302 0
INFO 2026-03-24 12:09:37,504 basehttp 23132 16912 "GET /login HTTP/1.1" 301 0
INFO 2026-03-24 12:09:37,644 basehttp 23132 16296 "GET /login/ HTTP/1.1" 200 2555
INFO 2026-03-24 12:10:00,578 basehttp 23132 16296 "POST /login/ HTTP/1.1" 200 2765
INFO 2026-03-24 12:10:08,592 basehttp 23132 16296 "POST /login/ HTTP/1.1" 302 0
INFO 2026-03-24 12:10:08,790 basehttp 23132 16296 "GET /sat/ HTTP/1.1" 200 9585
INFO 2026-03-24 12:10:17,131 basehttp 23132 16296 "GET /sat/admin-panel/ HTTP/1.1" 200 11975
INFO 2026-03-24 12:10:22,533 basehttp 23132 16296 "GET /sat/admin-panel/users/ HTTP/1.1" 200 38937
INFO 2026-03-24 12:10:36,684 basehttp 23132 16296 "GET /sat/admin-panel/users/1498/ HTTP/1.1" 200 12598
INFO 2026-03-24 12:10:48,328 basehttp 23132 16296 "GET /sat/admin-panel/ HTTP/1.1" 200 11975
INFO 2026-03-24 12:11:21,095 basehttp 23132 16296 "GET /sat/admin-panel/users/ HTTP/1.1" 200 38937
INFO 2026-03-24 12:11:24,800 basehttp 23132 16296 "GET /sat/admin-panel/users/create/ HTTP/1.1" 200 14148
INFO 2026-03-24 12:11:55,167 basehttp 23132 16296 "POST /sat/admin-panel/users/create/ HTTP/1.1" 302 0
INFO 2026-03-24 12:11:55,732 basehttp 23132 16296 "GET /sat/admin-panel/users/ HTTP/1.1" 200 39038
INFO 2026-03-24 12:12:14,060 basehttp 23132 7212 "GET / HTTP/1.1" 302 0
INFO 2026-03-24 12:12:14,071 basehttp 23132 7212 "GET /login/?next=/ HTTP/1.1" 200 2555
INFO 2026-03-24 12:12:14,147 basehttp 23132 20960 "GET /static/assets/img/icons/white-icon-nobg.png HTTP/1.1" 200 84649
INFO 2026-03-24 12:12:14,212 basehttp 23132 7212 "GET /static/assets/css/makon-style.css HTTP/1.1" 200 2986
INFO 2026-03-24 12:12:14,399 basehttp 23132 19288 "GET /static/assets/js/login-main.js HTTP/1.1" 200 517
INFO 2026-03-24 12:12:14,432 basehttp 23132 19288 "GET /static/assets/img/icons/original-icon-nobg.png HTTP/1.1" 200 91518
INFO 2026-03-24 12:12:32,850 basehttp 23132 19288 "POST /login/?next=/ HTTP/1.1" 302 0
INFO 2026-03-24 12:12:32,983 basehttp 23132 19288 "GET /sat/ HTTP/1.1" 302 0
INFO 2026-03-24 12:12:33,058 basehttp 23132 19288 "GET /software/ HTTP/1.1" 200 2933
INFO 2026-03-24 12:12:33,597 basehttp 23132 19288 "GET /favicon.ico HTTP/1.1" 302 0
INFO 2026-03-24 12:12:33,603 basehttp 23132 19288 "GET /software/ HTTP/1.1" 200 2933
INFO 2026-03-24 12:15:53,733 basehttp 23132 16296 "GET /sat/admin-panel/groups/ HTTP/1.1" 200 19572
INFO 2026-03-24 12:16:07,866 basehttp 23132 16296 "POST /sat/admin-panel/groups/ HTTP/1.1" 302 0
INFO 2026-03-24 12:16:08,041 basehttp 23132 16296 "GET /sat/admin-panel/groups/ HTTP/1.1" 200 20022
INFO 2026-03-24 12:17:00,096 basehttp 23132 16296 "GET /sat/admin-panel/groups/14/delete/ HTTP/1.1" 200 12831
INFO 2026-03-24 12:17:04,965 basehttp 23132 16296 "GET /sat/admin-panel/groups/ HTTP/1.1" 200 19912
INFO 2026-03-24 12:17:16,860 basehttp 23132 16296 "POST /sat/admin-panel/groups/ HTTP/1.1" 302 0
INFO 2026-03-24 12:17:17,060 basehttp 23132 16296 "GET /sat/admin-panel/groups/ HTTP/1.1" 200 20360
INFO 2026-03-24 12:17:20,262 basehttp 23132 16296 "GET /sat/admin-panel/users/ HTTP/1.1" 200 39010
INFO 2026-03-24 12:17:24,191 basehttp 23132 16296 "GET /sat/admin-panel/users/1500/ HTTP/1.1" 200 12447
INFO 2026-03-24 12:17:27,048 basehttp 23132 16296 "GET /sat/admin-panel/users/1500/edit/ HTTP/1.1" 200 15911
INFO 2026-03-24 12:17:44,995 basehttp 23132 16296 "POST /sat/admin-panel/users/1500/edit/ HTTP/1.1" 302 0
INFO 2026-03-24 12:17:45,180 basehttp 23132 16296 "GET /sat/admin-panel/users/1500/ HTTP/1.1" 200 12596
INFO 2026-03-24 12:18:06,438 basehttp 23132 24396 "GET / HTTP/1.1" 302 0
INFO 2026-03-24 12:18:06,442 basehttp 23132 24396 "GET /login/?next=/ HTTP/1.1" 200 2555
INFO 2026-03-24 12:18:06,508 basehttp 23132 24396 "GET /static/assets/css/makon-style.css HTTP/1.1" 200 2986
INFO 2026-03-24 12:18:06,509 basehttp 23132 11944 "GET /static/assets/js/login-main.js HTTP/1.1" 200 517
INFO 2026-03-24 12:18:06,514 basehttp 23132 4092 "GET /static/assets/img/icons/white-icon-nobg.png HTTP/1.1" 200 84649
INFO 2026-03-24 12:18:06,586 basehttp 23132 4092 "GET /static/assets/img/icons/original-icon-nobg.png HTTP/1.1" 200 91518
INFO 2026-03-24 12:18:27,509 basehttp 23132 4092 "POST /login/?next=/ HTTP/1.1" 302 0
INFO 2026-03-24 12:18:27,644 basehttp 23132 4092 "GET /sat/ HTTP/1.1" 302 0
INFO 2026-03-24 12:18:27,650 basehttp 23132 4092 "GET /software/ HTTP/1.1" 200 2933
INFO 2026-03-24 12:18:28,575 basehttp 23132 4092 "GET /favicon.ico HTTP/1.1" 302 0
INFO 2026-03-24 12:18:28,585 basehttp 23132 4092 "GET /software/ HTTP/1.1" 200 2933
INFO 2026-03-24 12:29:34,928 autoreload 23132 11688 C:\Users\turgu\OneDrive\Desktop\makonbook-master\makonbook-master\satmakon\settings.py changed, reloading.
INFO 2026-03-24 12:29:38,672 autoreload 7864 17500 Watching for file changes with StatReloader
INFO 2026-03-24 12:30:01,006 basehttp 7864 16120 - Broken pipe from ('127.0.0.1', 52650)
ERROR 2026-03-24 12:30:05,219 basehttp 7864 14588 "GET /login/?next=/ HTTP/1.1" 500 97038
WARNING 2026-03-24 12:30:05,614 basehttp 7864 14588 "GET /favicon.ico HTTP/1.1" 404 4513
ERROR 2026-03-24 12:30:07,896 basehttp 7864 14588 "GET /login/?next=/ HTTP/1.1" 500 97175
ERROR 2026-03-24 12:30:09,205 basehttp 7864 14588 "GET /login/?next=/ HTTP/1.1" 500 97175
ERROR 2026-03-24 12:30:11,335 basehttp 7864 14588 "GET /login/?next=/ HTTP/1.1" 500 97175
INFO 2026-03-24 12:30:24,007 basehttp 7864 14588 "GET / HTTP/1.1" 302 0
INFO 2026-03-24 12:30:24,181 basehttp 7864 14588 "GET /sat/ HTTP/1.1" 200 8026
INFO 2026-03-24 12:30:24,655 basehttp 7864 16912 "GET /static/assets/vendor/glightbox/css/glightbox.min.css HTTP/1.1" 200 13749
INFO 2026-03-24 12:30:24,658 basehttp 7864 14588 "GET /static/font-awesome-4.7.0/css/font-awesome.min.css HTTP/1.1" 200 31000
INFO 2026-03-24 12:30:24,668 basehttp 7864 16912 "GET /static/assets/css/makon-dashboard.css HTTP/1.1" 200 4958
INFO 2026-03-24 12:30:24,670 basehttp 7864 21288 "GET /static/assets/vendor/aos/aos.css HTTP/1.1" 200 28765
INFO 2026-03-24 12:30:24,678 basehttp 7864 14588 "GET /static/assets/css/main.css HTTP/1.1" 200 50430
INFO 2026-03-24 12:30:24,679 basehttp 7864 25268 "GET /static/assets/vendor/swiper/swiper-bundle.min.css HTTP/1.1" 200 18432
INFO 2026-03-24 12:30:24,684 basehttp 7864 16912 "GET /static/assets/vendor/bootstrap/js/bootstrap.bundle.min.js HTTP/1.1" 200 80721
INFO 2026-03-24 12:30:24,686 basehttp 7864 5768 "GET /static/assets/vendor/bootstrap-icons/bootstrap-icons.css HTTP/1.1" 200 98255
INFO 2026-03-24 12:30:24,696 basehttp 7864 21288 "GET /static/assets/img/icons/SAT%20MAKON%20logo%203.png HTTP/1.1" 200 66505
INFO 2026-03-24 12:30:24,698 basehttp 7864 25268 "GET /static/assets/vendor/aos/aos.js HTTP/1.1" 200 13800
INFO 2026-03-24 12:30:24,699 basehttp 7864 5768 "GET /static/assets/vendor/purecounter/purecounter_vanilla.js HTTP/1.1" 200 5417
INFO 2026-03-24 12:30:24,702 basehttp 7864 16912 "GET /static/assets/vendor/glightbox/js/glightbox.min.js HTTP/1.1" 200 56300
INFO 2026-03-24 12:30:24,706 basehttp 7864 19232 "GET /static/assets/vendor/bootstrap/css/bootstrap.min.css HTTP/1.1" 200 232803
INFO 2026-03-24 12:30:24,717 basehttp 7864 16912 "GET /static/assets/vendor/isotope-layout/isotope.pkgd.min.js HTTP/1.1" 200 35445
INFO 2026-03-24 12:30:24,718 basehttp 7864 5768 "GET /static/assets/vendor/php-email-form/validate.js HTTP/1.1" 200 2734
INFO 2026-03-24 12:30:24,719 basehttp 7864 19232 "GET /static/assets/js/main.js HTTP/1.1" 200 7526
INFO 2026-03-24 12:30:24,722 basehttp 7864 14588 "GET /static/assets/vendor/swiper/swiper-bundle.min.js HTTP/1.1" 200 149982
INFO 2026-03-24 12:30:24,840 basehttp 7864 14588 "GET /static/assets/vendor/bootstrap-icons/fonts/bootstrap-icons.woff2?dd67030699838ea613ee6dbda90effa6 HTTP/1.1" 200 130396
INFO 2026-03-24 12:30:24,846 basehttp 7864 19232 "GET /static/font-awesome-4.7.0/fonts/fontawesome-webfont.woff2?v=4.7.0 HTTP/1.1" 200 77160
INFO 2026-03-24 12:31:07,066 basehttp 7864 19232 "GET /logout/ HTTP/1.1" 302 0
INFO 2026-03-24 12:31:07,084 basehttp 7864 19232 "GET /login HTTP/1.1" 301 0
INFO 2026-03-24 12:31:07,093 basehttp 7864 14588 "GET /login/ HTTP/1.1" 200 2555
INFO 2026-03-24 12:31:10,415 basehttp 7864 14588 "GET /login/ HTTP/1.1" 200 2555
INFO 2026-03-24 12:35:31,050 autoreload 1672 26276 Watching for file changes with StatReloader
INFO 2026-03-24 12:35:43,576 basehttp 1672 2492 "GET /sat/admin-panel/users/1500/ HTTP/1.1" 200 12484
INFO 2026-03-24 12:35:49,271 basehttp 1672 2492 "GET /sat/admin-panel/users/1500/edit/ HTTP/1.1" 200 15919
INFO 2026-03-24 12:36:01,230 basehttp 1672 2492 "POST /sat/admin-panel/users/1500/edit/ HTTP/1.1" 302 0
INFO 2026-03-24 12:36:01,434 basehttp 1672 2492 "GET /sat/admin-panel/users/1500/ HTTP/1.1" 200 12691
INFO 2026-03-24 12:36:33,387 basehttp 1672 16408 "GET / HTTP/1.1" 302 0
INFO 2026-03-24 12:36:33,412 basehttp 1672 16408 "GET /login/?next=/ HTTP/1.1" 200 2555
INFO 2026-03-24 12:36:33,797 basehttp 1672 1896 "GET /static/assets/js/login-main.js HTTP/1.1" 200 517
INFO 2026-03-24 12:36:33,799 basehttp 1672 16408 "GET /static/assets/css/makon-style.css HTTP/1.1" 200 2986
INFO 2026-03-24 12:36:33,799 basehttp 1672 484 "GET /static/assets/img/icons/white-icon-nobg.png HTTP/1.1" 200 84649
INFO 2026-03-24 12:36:33,900 basehttp 1672 16408 "GET /static/assets/img/icons/original-icon-nobg.png HTTP/1.1" 200 91518
INFO 2026-03-24 12:36:53,507 basehttp 1672 16408 "POST /login/?next=/ HTTP/1.1" 302 0
INFO 2026-03-24 12:36:53,650 basehttp 1672 16408 "GET /sat/ HTTP/1.1" 200 8026
INFO 2026-03-24 12:36:53,717 basehttp 1672 5816 "GET /static/assets/vendor/glightbox/css/glightbox.min.css HTTP/1.1" 200 13749
INFO 2026-03-24 12:36:53,719 basehttp 1672 16408 "GET /static/font-awesome-4.7.0/css/font-awesome.min.css HTTP/1.1" 200 31000
INFO 2026-03-24 12:36:53,720 basehttp 1672 11992 "GET /static/assets/vendor/aos/aos.css HTTP/1.1" 200 28765
INFO 2026-03-24 12:36:53,722 basehttp 1672 25152 "GET /static/assets/vendor/swiper/swiper-bundle.min.css HTTP/1.1" 200 18432
INFO 2026-03-24 12:36:53,728 basehttp 1672 1896 "GET /static/assets/vendor/bootstrap-icons/bootstrap-icons.css HTTP/1.1" 200 98255
INFO 2026-03-24 12:36:53,734 basehttp 1672 16408 "GET /static/assets/css/makon-dashboard.css HTTP/1.1" 200 4958
INFO 2026-03-24 12:36:53,739 basehttp 1672 5816 "GET /static/assets/css/main.css HTTP/1.1" 200 50430
INFO 2026-03-24 12:36:53,743 basehttp 1672 11992 "GET /static/assets/vendor/bootstrap/js/bootstrap.bundle.min.js HTTP/1.1" 200 80721
INFO 2026-03-24 12:36:53,745 basehttp 1672 1896 "GET /static/assets/vendor/aos/aos.js HTTP/1.1" 200 13800
INFO 2026-03-24 12:36:53,747 basehttp 1672 25152 "GET /static/assets/img/icons/SAT%20MAKON%20logo%203.png HTTP/1.1" 200 66505
INFO 2026-03-24 12:36:53,756 basehttp 1672 16408 "GET /static/assets/vendor/purecounter/purecounter_vanilla.js HTTP/1.1" 200 5417
INFO 2026-03-24 12:36:53,757 basehttp 1672 484 "GET /static/assets/vendor/bootstrap/css/bootstrap.min.css HTTP/1.1" 200 232803
INFO 2026-03-24 12:36:53,757 basehttp 1672 5816 "GET /static/assets/vendor/glightbox/js/glightbox.min.js HTTP/1.1" 200 56300
INFO 2026-03-24 12:36:53,759 basehttp 1672 11992 "GET /static/assets/vendor/php-email-form/validate.js HTTP/1.1" 200 2734
INFO 2026-03-24 12:36:53,761 basehttp 1672 1896 "GET /static/assets/vendor/isotope-layout/isotope.pkgd.min.js HTTP/1.1" 200 35445
INFO 2026-03-24 12:36:53,764 basehttp 1672 5816 "GET /static/assets/js/main.js HTTP/1.1" 200 7526
INFO 2026-03-24 12:36:53,769 basehttp 1672 25152 "GET /static/assets/vendor/swiper/swiper-bundle.min.js HTTP/1.1" 200 149982
INFO 2026-03-24 12:36:54,152 basehttp 1672 5816 "GET /static/assets/vendor/bootstrap-icons/fonts/bootstrap-icons.woff2?dd67030699838ea613ee6dbda90effa6 HTTP/1.1" 200 130396
INFO 2026-03-24 12:36:54,155 basehttp 1672 25152 "GET /static/font-awesome-4.7.0/fonts/fontawesome-webfont.woff2?v=4.7.0 HTTP/1.1" 200 77160
INFO 2026-03-24 12:58:50,451 autoreload 1672 26276 C:\Users\turgu\OneDrive\Desktop\makonbook-master\makonbook-master\apps\sat\urls.py changed, reloading.
INFO 2026-03-24 12:58:53,843 autoreload 7716 24284 Watching for file changes with StatReloader
INFO 2026-03-24 12:59:05,843 basehttp 7716 18040 "GET /sat/ HTTP/1.1" 302 0
INFO 2026-03-24 12:59:06,041 basehttp 7716 18040 "GET /sat/teacher/classrooms/ HTTP/1.1" 200 6198
INFO 2026-03-24 12:59:14,589 basehttp 7716 18040 "GET /sat/teacher/classrooms/create/ HTTP/1.1" 200 6099
INFO 2026-03-24 13:00:55,033 basehttp 7716 18040 "GET /sat/teacher/classrooms/create/ HTTP/1.1" 200 6099
INFO 2026-03-24 13:01:33,912 basehttp 7716 18040 "POST /sat/teacher/classrooms/create/ HTTP/1.1" 302 0
INFO 2026-03-24 13:01:34,101 basehttp 7716 18040 "GET /sat/teacher/classrooms/1/ HTTP/1.1" 200 7346
INFO 2026-03-24 13:01:40,003 basehttp 7716 18040 "GET /sat/teacher/classrooms/1/generate-code/ HTTP/1.1" 302 0
INFO 2026-03-24 13:01:40,160 basehttp 7716 18040 "GET /sat/teacher/classrooms/1/ HTTP/1.1" 200 7429
INFO 2026-03-24 13:02:15,894 basehttp 7716 18040 "GET / HTTP/1.1" 302 0
INFO 2026-03-24 13:02:16,112 basehttp 7716 18040 "GET /sat/ HTTP/1.1" 302 0
INFO 2026-03-24 13:02:16,244 basehttp 7716 18040 "GET /sat/teacher/classrooms/ HTTP/1.1" 200 6253
INFO 2026-03-24 13:02:41,738 basehttp 7716 18040 "GET /logout/ HTTP/1.1" 302 0
INFO 2026-03-24 13:02:41,756 basehttp 7716 18040 "GET /login HTTP/1.1" 301 0
INFO 2026-03-24 13:02:41,768 basehttp 7716 14028 "GET /login/ HTTP/1.1" 200 2893
INFO 2026-03-24 13:03:10,298 basehttp 7716 14028 "POST /login/ HTTP/1.1" 200 2765
INFO 2026-03-24 13:03:28,248 basehttp 7716 22700 "GET /sat/admin-panel/users/ HTTP/1.1" 200 39087
INFO 2026-03-24 13:04:22,359 basehttp 7716 14028 "POST /login/ HTTP/1.1" 302 0
INFO 2026-03-24 13:04:22,517 basehttp 7716 14028 "GET /sat/ HTTP/1.1" 200 6186
ERROR 2026-03-24 13:04:42,046 basehttp 7716 14028 "POST /sat/join/ HTTP/1.1" 500 103296
INFO 2026-03-24 17:15:27,581 autoreload 24864 1104 Watching for file changes with StatReloader
INFO 2026-03-24 17:15:35,064 basehttp 24864 6308 "GET / HTTP/1.1" 302 0
INFO 2026-03-24 17:15:35,249 basehttp 24864 6308 "GET /sat/ HTTP/1.1" 302 0
INFO 2026-03-24 17:15:35,546 basehttp 24864 6308 "GET /sat/teacher/classrooms/ HTTP/1.1" 200 6396
INFO 2026-03-24 17:15:39,831 basehttp 24864 6308 "GET / HTTP/1.1" 302 0
INFO 2026-03-24 17:15:39,967 basehttp 24864 6308 "GET /sat/ HTTP/1.1" 302 0
INFO 2026-03-24 17:15:40,130 basehttp 24864 6308 "GET /sat/teacher/classrooms/ HTTP/1.1" 200 6396
INFO 2026-03-24 17:15:42,593 basehttp 24864 6308 "GET /sat/ HTTP/1.1" 302 0
INFO 2026-03-24 17:15:42,763 basehttp 24864 6308 "GET /sat/teacher/classrooms/ HTTP/1.1" 200 6396
INFO 2026-03-24 17:16:00,666 basehttp 24864 6308 "GET /sat/admin-panel/ HTTP/1.1" 200 11975
INFO 2026-03-24 17:16:03,177 basehttp 24864 6308 "GET /sat/admin-panel/users/ HTTP/1.1" 200 39087
INFO 2026-03-24 17:16:09,746 basehttp 24864 12840 "GET / HTTP/1.1" 302 0
INFO 2026-03-24 17:16:09,766 basehttp 24864 12840 "GET /login/?next=/ HTTP/1.1" 200 2555
INFO 2026-03-24 17:16:10,116 basehttp 24864 12840 "GET /static/assets/css/makon-style.css HTTP/1.1" 200 2986
INFO 2026-03-24 17:16:10,116 basehttp 24864 24996 "GET /static/assets/js/login-main.js HTTP/1.1" 200 517
INFO 2026-03-24 17:16:10,134 basehttp 24864 10380 "GET /static/assets/img/icons/white-icon-nobg.png HTTP/1.1" 200 84649
INFO 2026-03-24 17:16:10,201 basehttp 24864 10380 "GET /static/assets/img/icons/original-icon-nobg.png HTTP/1.1" 200 91518
INFO 2026-03-24 17:16:20,144 basehttp 24864 10380 "POST /login/?next=/ HTTP/1.1" 302 0
INFO 2026-03-24 17:16:20,287 basehttp 24864 10380 "GET /sat/ HTTP/1.1" 200 6186
INFO 2026-03-24 17:16:20,343 basehttp 24864 10380 "GET /static/font-awesome-4.7.0/css/font-awesome.min.css HTTP/1.1" 200 31000
INFO 2026-03-24 17:16:20,347 basehttp 24864 12840 "GET /static/assets/vendor/bootstrap-icons/bootstrap-icons.css HTTP/1.1" 200 98255
INFO 2026-03-24 17:16:20,348 basehttp 24864 24996 "GET /static/assets/vendor/bootstrap/css/bootstrap.min.css HTTP/1.1" 200 232803
INFO 2026-03-24 17:16:20,355 basehttp 24864 12840 "GET /static/assets/vendor/glightbox/css/glightbox.min.css HTTP/1.1" 200 13749
INFO 2026-03-24 17:16:20,356 basehttp 24864 24996 "GET /static/assets/vendor/aos/aos.css HTTP/1.1" 200 28765
INFO 2026-03-24 17:16:20,362 basehttp 24864 24996 "GET /static/assets/vendor/swiper/swiper-bundle.min.css HTTP/1.1" 200 18432
INFO 2026-03-24 17:16:20,377 basehttp 24864 24996 "GET /static/assets/css/main.css HTTP/1.1" 200 50430
INFO 2026-03-24 17:16:20,379 basehttp 24864 12840 "GET /static/assets/vendor/bootstrap/js/bootstrap.bundle.min.js HTTP/1.1" 200 80721
INFO 2026-03-24 17:16:20,382 basehttp 24864 10380 "GET /static/assets/img/icons/SAT%20MAKON%20logo%203.png HTTP/1.1" 200 66505
INFO 2026-03-24 17:16:20,392 basehttp 24864 10584 "GET /static/assets/vendor/aos/aos.js HTTP/1.1" 200 13800
INFO 2026-03-24 17:16:20,411 basehttp 24864 12840 "GET /static/assets/vendor/purecounter/purecounter_vanilla.js HTTP/1.1" 200 5417
INFO 2026-03-24 17:16:20,414 basehttp 24864 10584 "GET /static/assets/vendor/glightbox/js/glightbox.min.js HTTP/1.1" 200 56300
INFO 2026-03-24 17:16:20,419 basehttp 24864 10380 "GET /static/assets/vendor/swiper/swiper-bundle.min.js HTTP/1.1" 200 149982
INFO 2026-03-24 17:16:20,430 basehttp 24864 10380 "GET /static/assets/vendor/isotope-layout/isotope.pkgd.min.js HTTP/1.1" 200 35445
INFO 2026-03-24 17:16:20,434 basehttp 24864 10584 "GET /static/assets/vendor/php-email-form/validate.js HTTP/1.1" 200 2734
INFO 2026-03-24 17:16:20,439 basehttp 24864 10380 "GET /static/assets/js/main.js HTTP/1.1" 200 7526
INFO 2026-03-24 17:16:20,584 basehttp 24864 10380 "GET /static/font-awesome-4.7.0/fonts/fontawesome-webfont.woff2?v=4.7.0 HTTP/1.1" 200 77160
INFO 2026-03-24 17:16:20,585 basehttp 24864 10584 "GET /static/assets/vendor/bootstrap-icons/fonts/bootstrap-icons.woff2?dd67030699838ea613ee6dbda90effa6 HTTP/1.1" 200 130396
INFO 2026-03-24 17:16:37,172 basehttp 24864 6308 "GET /sat/admin-panel/users/1500/ HTTP/1.1" 200 12579
INFO 2026-03-24 17:16:52,675 basehttp 24864 11284 "GET / HTTP/1.1" 302 0
INFO 2026-03-24 17:16:52,838 basehttp 24864 11284 "GET /login/?next=/ HTTP/1.1" 200 2555
INFO 2026-03-24 17:16:53,072 basehttp 24864 11284 "GET /static/assets/css/makon-style.css HTTP/1.1" 200 2986
INFO 2026-03-24 17:16:53,140 basehttp 24864 22644 "GET /static/assets/js/login-main.js HTTP/1.1" 200 517
INFO 2026-03-24 17:16:53,263 basehttp 24864 22644 "GET /static/assets/img/icons/white-icon-nobg.png HTTP/1.1" 200 84649
INFO 2026-03-24 17:17:02,225 basehttp 24864 22644 "POST /login/?next=/ HTTP/1.1" 302 0
INFO 2026-03-24 17:17:02,382 basehttp 24864 22644 "GET /sat/ HTTP/1.1" 302 0
INFO 2026-03-24 17:17:02,571 basehttp 24864 22644 "GET /sat/teacher/classrooms/ HTTP/1.1" 200 6253
INFO 2026-03-24 17:17:02,876 basehttp 24864 22644 "GET /static/assets/img/icons/SAT%20MAKON%20logo%203.png HTTP/1.1" 200 66505
INFO 2026-03-24 17:17:03,063 basehttp 24864 11284 "GET /static/assets/vendor/bootstrap/css/bootstrap.min.css HTTP/1.1" 304 0
INFO 2026-03-24 17:17:03,065 basehttp 24864 22644 "GET /static/font-awesome-4.7.0/css/font-awesome.min.css HTTP/1.1" 304 0
INFO 2026-03-24 17:17:03,069 basehttp 24864 10560 "GET /static/assets/vendor/bootstrap-icons/bootstrap-icons.css HTTP/1.1" 304 0
INFO 2026-03-24 17:17:03,074 basehttp 24864 11284 "GET /static/assets/css/main.css HTTP/1.1" 304 0
INFO 2026-03-24 17:17:03,076 basehttp 24864 5972 "GET /static/assets/vendor/aos/aos.css HTTP/1.1" 304 0
INFO 2026-03-24 17:17:03,076 basehttp 24864 23992 "GET /static/assets/vendor/glightbox/css/glightbox.min.css HTTP/1.1" 304 0
INFO 2026-03-24 17:17:03,076 basehttp 24864 25520 "GET /static/assets/vendor/swiper/swiper-bundle.min.css HTTP/1.1" 304 0
INFO 2026-03-24 17:17:04,469 basehttp 24864 23992 "GET /static/assets/vendor/purecounter/purecounter_vanilla.js HTTP/1.1" 304 0
INFO 2026-03-24 17:17:04,469 basehttp 24864 5972 "GET /static/assets/vendor/glightbox/js/glightbox.min.js HTTP/1.1" 304 0
INFO 2026-03-24 17:17:04,474 basehttp 24864 11284 "GET /static/assets/vendor/isotope-layout/isotope.pkgd.min.js HTTP/1.1" 304 0
INFO 2026-03-24 17:17:04,480 basehttp 24864 5972 "GET /static/assets/js/main.js HTTP/1.1" 304 0
INFO 2026-03-24 17:17:04,476 basehttp 24864 25520 "GET /static/assets/vendor/swiper/swiper-bundle.min.js HTTP/1.1" 304 0
INFO 2026-03-24 17:17:04,476 basehttp 24864 23992 "GET /static/assets/vendor/php-email-form/validate.js HTTP/1.1" 304 0
INFO 2026-03-24 17:17:04,476 basehttp 24864 22644 "GET /static/assets/vendor/bootstrap/js/bootstrap.bundle.min.js HTTP/1.1" 304 0
INFO 2026-03-24 17:17:04,474 basehttp 24864 10560 "GET /static/assets/vendor/aos/aos.js HTTP/1.1" 304 0
INFO 2026-03-24 17:17:04,484 basehttp 24864 11284 "GET /static/font-awesome-4.7.0/fonts/fontawesome-webfont.woff2?v=4.7.0 HTTP/1.1" 304 0
INFO 2026-03-24 17:17:04,486 basehttp 24864 10560 "GET /static/assets/vendor/bootstrap-icons/fonts/bootstrap-icons.woff2?dd67030699838ea613ee6dbda90effa6 HTTP/1.1" 304 0
INFO 2026-03-24 17:17:06,604 basehttp 24864 22644 "GET /sat/teacher/classrooms/1/ HTTP/1.1" 200 7429
ERROR 2026-03-24 17:17:16,447 basehttp 24864 10584 "POST /sat/join/ HTTP/1.1" 500 103925
INFO 2026-03-24 17:20:50,686 autoreload 24864 1104 C:\Users\turgu\OneDrive\Desktop\makonbook-master\makonbook-master\apps\sat\views.py changed, reloading.
INFO 2026-03-24 17:21:00,757 autoreload 24044 5604 Watching for file changes with StatReloader
INFO 2026-03-24 17:21:04,448 basehttp 24044 16692 "GET / HTTP/1.1" 302 0
INFO 2026-03-24 17:21:04,734 basehttp 24044 16692 "GET /sat/ HTTP/1.1" 302 0
INFO 2026-03-24 17:21:05,065 basehttp 24044 16692 "GET /sat/teacher/classrooms/ HTTP/1.1" 200 6396
INFO 2026-03-24 17:21:13,228 basehttp 24044 23888 "GET /sat/teacher/classrooms/1/ HTTP/1.1" 200 8238
INFO 2026-03-24 17:21:16,355 basehttp 24044 23888 "GET /sat/teacher/classrooms/1/generate-code/ HTTP/1.1" 302 0
INFO 2026-03-24 17:21:16,656 basehttp 24044 23888 "GET /sat/teacher/classrooms/1/ HTTP/1.1" 200 8239
INFO 2026-03-24 17:21:23,309 basehttp 24044 24988 - Broken pipe from ('127.0.0.1', 52445)
ERROR 2026-03-24 17:21:23,466 basehttp 24044 24448 "GET /login/?next=/ HTTP/1.1" 500 97297
INFO 2026-03-24 17:21:28,362 basehttp 24044 24448 "GET / HTTP/1.1" 302 0
INFO 2026-03-24 17:21:28,511 basehttp 24044 24448 "GET /sat/ HTTP/1.1" 200 6308
INFO 2026-03-24 17:21:34,813 basehttp 24044 24448 "POST /sat/join/ HTTP/1.1" 302 0
INFO 2026-03-24 17:21:35,003 basehttp 24044 24448 "GET /sat/ HTTP/1.1" 200 6308
INFO 2026-03-24 17:21:41,957 basehttp 24044 23888 "GET /sat/teacher/classrooms/1/ HTTP/1.1" 200 8239
INFO 2026-03-24 17:21:45,295 basehttp 24044 23888 "GET /sat/teacher/classrooms/1/requests/2/reject/ HTTP/1.1" 302 0
INFO 2026-03-24 17:21:45,493 basehttp 24044 23888 "GET /sat/teacher/classrooms/1/ HTTP/1.1" 200 7957
INFO 2026-03-24 17:21:51,064 basehttp 24044 24448 "GET /sat/ HTTP/1.1" 200 6186
INFO 2026-03-24 17:21:54,573 basehttp 24044 24448 "POST /sat/join/ HTTP/1.1" 302 0
INFO 2026-03-24 17:21:54,727 basehttp 24044 24448 "GET /sat/ HTTP/1.1" 200 6308
INFO 2026-03-24 17:21:58,855 basehttp 24044 23888 "GET /sat/teacher/classrooms/1/ HTTP/1.1" 200 8239
INFO 2026-03-24 17:22:01,533 basehttp 24044 23888 "GET /sat/teacher/classrooms/1/requests/2/approve/ HTTP/1.1" 302 0
INFO 2026-03-24 17:22:01,779 basehttp 24044 23888 "GET /sat/teacher/classrooms/1/ HTTP/1.1" 200 8361
INFO 2026-03-24 17:22:05,164 basehttp 24044 23888 "GET /sat/teacher/classrooms/1/students/1498/access/ HTTP/1.1" 200 6108
INFO 2026-03-24 17:22:09,157 basehttp 24044 23888 "POST /sat/teacher/classrooms/1/students/1498/access/ HTTP/1.1" 302 0
INFO 2026-03-24 17:22:09,346 basehttp 24044 23888 "GET /sat/teacher/classrooms/1/ HTTP/1.1" 200 8361
INFO 2026-03-24 17:22:14,399 basehttp 24044 24448 "GET /sat/ HTTP/1.1" 302 0
INFO 2026-03-24 17:22:14,583 basehttp 24044 24448 "GET /sat/classroom/1/ HTTP/1.1" 200 7595
INFO 2026-03-24 17:22:14,813 basehttp 24044 24448 "GET /static/assets/img/icons/icon_dashboard.png HTTP/1.1" 200 10076
INFO 2026-03-24 17:22:18,223 basehttp 24044 24448 "GET /sat/classroom/1/practice-tests/ HTTP/1.1" 200 7502
INFO 2026-03-24 17:22:18,276 basehttp 24044 24448 "GET /static/assets/css/makon-dashboard.css HTTP/1.1" 200 4958
INFO 2026-03-24 17:26:58,667 basehttp 24044 26500 "GET /sat/teacher/classrooms/1/ HTTP/1.1" 302 0
INFO 2026-03-24 17:27:11,884 autoreload 24044 5604 C:\Users\turgu\OneDrive\Desktop\makonbook-master\makonbook-master\apps\sat\views.py changed, reloading.
INFO 2026-03-24 17:27:17,056 autoreload 17220 21232 Watching for file changes with StatReloader
INFO 2026-03-24 17:27:25,877 autoreload 17220 21232 C:\Users\turgu\OneDrive\Desktop\makonbook-master\makonbook-master\apps\sat\urls.py changed, reloading.
INFO 2026-03-24 17:27:29,119 autoreload 15388 13028 Watching for file changes with StatReloader
INFO 2026-03-24 17:28:12,457 autoreload 27228 20092 Watching for file changes with StatReloader
INFO 2026-03-24 17:28:29,811 basehttp 27228 22348 "GET /sat/teacher/classrooms/1/ HTTP/1.1" 200 8531
INFO 2026-03-24 17:28:34,952 basehttp 27228 22348 "GET /sat/teacher/classrooms/1/progress/ HTTP/1.1" 200 7392
INFO 2026-03-24 17:31:05,731 basehttp 27228 25564 "GET / HTTP/1.1" 302 0
INFO 2026-03-24 17:31:05,970 basehttp 27228 25564 "GET /sat/ HTTP/1.1" 302 0
INFO 2026-03-24 17:31:06,267 basehttp 27228 25564 "GET /sat/teacher/classrooms/ HTTP/1.1" 200 6253
INFO 2026-03-24 17:31:25,751 basehttp 27228 25564 "GET /sat/teacher/classrooms/1/ HTTP/1.1" 200 8531
INFO 2026-03-24 17:31:35,121 basehttp 27228 25564 "GET /sat/teacher/classrooms/1/students/1498/access/ HTTP/1.1" 200 6115
INFO 2026-03-24 17:31:39,602 basehttp 27228 25564 "POST /sat/teacher/classrooms/1/students/1498/access/ HTTP/1.1" 302 0
INFO 2026-03-24 17:31:39,814 basehttp 27228 25564 "GET /sat/teacher/classrooms/1/ HTTP/1.1" 200 8531
INFO 2026-03-24 17:33:01,190 basehttp 27228 25564 "GET /sat/teacher/classrooms/1/ HTTP/1.1" 200 8531
INFO 2026-03-24 17:33:22,254 basehttp 27228 25564 "GET / HTTP/1.1" 302 0
INFO 2026-03-24 17:33:22,475 basehttp 27228 25564 "GET /sat/ HTTP/1.1" 302 0
INFO 2026-03-24 17:33:22,668 basehttp 27228 25564 "GET /sat/teacher/classrooms/ HTTP/1.1" 200 6253
INFO 2026-03-24 17:33:25,799 basehttp 27228 25564 "GET /sat/teacher/classrooms/1/ HTTP/1.1" 200 8531
INFO 2026-03-24 17:34:05,565 basehttp 27228 25564 "GET /sat/teacher/classrooms/1/ HTTP/1.1" 200 8481
INFO 2026-03-24 17:39:07,659 autoreload 27228 20092 C:\Users\turgu\OneDrive\Desktop\makonbook-master\makonbook-master\apps\sat\views.py changed, reloading.
INFO 2026-03-24 17:39:13,402 autoreload 11756 7000 Watching for file changes with StatReloader
INFO 2026-03-24 17:39:20,924 autoreload 11756 7000 C:\Users\turgu\OneDrive\Desktop\makonbook-master\makonbook-master\apps\sat\urls.py changed, reloading.
INFO 2026-03-24 17:39:23,550 autoreload 19616 18264 Watching for file changes with StatReloader
INFO 2026-03-24 17:42:20,606 autoreload 19404 3796 Watching for file changes with StatReloader
INFO 2026-03-24 17:42:23,530 basehttp 19404 6624 "GET /sat/teacher/classrooms/ HTTP/1.1" 200 6396
INFO 2026-03-24 17:42:27,675 basehttp 19404 6624 "GET /sat/teacher/classrooms/ HTTP/1.1" 200 6396
INFO 2026-03-24 17:42:33,389 basehttp 19404 17136 "GET /sat/teacher/classrooms/1/ HTTP/1.1" 200 8613
INFO 2026-03-24 17:42:37,183 basehttp 19404 17136 "GET /sat/classroom/1/chat/ HTTP/1.1" 200 7325
INFO 2026-03-24 17:42:48,892 basehttp 19404 17136 "POST /sat/classroom/1/chat/send/ HTTP/1.1" 302 0
INFO 2026-03-24 17:42:49,088 basehttp 19404 17136 "GET /sat/classroom/1/chat/ HTTP/1.1" 200 7929
INFO 2026-03-24 17:42:58,899 basehttp 19404 20412 "GET /sat/classroom/1/practice-tests/ HTTP/1.1" 200 7502
INFO 2026-03-24 17:43:00,405 basehttp 19404 20412 "GET / HTTP/1.1" 302 0
INFO 2026-03-24 17:43:00,588 basehttp 19404 20412 "GET /sat/ HTTP/1.1" 302 0
INFO 2026-03-24 17:43:00,766 basehttp 19404 20412 "GET /sat/classroom/1/ HTTP/1.1" 200 8566
INFO 2026-03-24 17:43:04,347 basehttp 19404 20412 "GET /sat/classroom/1/chat/ HTTP/1.1" 200 7701
INFO 2026-03-24 17:43:12,638 basehttp 19404 20412 "POST /sat/classroom/1/chat/send/ HTTP/1.1" 302 0
INFO 2026-03-24 17:43:12,806 basehttp 19404 20412 "GET /sat/classroom/1/chat/ HTTP/1.1" 200 8109
INFO 2026-03-24 17:43:17,838 basehttp 19404 17136 "GET /sat/classroom/1/chat/ HTTP/1.1" 200 8565
INFO 2026-03-24 17:46:24,043 basehttp 19404 22892 "GET /sat/classroom/1/chat/ HTTP/1.1" 200 8565
INFO 2026-03-24 17:46:36,136 basehttp 19404 22892 "GET /sat/classroom/1/chat/ HTTP/1.1" 200 8564
INFO 2026-03-24 17:46:50,615 basehttp 19404 22892 "GET /sat/classroom/1/chat/ HTTP/1.1" 200 8565
INFO 2026-03-24 17:46:55,137 basehttp 19404 22892 "GET /sat/classroom/1/chat/message/1/delete/ HTTP/1.1" 302 0
INFO 2026-03-24 17:46:55,436 basehttp 19404 22892 "GET /sat/classroom/1/chat/ HTTP/1.1" 200 7922
INFO 2026-03-24 17:46:58,079 basehttp 19404 22892 "GET /sat/classroom/1/chat/message/2/delete/ HTTP/1.1" 302 0
INFO 2026-03-24 17:46:58,267 basehttp 19404 22892 "GET /sat/classroom/1/chat/ HTTP/1.1" 200 7325
INFO 2026-03-24 17:59:00,830 autoreload 19404 3796 C:\Users\turgu\OneDrive\Desktop\makonbook-master\makonbook-master\apps\sat\views.py changed, reloading.
INFO 2026-03-24 17:59:05,745 autoreload 23544 21704 Watching for file changes with StatReloader
INFO 2026-03-24 17:59:27,767 autoreload 23544 21704 C:\Users\turgu\OneDrive\Desktop\makonbook-master\makonbook-master\apps\sat\views.py changed, reloading.
INFO 2026-03-24 17:59:31,430 autoreload 24428 23272 Watching for file changes with StatReloader
INFO 2026-03-24 17:59:38,629 autoreload 24428 23272 C:\Users\turgu\OneDrive\Desktop\makonbook-master\makonbook-master\apps\sat\views.py changed, reloading.
INFO 2026-03-24 17:59:41,761 autoreload 3544 20868 Watching for file changes with StatReloader
INFO 2026-03-24 17:59:45,341 autoreload 3544 20868 C:\Users\turgu\OneDrive\Desktop\makonbook-master\makonbook-master\apps\sat\urls.py changed, reloading.
INFO 2026-03-24 17:59:50,055 autoreload 4424 16520 Watching for file changes with StatReloader
INFO 2026-03-24 18:02:55,709 autoreload 26336 6916 Watching for file changes with StatReloader
INFO 2026-03-24 18:06:39,339 autoreload 18288 3632 Watching for file changes with StatReloader
INFO 2026-03-24 18:06:44,360 basehttp 18288 12696 "GET / HTTP/1.1" 302 0
INFO 2026-03-24 18:06:44,584 basehttp 18288 12696 "GET /sat/ HTTP/1.1" 302 0
ERROR 2026-03-24 18:06:45,339 basehttp 18288 12696 "GET /sat/teacher/classrooms/ HTTP/1.1" 500 204963
ERROR 2026-03-24 18:06:48,596 basehttp 18288 12696 "GET /sat/teacher/classrooms/ HTTP/1.1" 500 205278
INFO 2026-03-24 18:07:05,168 autoreload 5772 18456 Watching for file changes with StatReloader
INFO 2026-03-24 18:07:08,625 basehttp 5772 19616 "GET /sat HTTP/1.1" 301 0
INFO 2026-03-24 18:07:08,885 basehttp 5772 13036 "GET /sat/ HTTP/1.1" 302 0
ERROR 2026-03-24 18:07:09,222 basehttp 5772 13036 "GET /sat/teacher/classrooms/ HTTP/1.1" 500 205106
INFO 2026-03-24 18:07:16,578 basehttp 5772 15264 "GET /sat/classroom/1/chat/ HTTP/1.1" 200 7325
INFO 2026-03-24 18:07:21,159 basehttp 5772 15264 "GET / HTTP/1.1" 302 0
INFO 2026-03-24 18:07:21,323 basehttp 5772 15264 "GET /sat/ HTTP/1.1" 302 0
INFO 2026-03-24 18:07:21,501 basehttp 5772 15264 "GET /sat/teacher/classrooms/ HTTP/1.1" 200 6253
INFO 2026-03-24 18:07:24,160 basehttp 5772 15264 "GET /sat/teacher/classrooms/1/ HTTP/1.1" 200 9241
INFO 2026-03-24 18:07:38,268 basehttp 5772 15264 "GET /sat/teacher/classrooms/1/progress/ HTTP/1.1" 200 7392
INFO 2026-03-24 18:08:26,038 basehttp 5772 15264 "GET / HTTP/1.1" 302 0
INFO 2026-03-24 18:08:26,195 basehttp 5772 15264 "GET /sat/ HTTP/1.1" 302 0
INFO 2026-03-24 18:08:26,401 basehttp 5772 15264 "GET /sat/teacher/classrooms/ HTTP/1.1" 200 6253
INFO 2026-03-24 18:08:28,903 basehttp 5772 10972 "GET /sat/classroom/1/chat/ HTTP/1.1" 200 7325
INFO 2026-03-24 18:08:30,975 basehttp 5772 10972 "GET / HTTP/1.1" 302 0
INFO 2026-03-24 18:08:31,272 basehttp 5772 10972 "GET /sat/ HTTP/1.1" 302 0
INFO 2026-03-24 18:08:31,529 basehttp 5772 10972 "GET /sat/classroom/1/ HTTP/1.1" 200 8819
INFO 2026-03-24 18:08:34,185 basehttp 5772 10972 "GET /sat/ HTTP/1.1" 302 0
INFO 2026-03-24 18:08:34,353 basehttp 5772 10972 "GET /sat/classroom/1/ HTTP/1.1" 200 8819
INFO 2026-03-24 18:08:38,075 basehttp 5772 10972 "GET /sat/classroom/1/chat/ HTTP/1.1" 200 7325
INFO 2026-03-24 18:08:58,186 basehttp 5772 10972 "POST /sat/classroom/1/chat/send/ HTTP/1.1" 302 0
INFO 2026-03-24 18:08:58,357 basehttp 5772 10972 "GET /sat/classroom/1/chat/ HTTP/1.1" 200 7806
INFO 2026-03-24 18:09:05,752 basehttp 5772 10972 "GET /media/classroom_chat_files/icon_dashboard.png HTTP/1.1" 200 10076
INFO 2026-03-24 18:09:26,325 basehttp 5772 10972 "POST /sat/classroom/1/chat/send/ HTTP/1.1" 302 0
INFO 2026-03-24 18:09:26,491 basehttp 5772 10972 "GET /sat/classroom/1/chat/ HTTP/1.1" 200 8363
INFO 2026-03-24 18:09:28,393 basehttp 5772 10972 "GET /media/classroom_chat_files/icon_dashboard.png HTTP/1.1" 304 0
INFO 2026-03-24 18:09:38,200 basehttp 5772 10972 "GET /media/classroom_chat_files/document-merge-5757c8c1-85d8-4fc0-8116-77ec8ce4d55c.pdf HTTP/1.1" 200 6665365
INFO 2026-03-24 18:09:54,685 basehttp 5772 10972 "POST /sat/classroom/1/chat/send/ HTTP/1.1" 302 0
INFO 2026-03-24 18:09:54,865 basehttp 5772 10972 "GET /sat/classroom/1/chat/ HTTP/1.1" 200 8940
INFO 2026-03-24 18:10:05,432 basehttp 5772 15264 "GET /sat/teacher/classrooms/1/ HTTP/1.1" 200 9241
INFO 2026-03-24 18:10:08,549 basehttp 5772 15264 "GET /sat/classroom/1/chat/ HTTP/1.1" 200 10122
INFO 2026-03-24 18:10:16,659 basehttp 5772 15264 "GET /sat/classroom/1/chat/message/4/delete-file/ HTTP/1.1" 302 0
INFO 2026-03-24 18:10:16,840 basehttp 5772 15264 "GET /sat/classroom/1/chat/ HTTP/1.1" 200 9740
INFO 2026-03-24 18:10:22,652 basehttp 5772 15264 "GET /media/classroom_chat_files/IMG_2234.jpg HTTP/1.1" 200 3004245
WARNING 2026-03-24 18:10:22,782 basehttp 5772 15264 "GET /favicon.ico HTTP/1.1" 404 4513
WARNING 2026-03-24 18:10:31,064 basehttp 5772 10972 "GET /media/classroom_chat_files/document-merge-5757c8c1-85d8-4fc0-8116-77ec8ce4d55c.pdf HTTP/1.1" 404 5036
INFO 2026-03-24 18:11:58,469 basehttp 5772 10972 "GET /media/classroom_chat_files/icon_dashboard.png HTTP/1.1" 304 0
INFO 2026-03-24 18:12:00,770 basehttp 5772 10972 "GET /sat/classroom/1/chat/ HTTP/1.1" 200 8724
ERROR 2026-03-24 18:12:08,562 basehttp 5772 13036 "GET /sat/teacher/classrooms/ HTTP/1.1" 500 205106
INFO 2026-03-24 18:12:11,349 basehttp 5772 13036 "GET /sat HTTP/1.1" 301 0
INFO 2026-03-24 18:12:11,533 basehttp 5772 13896 "GET /sat/ HTTP/1.1" 302 0
ERROR 2026-03-24 18:12:11,815 basehttp 5772 13896 "GET /sat/teacher/classrooms/ HTTP/1.1" 500 204963
INFO 2026-03-24 18:15:17,871 basehttp 5772 13896 "GET /admin HTTP/1.1" 301 0
INFO 2026-03-24 18:15:18,415 basehttp 5772 17456 "GET /admin/ HTTP/1.1" 200 26305
INFO 2026-03-24 18:15:21,420 basehttp 5772 17456 "GET /admin/auth/user/ HTTP/1.1" 200 74315
INFO 2026-03-24 18:15:21,607 basehttp 5772 19800 "GET /static/admin/img/icon-no.svg HTTP/1.1" 200 560
INFO 2026-03-24 18:15:21,869 basehttp 5772 17456 "GET /admin/jsi18n/ HTTP/1.1" 200 3342
INFO 2026-03-24 18:15:41,411 basehttp 5772 17456 "POST /admin/auth/user/ HTTP/1.1" 200 59211
INFO 2026-03-24 18:15:41,553 basehttp 5772 17456 "GET /static/admin/js/cancel.js HTTP/1.1" 200 884
INFO 2026-03-24 18:15:45,743 basehttp 5772 17456 "POST /admin/auth/user/ HTTP/1.1" 302 0
INFO 2026-03-24 18:15:46,201 basehttp 5772 17456 "GET /admin/auth/user/ HTTP/1.1" 200 73769
INFO 2026-03-24 18:15:46,476 basehttp 5772 17456 "GET /admin/jsi18n/ HTTP/1.1" 200 3342
INFO 2026-03-24 18:16:03,254 basehttp 5772 17456 "POST /admin/auth/user/ HTTP/1.1" 200 54078
INFO 2026-03-24 18:16:07,407 basehttp 5772 17456 "POST /admin/auth/user/ HTTP/1.1" 302 0
INFO 2026-03-24 18:16:07,713 basehttp 5772 17456 "GET /admin/auth/user/ HTTP/1.1" 200 72555
INFO 2026-03-24 18:16:07,984 basehttp 5772 17456 "GET /admin/jsi18n/ HTTP/1.1" 200 3342
INFO 2026-03-24 18:16:15,642 basehttp 5772 17456 "POST /admin/auth/user/ HTTP/1.1" 200 49369
INFO 2026-03-24 18:16:19,456 basehttp 5772 17456 "POST /admin/auth/user/ HTTP/1.1" 302 0
INFO 2026-03-24 18:16:19,720 basehttp 5772 17456 "GET /admin/auth/user/ HTTP/1.1" 200 73264
INFO 2026-03-24 18:16:19,977 basehttp 5772 17456 "GET /admin/jsi18n/ HTTP/1.1" 200 3342
INFO 2026-03-24 18:16:27,461 basehttp 5772 17456 "POST /admin/auth/user/ HTTP/1.1" 200 87525
INFO 2026-03-24 18:16:38,104 basehttp 5772 17456 "POST /admin/auth/user/ HTTP/1.1" 302 0
INFO 2026-03-24 18:16:38,478 basehttp 5772 17456 "GET /admin/auth/user/ HTTP/1.1" 200 72837
INFO 2026-03-24 18:16:38,742 basehttp 5772 17456 "GET /admin/jsi18n/ HTTP/1.1" 200 3342
INFO 2026-03-24 18:16:50,368 basehttp 5772 17456 "POST /admin/auth/user/ HTTP/1.1" 200 54323
INFO 2026-03-24 18:16:53,804 basehttp 5772 17456 "POST /admin/auth/user/ HTTP/1.1" 302 0
INFO 2026-03-24 18:16:54,141 basehttp 5772 17456 "GET /admin/auth/user/ HTTP/1.1" 200 71870
INFO 2026-03-24 18:16:54,441 basehttp 5772 17456 "GET /admin/jsi18n/ HTTP/1.1" 200 3342
INFO 2026-03-24 18:17:00,171 basehttp 5772 17456 "POST /admin/auth/user/ HTTP/1.1" 200 54623
INFO 2026-03-24 18:17:03,896 basehttp 5772 17456 "POST /admin/auth/user/ HTTP/1.1" 302 0
INFO 2026-03-24 18:17:04,130 basehttp 5772 17456 "GET /admin/auth/user/ HTTP/1.1" 200 42701
INFO 2026-03-24 18:17:04,426 basehttp 5772 17456 "GET /admin/jsi18n/ HTTP/1.1" 200 3342
INFO 2026-03-24 18:17:09,469 basehttp 5772 17456 "POST /admin/auth/user/ HTTP/1.1" 200 31302
INFO 2026-03-24 18:17:11,973 basehttp 5772 17456 "POST /admin/auth/user/ HTTP/1.1" 302 0
INFO 2026-03-24 18:17:12,187 basehttp 5772 17456 "GET /admin/auth/user/ HTTP/1.1" 200 27659
INFO 2026-03-24 18:17:12,453 basehttp 5772 17456 "GET /admin/jsi18n/ HTTP/1.1" 200 3342
INFO 2026-03-24 18:17:17,048 basehttp 5772 17456 "GET /admin/base/userprofile/ HTTP/1.1" 200 26618
INFO 2026-03-24 18:17:17,326 basehttp 5772 17456 "GET /admin/jsi18n/ HTTP/1.1" 200 3342
INFO 2026-03-24 18:17:19,156 basehttp 5772 17456 "GET /admin/auth/group/ HTTP/1.1" 200 28704
INFO 2026-03-24 18:17:19,424 basehttp 5772 17456 "GET /admin/jsi18n/ HTTP/1.1" 200 3342
INFO 2026-03-24 18:17:36,308 basehttp 5772 17456 "POST /admin/auth/group/ HTTP/1.1" 200 25176
INFO 2026-03-24 18:17:44,088 basehttp 5772 24304 "POST /admin/auth/group/ HTTP/1.1" 302 0
INFO 2026-03-24 18:17:44,255 basehttp 5772 24304 "GET /admin/auth/group/ HTTP/1.1" 200 23582
INFO 2026-03-24 18:17:44,528 basehttp 5772 24304 "GET /admin/jsi18n/ HTTP/1.1" 200 3342
INFO 2026-03-24 18:17:46,502 basehttp 5772 24304 "GET /admin/sat/chatmessage/ HTTP/1.1" 200 26724
INFO 2026-03-24 18:17:46,779 basehttp 5772 24304 "GET /admin/jsi18n/ HTTP/1.1" 200 3342
INFO 2026-03-24 18:17:53,831 basehttp 5772 24304 "GET /admin/sat/classroommembership/ HTTP/1.1" 200 26115
INFO 2026-03-24 18:17:54,205 basehttp 5772 24304 "GET /admin/jsi18n/ HTTP/1.1" 200 3342
INFO 2026-03-24 18:18:05,717 basehttp 5772 24304 "GET /admin/sat/studentprogress/ HTTP/1.1" 200 26429
INFO 2026-03-24 18:18:05,978 basehttp 5772 24304 "GET /admin/jsi18n/ HTTP/1.1" 200 3342
INFO 2026-03-24 18:18:09,010 basehttp 5772 24304 "GET /admin/sat/secretcode/ HTTP/1.1" 200 25950
INFO 2026-03-24 18:18:09,306 basehttp 5772 24304 "GET /admin/jsi18n/ HTTP/1.1" 200 3342
INFO 2026-03-24 18:18:12,823 basehttp 5772 24304 "GET /admin/sat/secretcode/? HTTP/1.1" 200 25950
INFO 2026-03-24 18:18:13,128 basehttp 5772 24304 "GET /admin/jsi18n/ HTTP/1.1" 200 3342
INFO 2026-03-24 18:18:22,882 basehttp 5772 24304 "GET /admin/sat/teststage/ HTTP/1.1" 200 47754
INFO 2026-03-24 18:18:23,292 basehttp 5772 24304 "GET /admin/jsi18n/ HTTP/1.1" 200 3342
INFO 2026-03-24 18:18:36,953 basehttp 5772 24304 "POST /admin/sat/teststage/ HTTP/1.1" 302 0
INFO 2026-03-24 18:18:37,509 basehttp 5772 24304 "GET /admin/sat/teststage/ HTTP/1.1" 200 47890
INFO 2026-03-24 18:18:37,809 basehttp 5772 24304 "GET /admin/jsi18n/ HTTP/1.1" 200 3342
INFO 2026-03-24 18:18:42,776 basehttp 5772 24304 "POST /admin/sat/teststage/ HTTP/1.1" 302 0
INFO 2026-03-24 18:18:43,248 basehttp 5772 24304 "GET /admin/sat/teststage/ HTTP/1.1" 200 47897
INFO 2026-03-24 18:18:43,511 basehttp 5772 24304 "GET /admin/jsi18n/ HTTP/1.1" 200 3342
INFO 2026-03-24 18:18:47,965 basehttp 5772 24304 "POST /admin/sat/teststage/ HTTP/1.1" 302 0
INFO 2026-03-24 18:18:48,437 basehttp 5772 24304 "GET /admin/sat/teststage/ HTTP/1.1" 200 47897
INFO 2026-03-24 18:18:48,735 basehttp 5772 24304 "GET /admin/jsi18n/ HTTP/1.1" 200 3342
INFO 2026-03-24 18:18:53,199 basehttp 5772 24304 "POST /admin/sat/teststage/ HTTP/1.1" 302 0
INFO 2026-03-24 18:18:53,578 basehttp 5772 24304 "GET /admin/sat/teststage/ HTTP/1.1" 200 47897
INFO 2026-03-24 18:18:54,120 basehttp 5772 24304 "GET /admin/jsi18n/ HTTP/1.1" 200 3342
INFO 2026-03-24 18:19:21,593 basehttp 5772 24304 "POST /admin/sat/teststage/ HTTP/1.1" 200 20810
INFO 2026-03-24 18:19:30,868 basehttp 5772 24304 "GET /admin/sat/teststage/ HTTP/1.1" 200 47755
INFO 2026-03-24 18:19:35,997 basehttp 5772 24304 "POST /admin/sat/teststage/ HTTP/1.1" 302 0
INFO 2026-03-24 18:19:36,397 basehttp 5772 24304 "GET /admin/sat/teststage/ HTTP/1.1" 200 47901
INFO 2026-03-24 18:19:36,687 basehttp 5772 24304 "GET /admin/jsi18n/ HTTP/1.1" 200 3342
INFO 2026-03-24 18:19:53,448 basehttp 5772 24304 "GET /admin/sat/lesson/ HTTP/1.1" 200 21786
INFO 2026-03-24 18:19:53,738 basehttp 5772 24304 "GET /admin/jsi18n/ HTTP/1.1" 200 3342
INFO 2026-03-24 18:19:57,340 basehttp 5772 24304 "GET /admin/sat/lesson/add/ HTTP/1.1" 200 32851
INFO 2026-03-24 18:19:57,514 basehttp 5772 25524 "GET /static/admin/img/icon-deletelink.svg HTTP/1.1" 200 392
INFO 2026-03-24 18:19:57,638 basehttp 5772 24304 "GET /admin/jsi18n/ HTTP/1.1" 200 3342
INFO 2026-03-24 18:20:01,534 basehttp 5772 24304 "GET /admin/sat/lessonpackage/add/?_to_field=id&_popup=1 HTTP/1.1" 200 16858
INFO 2026-03-24 18:20:01,793 basehttp 5772 24304 "GET /admin/jsi18n/ HTTP/1.1" 200 3342
INFO 2026-03-24 18:20:34,175 basehttp 5772 24304 "GET /admin/sat/lesson/add/ HTTP/1.1" 200 32851
WARNING 2026-03-24 18:20:35,399 basehttp 5772 24304 "GET /favicon.ico HTTP/1.1" 404 4513
INFO 2026-03-24 18:20:44,500 basehttp 5772 24304 "GET / HTTP/1.1" 302 0
INFO 2026-03-24 18:20:44,676 basehttp 5772 24304 "GET /sat/ HTTP/1.1" 302 0
ERROR 2026-03-24 18:20:45,125 basehttp 5772 24304 "GET /sat/teacher/classrooms/ HTTP/1.1" 500 204963
INFO 2026-03-24 18:43:17,130 autoreload 16872 22868 Watching for file changes with StatReloader
ERROR 2026-03-24 18:43:30,114 basehttp 16872 4700 "GET /sat/teacher/classrooms/ HTTP/1.1" 500 205100
INFO 2026-03-24 18:43:36,642 basehttp 16872 15284 "GET / HTTP/1.1" 302 0
INFO 2026-03-24 18:43:36,839 basehttp 16872 15284 "GET /sat/ HTTP/1.1" 302 0
INFO 2026-03-24 18:43:37,023 basehttp 16872 15284 "GET /sat/classroom/1/ HTTP/1.1" 200 8819
INFO 2026-03-24 18:43:40,197 basehttp 16872 15284 "GET /sat/ HTTP/1.1" 302 0
INFO 2026-03-24 18:43:40,502 basehttp 16872 15284 "GET /sat/classroom/1/ HTTP/1.1" 200 8819
INFO 2026-03-24 18:43:42,204 basehttp 16872 15284 "GET /sat/classroom/1/chat/ HTTP/1.1" 200 8724
INFO 2026-03-24 18:43:45,459 basehttp 16872 15284 "GET / HTTP/1.1" 302 0
INFO 2026-03-24 18:43:45,630 basehttp 16872 15284 "GET /sat/ HTTP/1.1" 302 0
INFO 2026-03-24 18:43:45,800 basehttp 16872 15284 "GET /sat/classroom/1/ HTTP/1.1" 200 8819
INFO 2026-03-24 18:43:46,648 basehttp 16872 15284 "GET /sat/classroom/1/practice-tests/ HTTP/1.1" 200 7502
INFO 2026-03-24 18:43:49,488 basehttp 16872 15284 "GET / HTTP/1.1" 302 0
INFO 2026-03-24 18:43:49,634 basehttp 16872 15284 "GET /sat/ HTTP/1.1" 302 0
INFO 2026-03-24 18:43:49,789 basehttp 16872 15284 "GET /sat/classroom/1/ HTTP/1.1" 200 8819
INFO 2026-03-24 18:43:54,204 basehttp 16872 14112 "GET / HTTP/1.1" 302 0
INFO 2026-03-24 18:43:54,415 basehttp 16872 14112 "GET /sat/ HTTP/1.1" 302 0
INFO 2026-03-24 18:43:54,615 basehttp 16872 14112 "GET /sat/teacher/classrooms/ HTTP/1.1" 200 6253
INFO 2026-03-24 18:43:58,532 basehttp 16872 14112 "GET /sat/teacher/classrooms/1/ HTTP/1.1" 200 9358
INFO 2026-03-24 18:44:04,095 basehttp 16872 14112 "GET /sat/teacher/classrooms/1/edit/ HTTP/1.1" 200 6509
INFO 2026-03-24 18:44:07,161 basehttp 16872 14112 "POST /sat/teacher/classrooms/1/edit/ HTTP/1.1" 302 0
INFO 2026-03-24 18:44:07,398 basehttp 16872 14112 "GET /sat/teacher/classrooms/1/ HTTP/1.1" 200 9358
INFO 2026-03-24 18:44:12,905 basehttp 16872 14112 "GET /sat/teacher/classrooms/1/students/1498/access/ HTTP/1.1" 200 6129
INFO 2026-03-24 18:44:15,562 basehttp 16872 14112 "POST /sat/teacher/classrooms/1/students/1498/access/ HTTP/1.1" 302 0
INFO 2026-03-24 18:44:15,812 basehttp 16872 14112 "GET /sat/teacher/classrooms/1/ HTTP/1.1" 200 9358
INFO 2026-03-24 18:44:18,220 basehttp 16872 14112 "GET /sat/classroom/1/chat/ HTTP/1.1" 200 9740
INFO 2026-03-24 18:44:22,709 basehttp 16872 14112 "GET / HTTP/1.1" 302 0
INFO 2026-03-24 18:44:22,954 basehttp 16872 14112 "GET /sat/ HTTP/1.1" 302 0
INFO 2026-03-24 18:44:23,145 basehttp 16872 14112 "GET /sat/teacher/classrooms/ HTTP/1.1" 200 6253
INFO 2026-03-24 18:44:26,950 basehttp 16872 14112 "GET / HTTP/1.1" 302 0
INFO 2026-03-24 18:44:27,113 basehttp 16872 14112 "GET /sat/ HTTP/1.1" 302 0
INFO 2026-03-24 18:44:27,286 basehttp 16872 14112 "GET /sat/teacher/classrooms/ HTTP/1.1" 200 6253
INFO 2026-03-24 18:44:29,558 basehttp 16872 14112 "GET /sat/teacher/classrooms/1/ HTTP/1.1" 200 9358
INFO 2026-03-24 18:44:37,398 basehttp 16872 14112 "GET /sat/teacher/classrooms/1/progress/ HTTP/1.1" 200 7392
INFO 2026-03-24 18:44:53,132 basehttp 16872 14112 "POST /sat/teacher/classrooms/1/delete/ HTTP/1.1" 302 0
ERROR 2026-03-24 18:44:53,562 basehttp 16872 14112 "GET /sat/teacher/classrooms/ HTTP/1.1" 500 205064
ERROR 2026-03-24 18:44:58,532 basehttp 16872 14112 "GET /sat/teacher/classrooms/ HTTP/1.1" 500 205062
INFO 2026-03-24 18:45:03,412 basehttp 16872 14112 "GET / HTTP/1.1" 302 0
INFO 2026-03-24 18:45:03,593 basehttp 16872 14112 "GET /sat/ HTTP/1.1" 302 0
ERROR 2026-03-24 18:45:03,841 basehttp 16872 14112 "GET /sat/teacher/classrooms/ HTTP/1.1" 500 204888
WARNING 2026-03-24 18:45:13,561 basehttp 16872 15284 "GET /sat/classroom/1/ HTTP/1.1" 403 41
INFO 2026-03-24 18:45:18,215 basehttp 16872 15284 "GET / HTTP/1.1" 302 0
INFO 2026-03-24 18:45:18,401 basehttp 16872 15284 "GET /sat/ HTTP/1.1" 200 6189
INFO 2026-03-24 18:45:49,074 basehttp 16872 14112 "GET / HTTP/1.1" 302 0
INFO 2026-03-24 18:45:49,228 basehttp 16872 14112 "GET /sat/ HTTP/1.1" 302 0
ERROR 2026-03-24 18:45:49,513 basehttp 16872 14112 "GET /sat/teacher/classrooms/ HTTP/1.1" 500 204888
INFO 2026-03-24 18:46:06,567 basehttp 16872 4416 "GET / HTTP/1.1" 302 0
INFO 2026-03-24 18:46:07,096 basehttp 16872 3288 "GET /sat/ HTTP/1.1" 302 0
ERROR 2026-03-24 18:46:12,079 basehttp 16872 4416 "GET /sat/teacher/classrooms/ HTTP/1.1" 500 204441
INFO 2026-03-25 00:45:57,946 autoreload 7740 14588 Watching for file changes with StatReloader
INFO 2026-03-25 00:46:00,613 basehttp 7740 16820 "GET / HTTP/1.1" 302 0
INFO 2026-03-25 00:46:00,758 basehttp 7740 16820 "GET /sat/ HTTP/1.1" 302 0
ERROR 2026-03-25 00:46:01,110 basehttp 7740 16820 "GET /sat/teacher/classrooms/ HTTP/1.1" 500 205748
WARNING 2026-03-25 00:46:01,786 basehttp 7740 16820 "GET /favicon.ico HTTP/1.1" 404 4513
INFO 2026-03-25 00:49:00,394 autoreload 13248 9984 Watching for file changes with StatReloader
INFO 2026-03-25 00:49:04,569 basehttp 13248 17604 "GET / HTTP/1.1" 302 0
INFO 2026-03-25 00:49:04,688 basehttp 13248 17604 "GET /sat/ HTTP/1.1" 302 0
INFO 2026-03-25 00:49:04,856 basehttp 13248 17604 "GET /sat/teacher/classrooms/ HTTP/1.1" 200 6385
INFO 2026-03-25 00:49:10,819 basehttp 13248 16044 "GET / HTTP/1.1" 302 0
INFO 2026-03-25 00:49:10,927 basehttp 13248 16044 "GET /login/?next=/ HTTP/1.1" 200 3601
INFO 2026-03-25 00:49:11,259 basehttp 13248 16044 "GET /static/assets/css/makon-style.css HTTP/1.1" 200 2986
INFO 2026-03-25 00:49:11,262 basehttp 13248 9188 "GET /static/assets/js/login-main.js HTTP/1.1" 200 517
INFO 2026-03-25 00:49:11,264 basehttp 13248 8152 "GET /static/assets/img/icons/white-icon-nobg.png HTTP/1.1" 200 84649
INFO 2026-03-25 00:49:11,337 basehttp 13248 9188 "GET /static/assets/img/icons/original-icon-nobg.png HTTP/1.1" 200 91518
INFO 2026-03-25 00:49:21,483 basehttp 13248 9188 "GET /sat/guest/ HTTP/1.1" 200 0
INFO 2026-03-25 00:51:16,275 autoreload 8084 16392 Watching for file changes with StatReloader
INFO 2026-03-25 00:51:19,122 basehttp 8084 13412 "GET /login/?next=/ HTTP/1.1" 200 3604
INFO 2026-03-25 00:51:20,682 basehttp 8084 13412 "GET /sat/guest/ HTTP/1.1" 200 0
INFO 2026-03-25 00:52:25,777 basehttp 8084 11072 "GET /admin/ HTTP/1.1" 200 30201
INFO 2026-03-25 00:52:34,410 basehttp 8084 11072 "GET /admin/sat/globalevent/ HTTP/1.1" 200 24043
INFO 2026-03-25 00:52:34,683 basehttp 8084 11072 "GET /admin/jsi18n/ HTTP/1.1" 200 3342
INFO 2026-03-25 00:52:36,519 basehttp 8084 11072 "GET /admin/sat/globalevent/add/ HTTP/1.1" 200 35056
INFO 2026-03-25 00:52:36,759 basehttp 8084 11072 "GET /admin/jsi18n/ HTTP/1.1" 200 3342
INFO 2026-03-25 00:52:36,777 basehttp 8084 4252 "GET /static/admin/js/admin/DateTimeShortcuts.js HTTP/1.1" 200 19319
INFO 2026-03-25 00:52:36,781 basehttp 8084 6740 "GET /static/admin/js/calendar.js HTTP/1.1" 200 9141
INFO 2026-03-25 00:52:36,910 basehttp 8084 6740 "GET /static/admin/img/icon-calendar.svg HTTP/1.1" 200 1086
INFO 2026-03-25 00:52:36,911 basehttp 8084 4252 "GET /static/admin/img/icon-clock.svg HTTP/1.1" 200 677
INFO 2026-03-25 00:53:13,225 basehttp 8084 4252 "GET /static/admin/img/calendar-icons.svg HTTP/1.1" 200 2455
INFO 2026-03-25 00:53:42,165 basehttp 8084 4252 "POST /admin/sat/globalevent/add/ HTTP/1.1" 200 35347
INFO 2026-03-25 00:53:42,388 basehttp 8084 4252 "GET /admin/jsi18n/ HTTP/1.1" 200 3342
INFO 2026-03-25 00:53:52,882 basehttp 8084 4252 "POST /admin/sat/globalevent/add/ HTTP/1.1" 302 0
INFO 2026-03-25 00:53:53,145 basehttp 8084 4252 "GET /admin/sat/globalevent/ HTTP/1.1" 200 26534
INFO 2026-03-25 00:53:53,369 basehttp 8084 4252 "GET /admin/jsi18n/ HTTP/1.1" 200 3342
INFO 2026-03-25 00:54:02,555 basehttp 8084 13412 "GET /sat/guest/ HTTP/1.1" 200 0
INFO 2026-03-25 00:54:03,314 basehttp 8084 13412 "GET /sat/guest/ HTTP/1.1" 200 0
INFO 2026-03-25 01:00:00,039 autoreload 15756 16388 Watching for file changes with StatReloader
INFO 2026-03-25 01:00:01,963 basehttp 15756 17684 "GET / HTTP/1.1" 302 0
INFO 2026-03-25 01:00:01,978 basehttp 15756 17684 "GET /login/?next=/ HTTP/1.1" 200 3604
INFO 2026-03-25 01:00:03,351 basehttp 15756 17684 "GET /sat/guest/ HTTP/1.1" 200 2217
INFO 2026-03-25 01:00:14,494 basehttp 15756 17684 "POST /sat/guest/ HTTP/1.1" 302 0
INFO 2026-03-25 01:00:14,727 basehttp 15756 17684 "GET /sat/global-events/ HTTP/1.1" 200 2516
INFO 2026-03-25 01:00:16,886 basehttp 15756 17684 "GET /sat/global-events/Sat_Olympiad/ HTTP/1.1" 200 2359
INFO 2026-03-25 01:00:19,244 basehttp 15756 17684 "GET /sat/global-events/Sat_Olympiad/leaderboard/ HTTP/1.1" 200 1104
INFO 2026-03-25 01:00:21,013 basehttp 15756 17684 "GET /sat/global-events/Sat_Olympiad/ HTTP/1.1" 200 2359
INFO 2026-03-25 01:00:47,329 basehttp 15756 17684 "GET /sat/global-events/Sat_Olympiad/ HTTP/1.1" 200 2378
INFO 2026-03-25 01:00:54,946 basehttp 15756 17684 "GET /sat/global-events/Sat_Olympiad/ HTTP/1.1" 200 2359
INFO 2026-03-25 01:01:10,180 basehttp 15756 17684 "GET /sat/global-events/Sat_Olympiad/ HTTP/1.1" 200 2380
INFO 2026-03-25 01:01:12,334 basehttp 15756 17684 "GET /sat/global-events/ HTTP/1.1" 200 2516
INFO 2026-03-25 01:02:29,116 basehttp 15756 17684 "GET /sat/global-events/ HTTP/1.1" 200 2579
INFO 2026-03-25 01:02:31,397 basehttp 15756 17684 "GET /sat/global-events/Sat_Olympiad/ HTTP/1.1" 200 2380
INFO 2026-03-25 01:02:35,232 basehttp 15756 17684 "POST /sat/global-events/Sat_Olympiad/start/ HTTP/1.1" 302 0
INFO 2026-03-25 01:02:35,404 basehttp 15756 17684 "GET /sat/global-events/Sat_Olympiad/ HTTP/1.1" 200 2584
INFO 2026-03-25 01:02:39,416 basehttp 15756 17684 "POST /sat/global-events/Sat_Olympiad/start/ HTTP/1.1" 302 0
INFO 2026-03-25 01:02:39,549 basehttp 15756 17684 "GET /sat/global-events/Sat_Olympiad/ HTTP/1.1" 200 2584
INFO 2026-03-25 01:02:46,770 basehttp 15756 17016 "GET /admin/sat/globalevent/1/change/ HTTP/1.1" 200 35421
INFO 2026-03-25 01:02:47,057 basehttp 15756 17016 "GET /admin/jsi18n/ HTTP/1.1" 200 3342
INFO 2026-03-25 01:02:58,250 basehttp 15756 17016 "POST /admin/sat/globalevent/1/change/ HTTP/1.1" 302 0
INFO 2026-03-25 01:02:58,431 basehttp 15756 17016 "GET /admin/sat/globalevent/ HTTP/1.1" 200 26531
INFO 2026-03-25 01:02:58,678 basehttp 15756 17016 "GET /admin/jsi18n/ HTTP/1.1" 200 3342
INFO 2026-03-25 01:03:01,653 basehttp 15756 17684 "GET /sat/global-events/Sat_Olympiad/ HTTP/1.1" 200 2375
INFO 2026-03-25 01:03:05,250 basehttp 15756 17684 "POST /sat/global-events/Sat_Olympiad/start/ HTTP/1.1" 302 0
INFO 2026-03-25 01:03:05,413 basehttp 15756 17684 "GET /sat/global-events/Sat_Olympiad/ HTTP/1.1" 200 2561
INFO 2026-03-25 01:03:09,084 basehttp 15756 17684 "GET /sat/global-events/Sat_Olympiad/ HTTP/1.1" 200 2375
INFO 2026-03-25 01:03:11,676 basehttp 15756 17684 "GET /sat/global-events/ HTTP/1.1" 200 2574
INFO 2026-03-25 01:03:13,192 basehttp 15756 17684 "GET /sat/global-events/Sat_Olympiad/ HTTP/1.1" 200 2375
INFO 2026-03-25 01:03:15,879 basehttp 15756 17684 "POST /sat/global-events/Sat_Olympiad/start/ HTTP/1.1" 302 0
ERROR 2026-03-25 01:03:16,261 basehttp 15756 17684 "GET /sat/global-events/attempt/8e1e5869-581c-4bf4-928c-a5848c2a0b93/ HTTP/1.1" 500 142128
ERROR 2026-03-25 01:04:07,845 basehttp 15756 17016 "GET /admin/sat/test/ HTTP/1.1" 500 465916
INFO 2026-03-25 01:04:10,971 basehttp 15756 17016 "GET /admin/sat/globalevent/ HTTP/1.1" 200 26317
INFO 2026-03-25 01:04:18,850 basehttp 15756 17016 "GET /admin/sat/english_question/ HTTP/1.1" 200 70428
INFO 2026-03-25 01:04:19,042 basehttp 15756 17016 "GET /admin/jsi18n/ HTTP/1.1" 200 3342
INFO 2026-03-25 01:04:30,731 basehttp 15756 17016 "GET /admin/sat/makeuptest/ HTTP/1.1" 200 24679
INFO 2026-03-25 01:04:30,970 basehttp 15756 17016 "GET /admin/jsi18n/ HTTP/1.1" 200 3342
INFO 2026-03-25 01:04:35,118 basehttp 15756 17016 "GET /admin/sat/testmodule/ HTTP/1.1" 200 64944
INFO 2026-03-25 01:04:35,307 basehttp 15756 17016 "GET /admin/jsi18n/ HTTP/1.1" 200 3342
ERROR 2026-03-25 01:04:44,745 basehttp 15756 17016 "GET /admin/sat/test/ HTTP/1.1" 500 465915
INFO 2026-03-25 01:05:23,913 basehttp 15756 17016 "GET /admin/sat/makeuptest/ HTTP/1.1" 200 24679
INFO 2026-03-25 01:05:26,469 basehttp 15756 17016 "GET /admin/auth/group/ HTTP/1.1" 200 25303
INFO 2026-03-25 01:05:26,682 basehttp 15756 17016 "GET /admin/jsi18n/ HTTP/1.1" 200 3342
INFO 2026-03-25 01:05:29,705 basehttp 15756 17016 "GET /admin/sat/chatmessage/ HTTP/1.1" 200 24399
INFO 2026-03-25 01:05:29,905 basehttp 15756 17016 "GET /admin/jsi18n/ HTTP/1.1" 200 3342
INFO 2026-03-25 01:05:32,253 basehttp 15756 17016 "GET /admin/sat/classroomjoincode/ HTTP/1.1" 200 25221
INFO 2026-03-25 01:05:32,443 basehttp 15756 17016 "GET /admin/jsi18n/ HTTP/1.1" 200 3342
INFO 2026-03-25 01:06:49,549 basehttp 15756 17684 "GET /sat/global-events/ HTTP/1.1" 200 2574
INFO 2026-03-25 01:06:51,942 basehttp 15756 17684 "GET /sat/global-events/Sat_Olympiad/ HTTP/1.1" 200 1818
INFO 2026-03-25 01:06:53,483 basehttp 15756 17684 "GET /sat/global-events/attempt/8e1e5869-581c-4bf4-928c-a5848c2a0b93/ HTTP/1.1" 200 1947
INFO 2026-03-25 01:07:02,432 basehttp 15756 17684 "POST /sat/global-events/attempt/8e1e5869-581c-4bf4-928c-a5848c2a0b93/submit/ HTTP/1.1" 302 0
INFO 2026-03-25 01:07:02,615 basehttp 15756 17684 "GET /sat/global-events/attempt/8e1e5869-581c-4bf4-928c-a5848c2a0b93/result/ HTTP/1.1" 200 1451
INFO 2026-03-25 01:07:04,698 basehttp 15756 17684 "GET /sat/global-events/ HTTP/1.1" 200 2574
INFO 2026-03-25 01:07:05,606 basehttp 15756 17684 "GET /sat/global-events/Sat_Olympiad/ HTTP/1.1" 200 1822
INFO 2026-03-25 01:07:30,283 basehttp 15756 17684 "GET /sat/global-events/ HTTP/1.1" 200 2574
INFO 2026-03-25 01:09:22,708 autoreload 15756 16388 C:\Users\turgu\OneDrive\Desktop\makonbook-master\makonbook-master\apps\sat\admin.py changed, reloading.
INFO 2026-03-25 01:12:06,944 autoreload 8904 8988 Watching for file changes with StatReloader
INFO 2026-03-25 01:12:07,941 basehttp 8904 12456 "GET /admin/sat/classroomjoincode/ HTTP/1.1" 200 25221
ERROR 2026-03-25 01:12:13,120 basehttp 8904 12456 "GET /admin/sat/test/ HTTP/1.1" 500 465922
INFO 2026-03-25 01:14:31,917 autoreload 8904 8988 C:\Users\turgu\OneDrive\Desktop\makonbook-master\makonbook-master\apps\sat\admin.py changed, reloading.
INFO 2026-03-25 01:14:35,450 autoreload 13164 11220 Watching for file changes with StatReloader
INFO 2026-03-25 01:14:41,282 autoreload 17420 18284 Watching for file changes with StatReloader
INFO 2026-03-25 01:14:54,946 basehttp 17420 5632 "GET /admin/sat/classroomjoincode/ HTTP/1.1" 200 25221
ERROR 2026-03-25 01:15:09,594 basehttp 17420 5632 "GET /admin/sat/test/ HTTP/1.1" 500 466026
INFO 2026-03-25 01:17:33,472 autoreload 17420 18284 C:\Users\turgu\OneDrive\Desktop\makonbook-master\makonbook-master\apps\sat\admin.py changed, reloading.
INFO 2026-03-25 01:17:36,496 autoreload 2916 16992 Watching for file changes with StatReloader
INFO 2026-03-25 01:17:53,512 autoreload 2916 16992 C:\Users\turgu\OneDrive\Desktop\makonbook-master\makonbook-master\apps\sat\admin.py changed, reloading.
INFO 2026-03-25 01:17:56,684 autoreload 3792 8432 Watching for file changes with StatReloader
INFO 2026-03-25 01:18:16,721 basehttp 3792 4992 "GET /admin/sat/test/ HTTP/1.1" 200 60708
INFO 2026-03-25 01:18:16,970 basehttp 3792 4992 "GET /admin/jsi18n/ HTTP/1.1" 200 3342
INFO 2026-03-25 01:18:19,621 basehttp 3792 4992 "GET /admin/sat/test/add/ HTTP/1.1" 200 25004
INFO 2026-03-25 01:18:19,869 basehttp 3792 4992 "GET /admin/jsi18n/ HTTP/1.1" 200 3342
INFO 2026-03-25 01:18:19,893 basehttp 3792 17836 "GET /static/admin/js/SelectFilter2.js HTTP/1.1" 200 15502
INFO 2026-03-25 01:18:19,894 basehttp 3792 18104 "GET /static/admin/js/SelectBox.js HTTP/1.1" 200 4530
INFO 2026-03-25 01:18:20,026 basehttp 3792 18104 "GET /static/admin/img/icon-unknown.svg HTTP/1.1" 200 655
INFO 2026-03-25 01:18:20,028 basehttp 3792 17836 "GET /static/admin/img/selector-icons.svg HTTP/1.1" 200 3291
INFO 2026-03-25 01:18:20,028 basehttp 3792 4992 "GET /static/admin/img/icon-unknown-alt.svg HTTP/1.1" 200 655
INFO 2026-03-25 01:18:50,139 basehttp 3792 4992 "POST /admin/sat/test/add/ HTTP/1.1" 302 0
INFO 2026-03-25 01:18:50,743 basehttp 3792 4992 "GET /admin/sat/test/ HTTP/1.1" 200 61585
INFO 2026-03-25 01:18:50,997 basehttp 3792 4992 "GET /admin/jsi18n/ HTTP/1.1" 200 3342
INFO 2026-03-25 01:18:52,558 basehttp 3792 4992 "GET /admin/sat/test/SAT_5FOLYMPIAD(29.03)/change/ HTTP/1.1" 200 25319
INFO 2026-03-25 01:18:52,851 basehttp 3792 4992 "GET /admin/jsi18n/ HTTP/1.1" 200 3342
INFO 2026-03-25 01:18:55,335 basehttp 3792 4992 "GET /admin/sat/test/SAT_5FOLYMPIAD(29.03)/delete/ HTTP/1.1" 200 22690
INFO 2026-03-25 01:18:57,039 basehttp 3792 4992 "POST /admin/sat/test/SAT_5FOLYMPIAD(29.03)/delete/ HTTP/1.1" 302 0
INFO 2026-03-25 01:18:57,600 basehttp 3792 4992 "GET /admin/sat/test/ HTTP/1.1" 200 60874
INFO 2026-03-25 01:18:57,925 basehttp 3792 4992 "GET /admin/jsi18n/ HTTP/1.1" 200 3342
INFO 2026-03-25 01:19:01,916 basehttp 3792 4992 "GET /admin/sat/test/DAY19/change/ HTTP/1.1" 200 25231
INFO 2026-03-25 01:19:02,218 basehttp 3792 4992 "GET /admin/jsi18n/ HTTP/1.1" 200 3342
INFO 2026-03-25 01:19:08,432 basehttp 3792 4992 "GET /admin/sat/testmodule/ HTTP/1.1" 200 64944
INFO 2026-03-25 01:19:08,656 basehttp 3792 4992 "GET /admin/jsi18n/ HTTP/1.1" 200 3342
INFO 2026-03-25 01:19:11,793 basehttp 3792 4992 "GET /admin/sat/testmodule/add/ HTTP/1.1" 200 35657
INFO 2026-03-25 01:19:12,024 basehttp 3792 4992 "GET /admin/jsi18n/ HTTP/1.1" 200 3342
INFO 2026-03-25 01:19:17,825 basehttp 3792 4992 "GET /admin/sat/test/ HTTP/1.1" 200 60708
INFO 2026-03-25 01:19:18,047 basehttp 3792 4992 "GET /admin/jsi18n/ HTTP/1.1" 200 3342
INFO 2026-03-25 01:19:19,318 basehttp 3792 4992 "GET /admin/sat/test/add/ HTTP/1.1" 200 25004
INFO 2026-03-25 01:19:19,559 basehttp 3792 4992 "GET /admin/jsi18n/ HTTP/1.1" 200 3342
INFO 2026-03-25 01:19:26,295 basehttp 3792 4992 "POST /admin/sat/test/add/ HTTP/1.1" 302 0
INFO 2026-03-25 01:19:26,865 basehttp 3792 4992 "GET /admin/sat/test/ HTTP/1.1" 200 61585
INFO 2026-03-25 01:19:27,106 basehttp 3792 4992 "GET /admin/jsi18n/ HTTP/1.1" 200 3342
INFO 2026-03-25 01:19:32,143 basehttp 3792 4992 "GET /admin/sat/testmodule/ HTTP/1.1" 200 65042
INFO 2026-03-25 01:19:32,379 basehttp 3792 4992 "GET /admin/jsi18n/ HTTP/1.1" 200 3342
INFO 2026-03-25 01:19:34,662 basehttp 3792 4992 "GET /admin/sat/testmodule/add/ HTTP/1.1" 200 35725
INFO 2026-03-25 01:19:34,996 basehttp 3792 4992 "GET /admin/jsi18n/ HTTP/1.1" 200 3342
INFO 2026-03-25 01:19:58,536 basehttp 3792 4992 "GET /admin/sat/makeuptest/add/?_to_field=id&_popup=1 HTTP/1.1" 200 721628
INFO 2026-03-25 01:19:58,832 basehttp 3792 4992 "GET /admin/jsi18n/ HTTP/1.1" 200 3342
INFO 2026-03-25 01:20:01,804 basehttp 3792 4992 "POST /admin/sat/testmodule/add/ HTTP/1.1" 302 0
INFO 2026-03-25 01:20:02,084 basehttp 3792 4992 "GET /admin/sat/testmodule/ HTTP/1.1" 200 65327
INFO 2026-03-25 01:20:02,460 basehttp 3792 4992 "GET /admin/jsi18n/ HTTP/1.1" 200 3342
INFO 2026-03-25 01:20:13,661 basehttp 3792 4992 "GET /admin/sat/math_question/ HTTP/1.1" 200 71007
INFO 2026-03-25 01:20:13,904 basehttp 3792 4992 "GET /admin/jsi18n/ HTTP/1.1" 200 3342
INFO 2026-03-25 01:20:19,573 basehttp 3792 4992 "GET /admin/sat/math_question/add/ HTTP/1.1" 200 43673
INFO 2026-03-25 01:20:19,824 basehttp 3792 4992 "GET /admin/jsi18n/ HTTP/1.1" 200 3342
INFO 2026-03-25 01:20:30,600 basehttp 3792 4992 "GET /admin/sat/questiontype/add/?_to_field=id&_popup=1 HTTP/1.1" 200 6512
INFO 2026-03-25 01:20:30,806 basehttp 3792 4992 "GET /admin/jsi18n/ HTTP/1.1" 200 3342
INFO 2026-03-25 01:21:00,455 basehttp 3792 4992 "GET /admin/sat/test/SAT_OLYMPIAD(29.03)/delete/?_to_field=name&_popup=1 HTTP/1.1" 200 3778
INFO 2026-03-25 01:21:05,355 basehttp 3792 4992 "GET /admin/sat/math_question/ HTTP/1.1" 200 71007
INFO 2026-03-25 01:21:09,696 basehttp 3792 4992 "GET /admin/sat/testmodule/ HTTP/1.1" 200 65088
INFO 2026-03-25 01:21:09,916 basehttp 3792 4992 "GET /admin/jsi18n/ HTTP/1.1" 200 3342
INFO 2026-03-25 01:21:13,567 basehttp 3792 4992 "GET /admin/sat/testmodule/add/ HTTP/1.1" 200 35725
INFO 2026-03-25 01:21:13,801 basehttp 3792 4992 "GET /admin/jsi18n/ HTTP/1.1" 200 3342
INFO 2026-03-25 01:21:25,365 basehttp 3792 4992 "POST /admin/sat/testmodule/add/ HTTP/1.1" 200 35888
INFO 2026-03-25 01:21:25,670 basehttp 3792 4992 "GET /admin/jsi18n/ HTTP/1.1" 200 3342
INFO 2026-03-25 01:21:31,690 basehttp 3792 4992 "POST /admin/sat/testmodule/add/ HTTP/1.1" 302 0
INFO 2026-03-25 01:21:31,985 basehttp 3792 4992 "GET /admin/sat/testmodule/ HTTP/1.1" 200 65373
INFO 2026-03-25 01:21:32,225 basehttp 3792 4992 "GET /admin/jsi18n/ HTTP/1.1" 200 3342
INFO 2026-03-25 01:21:38,724 basehttp 3792 4992 "GET /admin/sat/testmodule/2296/change/ HTTP/1.1" 200 36083
INFO 2026-03-25 01:21:38,960 basehttp 3792 4992 "GET /admin/jsi18n/ HTTP/1.1" 200 3342
INFO 2026-03-25 01:21:43,390 basehttp 3792 4992 "POST /admin/sat/testmodule/2296/change/ HTTP/1.1" 302 0
INFO 2026-03-25 01:21:43,694 basehttp 3792 4992 "GET /admin/sat/testmodule/ HTTP/1.1" 200 65336
INFO 2026-03-25 01:21:43,925 basehttp 3792 4992 "GET /admin/jsi18n/ HTTP/1.1" 200 3342
INFO 2026-03-25 01:21:47,210 basehttp 3792 4992 "GET /admin/sat/testmodule/2295/change/ HTTP/1.1" 200 36083
INFO 2026-03-25 01:21:47,458 basehttp 3792 4992 "GET /admin/jsi18n/ HTTP/1.1" 200 3342
INFO 2026-03-25 01:21:53,481 basehttp 3792 4992 "POST /admin/sat/testmodule/2295/change/ HTTP/1.1" 302 0
INFO 2026-03-25 01:21:53,853 basehttp 3792 4992 "GET /admin/sat/testmodule/ HTTP/1.1" 200 65294
INFO 2026-03-25 01:21:54,085 basehttp 3792 4992 "GET /admin/jsi18n/ HTTP/1.1" 200 3342
INFO 2026-03-25 01:21:56,939 basehttp 3792 4992 "GET /admin/sat/testmodule/2294/change/ HTTP/1.1" 200 39391
INFO 2026-03-25 01:21:57,190 basehttp 3792 4992 "GET /admin/jsi18n/ HTTP/1.1" 200 3342
INFO 2026-03-25 01:22:07,249 basehttp 3792 4992 "GET /admin/sat/testmodule/ HTTP/1.1" 200 65050
INFO 2026-03-25 01:22:09,106 basehttp 3792 4992 "GET /admin/sat/testmodule/2296/change/ HTTP/1.1" 200 36095
INFO 2026-03-25 01:22:09,330 basehttp 3792 4992 "GET /admin/jsi18n/ HTTP/1.1" 200 3342
INFO 2026-03-25 01:22:11,728 basehttp 3792 4992 "POST /admin/sat/testmodule/2296/change/ HTTP/1.1" 302 0
INFO 2026-03-25 01:22:12,005 basehttp 3792 4992 "GET /admin/sat/testmodule/ HTTP/1.1" 200 65294
INFO 2026-03-25 01:22:12,243 basehttp 3792 4992 "GET /admin/jsi18n/ HTTP/1.1" 200 3342
INFO 2026-03-25 01:22:14,528 basehttp 3792 4992 "GET /admin/sat/testmodule/add/ HTTP/1.1" 200 35725
INFO 2026-03-25 01:22:14,854 basehttp 3792 4992 "GET /admin/jsi18n/ HTTP/1.1" 200 3342
INFO 2026-03-25 01:22:25,320 basehttp 3792 4992 "POST /admin/sat/testmodule/add/ HTTP/1.1" 302 0
INFO 2026-03-25 01:22:25,620 basehttp 3792 4992 "GET /admin/sat/testmodule/ HTTP/1.1" 200 65305
INFO 2026-03-25 01:22:25,847 basehttp 3792 4992 "GET /admin/jsi18n/ HTTP/1.1" 200 3342
INFO 2026-03-25 01:22:29,475 basehttp 3792 4992 "GET /admin/sat/testmodule/add/ HTTP/1.1" 200 35725
INFO 2026-03-25 01:22:29,717 basehttp 3792 4992 "GET /admin/jsi18n/ HTTP/1.1" 200 3342
INFO 2026-03-25 01:22:38,588 basehttp 3792 4992 "POST /admin/sat/testmodule/add/ HTTP/1.1" 302 0
INFO 2026-03-25 01:22:38,864 basehttp 3792 4992 "GET /admin/sat/testmodule/ HTTP/1.1" 200 65315
INFO 2026-03-25 01:22:39,103 basehttp 3792 4992 "GET /admin/jsi18n/ HTTP/1.1" 200 3342
INFO 2026-03-25 01:22:52,752 basehttp 3792 4992 "GET /admin/sat/english_question/ HTTP/1.1" 200 70526
INFO 2026-03-25 01:22:53,001 basehttp 3792 4992 "GET /admin/jsi18n/ HTTP/1.1" 200 3342
INFO 2026-03-25 01:22:54,667 basehttp 3792 4992 "GET /admin/sat/english_question/add/ HTTP/1.1" 200 39645
INFO 2026-03-25 01:22:54,903 basehttp 3792 4992 "GET /admin/jsi18n/ HTTP/1.1" 200 3342
INFO 2026-03-25 01:23:27,316 basehttp 3792 4992 "POST /admin/sat/english_question/add/ HTTP/1.1" 302 0
INFO 2026-03-25 01:23:27,807 basehttp 3792 4992 "GET /admin/sat/english_question/ HTTP/1.1" 200 70784
INFO 2026-03-25 01:23:28,038 basehttp 3792 4992 "GET /admin/jsi18n/ HTTP/1.1" 200 3342
INFO 2026-03-25 01:23:36,054 basehttp 3792 4992 "GET /admin/sat/test/ HTTP/1.1" 200 61357
INFO 2026-03-25 01:23:36,378 basehttp 3792 4992 "GET /admin/jsi18n/ HTTP/1.1" 200 3342
INFO 2026-03-25 01:23:37,637 basehttp 3792 4992 "GET /admin/sat/test/SAT_5FOLYMPIAD(29.03)/change/ HTTP/1.1" 200 25319
INFO 2026-03-25 01:23:37,860 basehttp 3792 4992 "GET /admin/jsi18n/ HTTP/1.1" 200 3342
INFO 2026-03-25 01:23:41,356 basehttp 3792 4992 "GET /admin/sat/test/ HTTP/1.1" 200 61357
INFO 2026-03-25 01:23:51,960 basehttp 3792 4992 "GET /admin/sat/testmodule/ HTTP/1.1" 200 65070
INFO 2026-03-25 01:23:52,184 basehttp 3792 4992 "GET /admin/jsi18n/ HTTP/1.1" 200 3342
INFO 2026-03-25 01:23:55,331 basehttp 3792 4992 "GET /admin/sat/testmodule/2297/change/ HTTP/1.1" 200 36107
INFO 2026-03-25 01:23:55,545 basehttp 3792 4992 "GET /admin/jsi18n/ HTTP/1.1" 200 3342
INFO 2026-03-25 01:23:58,025 basehttp 3792 4992 "GET /admin/sat/testmodule/ HTTP/1.1" 200 65070
INFO 2026-03-25 01:24:01,466 basehttp 3792 4992 "GET /admin/sat/testmodule/2297/change/ HTTP/1.1" 200 36107
INFO 2026-03-25 01:24:01,701 basehttp 3792 4992 "GET /admin/jsi18n/ HTTP/1.1" 200 3342
INFO 2026-03-25 01:24:04,803 basehttp 3792 4992 "GET /admin/sat/testmodule/ HTTP/1.1" 200 65070
INFO 2026-03-25 01:24:06,232 basehttp 3792 4992 "GET /admin/sat/testmodule/2298/change/ HTTP/1.1" 200 36107
INFO 2026-03-25 01:24:06,476 basehttp 3792 4992 "GET /admin/jsi18n/ HTTP/1.1" 200 3342
INFO 2026-03-25 01:24:09,704 basehttp 3792 4992 "GET /admin/sat/testmodule/ HTTP/1.1" 200 65070
INFO 2026-03-25 01:24:19,281 basehttp 3792 4992 "GET /admin/sat/english_question/ HTTP/1.1" 200 70526
INFO 2026-03-25 01:24:19,601 basehttp 3792 4992 "GET /admin/jsi18n/ HTTP/1.1" 200 3342
INFO 2026-03-25 01:24:24,293 basehttp 3792 4992 "GET /admin/sat/english_question/?q=Sat HTTP/1.1" 200 74811
INFO 2026-03-25 01:24:24,533 basehttp 3792 4992 "GET /admin/jsi18n/ HTTP/1.1" 200 3342
INFO 2026-03-25 01:24:33,404 basehttp 3792 4992 "GET /admin/sat/english_question/?q=SAT_O HTTP/1.1" 200 37822
INFO 2026-03-25 01:24:33,641 basehttp 3792 4992 "GET /admin/jsi18n/ HTTP/1.1" 200 3342
INFO 2026-03-25 01:24:34,987 basehttp 3792 4992 "GET /admin/sat/english_question/3209/change/?_changelist_filters=q%3DSAT_O HTTP/1.1" 200 40219
INFO 2026-03-25 01:24:35,323 basehttp 3792 4992 "GET /admin/jsi18n/ HTTP/1.1" 200 3342
INFO 2026-03-25 01:24:57,143 basehttp 3792 4992 "POST /admin/sat/english_question/3209/change/?_changelist_filters=q%3DSAT_O HTTP/1.1" 302 0
INFO 2026-03-25 01:24:57,484 basehttp 3792 4992 "GET /admin/sat/english_question/?q=SAT_O HTTP/1.1" 200 38091
INFO 2026-03-25 01:24:57,764 basehttp 3792 4992 "GET /admin/jsi18n/ HTTP/1.1" 200 3342
INFO 2026-03-25 01:25:06,064 basehttp 3792 4992 "GET /admin/sat/test/ HTTP/1.1" 200 61357
INFO 2026-03-25 01:25:06,303 basehttp 3792 4992 "GET /admin/jsi18n/ HTTP/1.1" 200 3342
INFO 2026-03-25 01:25:07,787 basehttp 3792 4992 "GET /admin/sat/test/SAT_5FOLYMPIAD(29.03)/change/ HTTP/1.1" 200 25319
INFO 2026-03-25 01:25:08,027 basehttp 3792 4992 "GET /admin/jsi18n/ HTTP/1.1" 200 3342
INFO 2026-03-25 01:25:16,295 basehttp 3792 4992 "GET /admin/sat/globalevent/ HTTP/1.1" 200 26493
INFO 2026-03-25 01:25:16,513 basehttp 3792 4992 "GET /admin/jsi18n/ HTTP/1.1" 200 3342
INFO 2026-03-25 01:25:17,774 basehttp 3792 4992 "GET /admin/sat/globalevent/1/change/ HTTP/1.1" 200 33785
INFO 2026-03-25 01:25:17,886 basehttp 3792 11840 "GET /static/admin/css/vendor/select2/select2.css HTTP/1.1" 200 17358
INFO 2026-03-25 01:25:17,888 basehttp 3792 2796 "GET /static/admin/css/autocomplete.css HTTP/1.1" 200 9185
INFO 2026-03-25 01:25:17,893 basehttp 3792 7288 "GET /static/admin/js/autocomplete.js HTTP/1.1" 200 1060
INFO 2026-03-25 01:25:17,896 basehttp 3792 780 "GET /static/admin/js/vendor/select2/i18n/en.js HTTP/1.1" 200 844
INFO 2026-03-25 01:25:17,903 basehttp 3792 6876 "GET /static/admin/js/vendor/select2/select2.full.js HTTP/1.1" 200 173566
INFO 2026-03-25 01:25:18,024 basehttp 3792 4992 "GET /admin/jsi18n/ HTTP/1.1" 200 3342
INFO 2026-03-25 01:25:20,539 basehttp 3792 4992 "GET /admin/autocomplete/?app_label=sat&model_name=globalevent&field_name=test HTTP/1.1" 200 757
INFO 2026-03-25 01:25:23,764 basehttp 3792 4992 "POST /admin/sat/globalevent/1/change/ HTTP/1.1" 302 0
INFO 2026-03-25 01:25:23,940 basehttp 3792 4992 "GET /admin/sat/globalevent/ HTTP/1.1" 200 26721
INFO 2026-03-25 01:25:24,282 basehttp 3792 4992 "GET /admin/jsi18n/ HTTP/1.1" 200 3342
INFO 2026-03-25 01:25:27,503 basehttp 3792 16704 "GET /sat/global-events/ HTTP/1.1" 200 2574
INFO 2026-03-25 01:25:29,260 basehttp 3792 16704 "GET /sat/global-events/Sat_Olympiad/ HTTP/1.1" 200 1822
INFO 2026-03-25 01:25:31,570 basehttp 3792 16704 "GET /sat/global-events/attempt/8e1e5869-581c-4bf4-928c-a5848c2a0b93/result/ HTTP/1.1" 200 1451
INFO 2026-03-25 01:25:33,687 basehttp 3792 16704 "GET /sat/global-events/ HTTP/1.1" 200 2574
INFO 2026-03-25 01:25:34,801 basehttp 3792 16704 "GET /sat/guest/logout/ HTTP/1.1" 302 0
INFO 2026-03-25 01:25:34,816 basehttp 3792 16704 "GET /sat/guest/ HTTP/1.1" 200 2217
INFO 2026-03-25 01:25:37,658 basehttp 3792 16704 "GET /login/ HTTP/1.1" 200 3604
INFO 2026-03-25 01:26:28,571 basehttp 3792 16704 "GET /login/ HTTP/1.1" 200 3275
INFO 2026-03-25 01:26:41,501 basehttp 3792 16704 "GET /login/ HTTP/1.1" 200 3283
INFO 2026-03-25 01:26:53,690 basehttp 3792 16704 "GET /login/ HTTP/1.1" 200 3281
INFO 2026-03-25 01:27:01,450 basehttp 3792 16704 "GET /login/ HTTP/1.1" 200 3237
INFO 2026-03-25 01:27:06,489 basehttp 3792 16704 "GET /login/ HTTP/1.1" 200 3120
INFO 2026-03-25 01:27:16,114 basehttp 3792 16704 "GET /login/ HTTP/1.1" 200 3097
INFO 2026-03-25 01:27:18,220 basehttp 3792 16704 "GET /login/ HTTP/1.1" 200 3097
INFO 2026-03-25 01:27:24,287 basehttp 3792 16704 "GET /login/ HTTP/1.1" 200 3097
INFO 2026-03-25 01:27:36,447 basehttp 3792 16704 "GET /login/ HTTP/1.1" 200 3032
INFO 2026-03-25 01:28:12,965 basehttp 3792 16704 "GET /login/ HTTP/1.1" 200 2930
INFO 2026-03-25 01:28:19,441 basehttp 3792 16704 "GET /register HTTP/1.1" 301 0
INFO 2026-03-25 01:28:19,575 basehttp 3792 18104 "GET /register/ HTTP/1.1" 200 3321
INFO 2026-03-25 01:28:28,953 basehttp 3792 18104 "GET /login/ HTTP/1.1" 200 2930
INFO 2026-03-25 01:28:32,132 basehttp 3792 18104 "GET /register/ HTTP/1.1" 200 3321
INFO 2026-03-25 01:28:47,164 basehttp 3792 18104 "POST /register/ HTTP/1.1" 302 0
INFO 2026-03-25 01:28:47,281 basehttp 3792 18104 "GET /login/ HTTP/1.1" 200 2930
INFO 2026-03-25 01:28:53,849 basehttp 3792 18104 "POST /login/ HTTP/1.1" 302 0
INFO 2026-03-25 01:28:54,142 basehttp 3792 18104 "GET /sat/ HTTP/1.1" 200 6189
INFO 2026-03-25 01:28:54,220 basehttp 3792 3024 "GET /static/assets/vendor/glightbox/css/glightbox.min.css HTTP/1.1" 200 13749
INFO 2026-03-25 01:28:54,223 basehttp 3792 9000 "GET /static/assets/vendor/swiper/swiper-bundle.min.css HTTP/1.1" 200 18432
INFO 2026-03-25 01:28:54,224 basehttp 3792 9872 "GET /static/assets/vendor/aos/aos.css HTTP/1.1" 200 28765
INFO 2026-03-25 01:28:54,224 basehttp 3792 18104 "GET /static/font-awesome-4.7.0/css/font-awesome.min.css HTTP/1.1" 200 31000
INFO 2026-03-25 01:28:54,238 basehttp 3792 16992 "GET /static/assets/vendor/bootstrap-icons/bootstrap-icons.css HTTP/1.1" 200 98255
INFO 2026-03-25 01:28:54,239 basehttp 3792 9000 "GET /static/assets/vendor/aos/aos.js HTTP/1.1" 200 13800
INFO 2026-03-25 01:28:54,239 basehttp 3792 9872 "GET /static/assets/css/main.css HTTP/1.1" 200 50430
INFO 2026-03-25 01:28:54,253 basehttp 3792 18104 "GET /static/assets/vendor/bootstrap/js/bootstrap.bundle.min.js HTTP/1.1" 200 80721
INFO 2026-03-25 01:28:54,253 basehttp 3792 1296 "GET /static/assets/vendor/bootstrap/css/bootstrap.min.css HTTP/1.1" 200 232803
INFO 2026-03-25 01:28:54,258 basehttp 3792 3024 "GET /static/assets/img/icons/SAT%20MAKON%20logo%203.png HTTP/1.1" 200 66505
INFO 2026-03-25 01:28:54,268 basehttp 3792 9872 "GET /static/assets/vendor/purecounter/purecounter_vanilla.js HTTP/1.1" 200 5417
INFO 2026-03-25 01:28:54,273 basehttp 3792 18104 "GET /static/assets/vendor/php-email-form/validate.js HTTP/1.1" 200 2734
INFO 2026-03-25 01:28:54,273 basehttp 3792 16992 "GET /static/assets/vendor/glightbox/js/glightbox.min.js HTTP/1.1" 200 56300
INFO 2026-03-25 01:28:54,273 basehttp 3792 1296 "GET /static/assets/vendor/isotope-layout/isotope.pkgd.min.js HTTP/1.1" 200 35445
INFO 2026-03-25 01:28:54,273 basehttp 3792 3024 "GET /static/assets/js/main.js HTTP/1.1" 200 7526
INFO 2026-03-25 01:28:54,279 basehttp 3792 9000 "GET /static/assets/vendor/swiper/swiper-bundle.min.js HTTP/1.1" 200 149982
INFO 2026-03-25 01:29:02,761 basehttp 3792 9000 "GET /static/font-awesome-4.7.0/fonts/fontawesome-webfont.woff2?v=4.7.0 HTTP/1.1" 200 77160
INFO 2026-03-25 01:29:02,770 basehttp 3792 3024 "GET /static/assets/vendor/bootstrap-icons/fonts/bootstrap-icons.woff2?dd67030699838ea613ee6dbda90effa6 HTTP/1.1" 200 130396
ERROR 2026-03-25 01:29:36,649 basehttp 3792 3024 "GET /login/ HTTP/1.1" 500 97633
ERROR 2026-03-25 01:29:38,599 basehttp 3792 3024 "GET /register/ HTTP/1.1" 500 97391
INFO 2026-03-25 01:29:44,455 basehttp 3792 11060 "GET / HTTP/1.1" 302 0
INFO 2026-03-25 01:29:44,575 basehttp 3792 11060 "GET /login/?next=/ HTTP/1.1" 200 2917
INFO 2026-03-25 01:29:44,630 basehttp 3792 11060 "GET /static/assets/css/makon-style.css HTTP/1.1" 200 2986
INFO 2026-03-25 01:29:44,639 basehttp 3792 17260 "GET /static/assets/js/login-main.js HTTP/1.1" 200 517
INFO 2026-03-25 01:29:44,643 basehttp 3792 11516 "GET /static/assets/img/icons/white-icon-nobg.png HTTP/1.1" 200 84649
INFO 2026-03-25 01:29:44,720 basehttp 3792 11516 "GET /static/assets/img/icons/original-icon-nobg.png HTTP/1.1" 200 91518
INFO 2026-03-25 01:29:52,947 autoreload 12124 11488 Watching for file changes with StatReloader
INFO 2026-03-25 01:29:53,692 basehttp 12124 9244 "GET /login/?next=/ HTTP/1.1" 200 2917
INFO 2026-03-25 01:30:11,797 basehttp 12124 9244 "GET /login/?next=/ HTTP/1.1" 200 2864
INFO 2026-03-25 01:30:21,650 basehttp 12124 9244 "GET /login/?next=/ HTTP/1.1" 200 2690
INFO 2026-03-25 01:30:35,094 basehttp 12124 9244 "GET /login/?next=/ HTTP/1.1" 200 2666
INFO 2026-03-25 01:30:52,057 basehttp 12124 9244 "GET /register HTTP/1.1" 301 0
INFO 2026-03-25 01:30:52,061 basehttp 12124 1620 "GET /register/ HTTP/1.1" 200 3321
INFO 2026-03-25 01:31:04,362 basehttp 12124 1620 "GET /register/ HTTP/1.1" 200 3296
INFO 2026-03-25 01:31:06,105 basehttp 12124 1620 "GET /login/ HTTP/1.1" 200 2666
INFO 2026-03-25 01:31:55,436 basehttp 12124 1620 "GET /login/ HTTP/1.1" 200 3273
INFO 2026-03-25 01:32:10,675 basehttp 12124 1620 "GET /login/ HTTP/1.1" 200 3183
INFO 2026-03-25 01:32:17,578 basehttp 12124 1620 "GET /login/ HTTP/1.1" 200 3140
INFO 2026-03-25 01:32:30,801 basehttp 12124 1620 "GET /login/ HTTP/1.1" 200 3133
INFO 2026-03-25 01:32:55,862 basehttp 12124 1620 "GET /login/ HTTP/1.1" 200 3109
INFO 2026-03-25 01:33:03,598 basehttp 12124 1620 "GET /login/ HTTP/1.1" 200 3109
INFO 2026-03-25 01:33:17,538 basehttp 12124 1620 "GET /login/ HTTP/1.1" 200 3183
INFO 2026-03-25 01:33:44,591 basehttp 12124 1620 "GET /login/ HTTP/1.1" 200 3156
INFO 2026-03-25 01:34:00,614 basehttp 12124 1620 "GET /login/ HTTP/1.1" 200 3190
INFO 2026-03-25 01:34:32,062 basehttp 12124 1620 "GET /login/ HTTP/1.1" 200 3183
INFO 2026-03-25 01:34:37,333 basehttp 12124 1620 "GET /login/ HTTP/1.1" 200 3156
INFO 2026-03-25 01:34:54,663 basehttp 12124 1620 "GET /login/ HTTP/1.1" 200 3183
INFO 2026-03-25 01:35:11,721 basehttp 12124 1620 "GET /login/ HTTP/1.1" 200 3211
INFO 2026-03-25 01:35:23,789 basehttp 12124 1620 "GET /login/ HTTP/1.1" 200 3215
INFO 2026-03-25 01:35:39,515 basehttp 12124 1620 "GET /login/ HTTP/1.1" 200 3160
INFO 2026-03-25 01:35:51,372 basehttp 12124 1620 "GET /login/ HTTP/1.1" 200 3135
INFO 2026-03-25 01:36:11,585 basehttp 12124 1620 "GET /login/ HTTP/1.1" 200 3110
INFO 2026-03-25 01:36:12,366 basehttp 12124 1620 "GET /login/ HTTP/1.1" 200 3110
INFO 2026-03-25 01:36:35,835 basehttp 12124 1620 "GET /login/ HTTP/1.1" 200 3160
INFO 2026-03-25 01:36:37,062 basehttp 12124 1620 "GET /login/ HTTP/1.1" 200 3160
INFO 2026-03-25 01:36:37,765 basehttp 12124 1620 "GET /login/ HTTP/1.1" 200 3160
INFO 2026-03-25 01:38:12,978 basehttp 12124 1620 "GET /login/ HTTP/1.1" 200 3154
INFO 2026-03-25 01:38:26,661 basehttp 12124 1620 "GET /login/ HTTP/1.1" 200 3154
INFO 2026-03-25 01:38:50,236 basehttp 12124 1620 "GET /login/ HTTP/1.1" 200 3111
INFO 2026-03-25 01:38:57,592 basehttp 12124 1620 "GET /login/ HTTP/1.1" 200 3084
INFO 2026-03-25 01:39:05,674 basehttp 12124 1620 "GET /login/ HTTP/1.1" 200 3055
INFO 2026-03-25 01:39:07,109 basehttp 12124 1620 "GET /login/ HTTP/1.1" 200 3055
INFO 2026-03-25 01:39:15,620 basehttp 12124 1620 "GET /login/ HTTP/1.1" 200 3055
INFO 2026-03-25 01:39:16,575 basehttp 12124 1620 "GET /login/ HTTP/1.1" 200 3055
INFO 2026-03-25 01:39:21,768 basehttp 12124 1620 "GET /login/ HTTP/1.1" 200 3056
INFO 2026-03-25 01:39:26,293 basehttp 12124 1620 "GET /login/ HTTP/1.1" 200 3055
INFO 2026-03-25 01:39:39,078 basehttp 12124 1620 "GET /login/ HTTP/1.1" 200 3013
INFO 2026-03-25 01:40:03,042 basehttp 12124 1620 "GET /login/ HTTP/1.1" 200 2999
INFO 2026-03-25 01:40:24,330 basehttp 12124 1620 "GET /login/ HTTP/1.1" 200 3001
INFO 2026-03-25 01:40:40,227 basehttp 12124 1620 "GET /login/ HTTP/1.1" 200 3034
INFO 2026-03-25 01:40:45,996 basehttp 12124 1620 "GET /login/ HTTP/1.1" 200 3011
INFO 2026-03-25 01:40:56,700 basehttp 12124 1620 "GET /login/ HTTP/1.1" 200 3035
INFO 2026-03-25 01:40:57,375 basehttp 12124 1620 "GET /login/ HTTP/1.1" 200 3035
INFO 2026-03-25 01:41:25,222 basehttp 12124 1620 "GET /login/ HTTP/1.1" 200 3079
INFO 2026-03-25 01:41:38,663 basehttp 12124 1620 "GET /login/ HTTP/1.1" 200 3074
INFO 2026-03-25 01:41:47,478 basehttp 12124 1620 "GET /login/ HTTP/1.1" 200 3083
INFO 2026-03-25 01:41:52,373 basehttp 12124 1620 "GET /login/ HTTP/1.1" 200 3084
INFO 2026-03-25 01:41:59,698 basehttp 12124 1620 "GET /login/ HTTP/1.1" 200 3083
INFO 2026-03-25 01:42:03,643 basehttp 12124 1620 "GET /login/ HTTP/1.1" 200 3083
INFO 2026-03-25 01:42:11,227 basehttp 12124 1620 "GET /login/ HTTP/1.1" 200 3085
INFO 2026-03-25 01:42:11,964 basehttp 12124 1620 "GET /login/ HTTP/1.1" 200 3085
INFO 2026-03-25 01:42:16,272 basehttp 12124 1620 "GET /login/ HTTP/1.1" 200 3084
INFO 2026-03-25 01:42:33,272 basehttp 12124 1620 "GET /login/ HTTP/1.1" 200 3090
INFO 2026-03-25 01:42:42,288 basehttp 12124 1620 "GET /login/ HTTP/1.1" 200 3088
INFO 2026-03-25 01:42:51,728 basehttp 12124 1620 "GET /login/ HTTP/1.1" 200 3089
INFO 2026-03-25 01:42:56,954 basehttp 12124 1620 "GET /login/ HTTP/1.1" 200 3089
INFO 2026-03-25 01:43:01,282 basehttp 12124 1620 "GET /login/ HTTP/1.1" 200 3089
INFO 2026-03-25 01:43:06,944 basehttp 12124 1620 "GET /login/ HTTP/1.1" 200 3088
INFO 2026-03-25 01:43:14,792 basehttp 12124 1620 "GET /login/ HTTP/1.1" 200 3088
INFO 2026-03-25 01:43:23,133 basehttp 12124 1620 "GET /login/ HTTP/1.1" 200 3094
INFO 2026-03-25 01:43:33,015 basehttp 12124 1620 "GET /login/ HTTP/1.1" 200 3100
INFO 2026-03-25 01:43:33,675 basehttp 12124 1620 "GET /login/ HTTP/1.1" 200 3100
INFO 2026-03-25 01:43:33,874 basehttp 12124 1620 "GET /login/ HTTP/1.1" 200 3100
INFO 2026-03-25 01:43:40,578 basehttp 12124 1620 "GET /login/ HTTP/1.1" 200 3103
INFO 2026-03-25 01:43:41,211 basehttp 12124 1620 "GET /login/ HTTP/1.1" 200 3103
INFO 2026-03-25 01:44:00,887 basehttp 12124 1620 "GET /login/ HTTP/1.1" 200 3086
INFO 2026-03-25 01:44:14,435 basehttp 12124 1620 "GET /login/ HTTP/1.1" 200 3086
INFO 2026-03-25 01:44:19,273 basehttp 12124 1620 "GET /login/ HTTP/1.1" 200 3086
INFO 2026-03-25 01:44:31,286 basehttp 12124 1620 "GET /login/ HTTP/1.1" 200 3055
INFO 2026-03-25 01:44:53,319 basehttp 12124 1620 "GET /login/ HTTP/1.1" 200 3057
INFO 2026-03-25 01:45:07,532 basehttp 12124 1620 "GET /login/ HTTP/1.1" 200 3058
INFO 2026-03-25 01:45:33,285 basehttp 12124 1620 "GET /login/ HTTP/1.1" 200 3068
INFO 2026-03-25 01:45:37,821 basehttp 12124 1620 "GET /login/ HTTP/1.1" 200 3058
INFO 2026-03-25 01:46:12,707 basehttp 12124 1620 "GET /login/ HTTP/1.1" 200 3057
INFO 2026-03-25 01:46:25,300 basehttp 12124 1620 "GET /login/ HTTP/1.1" 200 3057
INFO 2026-03-25 01:46:31,604 basehttp 12124 1620 "GET /login/ HTTP/1.1" 200 3057
INFO 2026-03-25 01:46:36,738 basehttp 12124 1620 "GET /login/ HTTP/1.1" 200 3057
WARNING 2026-03-25 01:46:48,723 basehttp 12124 1620 "GET /.well-known/appspecific/com.chrome.devtools.json HTTP/1.1" 404 4624
INFO 2026-03-25 01:47:01,169 basehttp 12124 1620 "GET / HTTP/1.1" 302 0
INFO 2026-03-25 01:47:01,181 basehttp 12124 1620 "GET /login/?next=/ HTTP/1.1" 200 3057
INFO 2026-03-25 01:47:04,335 basehttp 12124 1620 "GET //static/assets/js/login-main.js HTTP/1.1" 200 517
INFO 2026-03-25 01:47:45,149 basehttp 12124 1620 "GET /login/ HTTP/1.1" 200 3059
WARNING 2026-03-25 01:47:45,227 basehttp 12124 1620 "GET /.well-known/appspecific/com.chrome.devtools.json HTTP/1.1" 404 4624
INFO 2026-03-25 01:47:45,238 basehttp 12124 1620 "GET /static/assets/js/login-main.js HTTP/1.1" 200 517
INFO 2026-03-25 01:47:45,240 basehttp 12124 8200 "GET /static/assets/css/makon-style.css HTTP/1.1" 200 2986
INFO 2026-03-25 01:47:45,243 basehttp 12124 17700 "GET /static/assets/img/icons/white-icon-nobg.png HTTP/1.1" 200 84649
INFO 2026-03-25 01:48:04,794 basehttp 12124 17700 "GET /login/ HTTP/1.1" 200 3058
INFO 2026-03-25 01:48:07,691 basehttp 12124 17700 "GET /register/ HTTP/1.1" 200 3296
INFO 2026-03-25 01:48:10,441 basehttp 12124 17700 "GET /login/ HTTP/1.1" 200 3058
INFO 2026-03-25 01:48:44,743 basehttp 12124 17700 "GET /login/ HTTP/1.1" 200 3058
INFO 2026-03-25 01:48:47,256 basehttp 12124 17700 "GET /register/ HTTP/1.1" 200 3324
INFO 2026-03-25 01:48:53,134 basehttp 12124 17700 "GET /register/ HTTP/1.1" 200 3324
INFO 2026-03-25 01:49:12,303 basehttp 12124 17700 "GET /register/ HTTP/1.1" 200 3328
INFO 2026-03-25 01:49:21,780 basehttp 12124 17700 "GET /register/ HTTP/1.1" 200 3321
INFO 2026-03-25 01:49:28,044 basehttp 12124 17700 "GET /login/ HTTP/1.1" 200 3058
INFO 2026-03-25 01:49:46,488 basehttp 12124 17700 "GET /login/ HTTP/1.1" 200 3054
INFO 2026-03-25 01:49:47,748 basehttp 12124 17700 "GET /register/ HTTP/1.1" 200 3321
INFO 2026-03-25 01:49:53,018 basehttp 12124 17700 "GET /login/ HTTP/1.1" 200 3054
INFO 2026-03-25 01:49:54,303 basehttp 12124 17700 "GET /sat/guest/ HTTP/1.1" 200 2217
INFO 2026-03-25 01:49:59,829 basehttp 12124 17700 "POST /sat/guest/ HTTP/1.1" 302 0
INFO 2026-03-25 01:50:00,051 basehttp 12124 17700 "GET /sat/global-events/ HTTP/1.1" 200 2574
INFO 2026-03-25 01:50:01,590 basehttp 12124 17700 "GET /sat/global-events/Sat_Olympiad/ HTTP/1.1" 200 2375
INFO 2026-03-25 01:50:07,976 basehttp 12124 17700 "POST /sat/global-events/Sat_Olympiad/start/ HTTP/1.1" 302 0
INFO 2026-03-25 01:50:08,128 basehttp 12124 17700 "GET /sat/global-events/attempt/6a0e1ba2-ef8f-45ff-94ca-1de4dea3b917/ HTTP/1.1" 200 1947
INFO 2026-03-25 01:50:12,153 basehttp 12124 17700 "POST /sat/global-events/attempt/6a0e1ba2-ef8f-45ff-94ca-1de4dea3b917/submit/ HTTP/1.1" 302 0
INFO 2026-03-25 01:50:12,350 basehttp 12124 17700 "GET /sat/global-events/attempt/6a0e1ba2-ef8f-45ff-94ca-1de4dea3b917/result/ HTTP/1.1" 200 1450
INFO 2026-03-25 01:50:16,184 basehttp 12124 17700 "GET /sat/global-events/ HTTP/1.1" 200 2574
INFO 2026-03-25 01:50:16,902 basehttp 12124 17700 "GET /sat/global-events/Sat_Olympiad/ HTTP/1.1" 200 1822
INFO 2026-03-25 01:50:18,645 basehttp 12124 17700 "GET /sat/global-events/attempt/6a0e1ba2-ef8f-45ff-94ca-1de4dea3b917/result/ HTTP/1.1" 200 1450
INFO 2026-03-25 01:50:19,858 basehttp 12124 17700 "GET /sat/global-events/Sat_Olympiad/leaderboard/ HTTP/1.1" 200 1708
INFO 2026-03-25 01:50:25,116 basehttp 12124 17700 "GET /sat/global-events/Sat_Olympiad/ HTTP/1.1" 200 1822
INFO 2026-03-25 01:50:26,068 basehttp 12124 17700 "GET /sat/global-events/ HTTP/1.1" 200 2574
INFO 2026-03-25 01:50:29,962 basehttp 12124 17700 "GET /sat/guest/logout/ HTTP/1.1" 302 0
INFO 2026-03-25 01:50:29,979 basehttp 12124 17700 "GET /sat/guest/ HTTP/1.1" 200 2217
INFO 2026-03-25 01:52:02,472 autoreload 12124 11488 C:\Users\turgu\OneDrive\Desktop\makonbook-master\makonbook-master\apps\sat\models.py changed, reloading.
INFO 2026-03-25 01:52:05,954 autoreload 17396 10196 Watching for file changes with StatReloader
INFO 2026-03-25 01:52:14,651 autoreload 3128 10828 Watching for file changes with StatReloader
INFO 2026-03-25 01:52:34,765 autoreload 3128 10828 C:\Users\turgu\OneDrive\Desktop\makonbook-master\makonbook-master\apps\sat\models.py changed, reloading.
INFO 2026-03-25 01:52:42,022 autoreload 5332 16572 Watching for file changes with StatReloader
INFO 2026-03-25 01:54:59,176 basehttp 5332 14832 "GET /admin/ HTTP/1.1" 200 31020
INFO 2026-03-25 02:03:40,567 autoreload 5332 16572 C:\Users\turgu\OneDrive\Desktop\makonbook-master\makonbook-master\apps\sat\guest_views.py changed, reloading.
INFO 2026-03-25 02:03:43,859 autoreload 9272 7436 Watching for file changes with StatReloader
INFO 2026-03-25 02:06:27,765 autoreload 9272 7436 C:\Users\turgu\OneDrive\Desktop\makonbook-master\makonbook-master\apps\sat\guest_views.py changed, reloading.
INFO 2026-03-25 02:06:30,324 autoreload 9808 19000 Watching for file changes with StatReloader
INFO 2026-03-25 02:25:06,058 autoreload 20232 6760 Watching for file changes with StatReloader
INFO 2026-03-25 02:25:20,411 basehttp 20232 21644 "GET /admin/ HTTP/1.1" 200 31020
INFO 2026-03-25 02:25:23,753 basehttp 20232 11028 "GET /sat/guest/ HTTP/1.1" 200 2217
INFO 2026-03-25 02:25:25,709 basehttp 20232 11028 "GET /login/ HTTP/1.1" 200 3054
INFO 2026-03-25 02:25:27,031 basehttp 20232 11028 "GET /register/ HTTP/1.1" 200 3321
INFO 2026-03-25 02:25:28,101 basehttp 20232 11028 "GET /login/ HTTP/1.1" 200 3054
INFO 2026-03-25 02:25:28,916 basehttp 20232 11028 "GET /sat/guest/ HTTP/1.1" 200 2217
INFO 2026-03-25 02:26:38,714 basehttp 20232 11028 "GET /sat/guest/ HTTP/1.1" 200 2242
INFO 2026-03-25 02:26:44,501 basehttp 20232 11028 "GET /sat/guest/ HTTP/1.1" 200 2240
INFO 2026-03-25 02:26:49,520 basehttp 20232 11028 "GET /sat/guest/ HTTP/1.1" 200 2242
INFO 2026-03-25 02:27:22,965 basehttp 20232 11028 "GET /sat/guest/ HTTP/1.1" 200 2304
INFO 2026-03-25 02:27:31,746 basehttp 20232 11028 "GET /login/ HTTP/1.1" 200 3054
INFO 2026-03-25 02:27:33,682 basehttp 20232 11028 "GET /sat/guest/ HTTP/1.1" 200 2304
INFO 2026-03-25 02:27:37,896 basehttp 20232 11028 "GET /sat/guest/ HTTP/1.1" 200 2302
INFO 2026-03-25 02:27:40,711 basehttp 20232 11028 "GET /login/ HTTP/1.1" 200 3054
INFO 2026-03-25 02:27:51,637 basehttp 20232 11028 "GET /login/ HTTP/1.1" 200 3054
INFO 2026-03-25 02:27:53,412 basehttp 20232 11028 "GET /login/ HTTP/1.1" 200 3054
INFO 2026-03-25 02:28:03,929 basehttp 20232 11028 "GET /login/ HTTP/1.1" 200 3054
INFO 2026-03-25 02:29:15,381 basehttp 20232 11028 "GET /login/ HTTP/1.1" 200 3054
INFO 2026-03-25 02:29:16,673 basehttp 20232 11028 "GET /login/ HTTP/1.1" 200 3054
INFO 2026-03-25 02:29:21,425 basehttp 20232 11028 "GET /login/ HTTP/1.1" 200 3054
INFO 2026-03-25 02:29:22,311 basehttp 20232 11028 "GET /login/ HTTP/1.1" 200 3054
INFO 2026-03-25 02:29:31,966 basehttp 20232 11028 "GET /login/ HTTP/1.1" 200 3054
INFO 2026-03-25 02:29:33,141 basehttp 20232 11028 "GET /login/ HTTP/1.1" 200 3054
INFO 2026-03-25 02:29:49,988 basehttp 20232 11028 "GET /login/ HTTP/1.1" 200 3054
INFO 2026-03-25 02:29:50,809 basehttp 20232 11028 "GET /login/ HTTP/1.1" 200 3054
INFO 2026-03-25 02:29:55,527 basehttp 20232 11028 "GET /login/ HTTP/1.1" 200 3054
INFO 2026-03-25 02:30:07,255 basehttp 20232 11028 "GET /login/ HTTP/1.1" 200 3008
INFO 2026-03-25 02:30:16,313 basehttp 20232 11028 "GET /login/ HTTP/1.1" 200 3008
INFO 2026-03-25 02:30:17,364 basehttp 20232 11028 "GET /login/ HTTP/1.1" 200 3008
INFO 2026-03-25 02:30:22,571 basehttp 20232 11028 "GET /login/ HTTP/1.1" 200 3008
INFO 2026-03-25 02:30:23,422 basehttp 20232 11028 "GET /login/ HTTP/1.1" 200 3008
WARNING 2026-03-25 02:30:37,980 basehttp 20232 11028 "GET /.well-known/appspecific/com.chrome.devtools.json HTTP/1.1" 404 4624
INFO 2026-03-25 02:30:42,186 basehttp 20232 11028 "GET /software/ HTTP/1.1" 200 2933
WARNING 2026-03-25 02:30:42,262 basehttp 20232 11028 "GET /.well-known/appspecific/com.chrome.devtools.json HTTP/1.1" 404 4624
WARNING 2026-03-25 02:30:45,232 basehttp 20232 1900 "GET /.well-known/appspecific/com.chrome.devtools.json HTTP/1.1" 404 4624
WARNING 2026-03-25 02:30:45,312 basehttp 20232 1900 "GET /.well-known/appspecific/com.chrome.devtools.json HTTP/1.1" 404 4624
INFO 2026-03-25 02:30:45,380 basehttp 20232 11028 "GET /static/assets/img/icons/original-icon-nobg.png HTTP/1.1" 200 91518
INFO 2026-03-25 02:30:46,789 basehttp 20232 11028 "GET /register HTTP/1.1" 301 0
INFO 2026-03-25 02:30:46,921 basehttp 20232 1900 "GET /register/ HTTP/1.1" 200 3321
WARNING 2026-03-25 02:30:46,984 basehttp 20232 1900 "GET /.well-known/appspecific/com.chrome.devtools.json HTTP/1.1" 404 4624
INFO 2026-03-25 02:30:46,991 basehttp 20232 2400 "GET /static/assets/js/login-main.js HTTP/1.1" 200 517
INFO 2026-03-25 02:30:46,995 basehttp 20232 5792 "GET /static/assets/img/icons/white-icon-nobg.png HTTP/1.1" 200 84649
INFO 2026-03-25 02:30:47,014 basehttp 20232 8860 "GET /static/assets/css/makon-style.css HTTP/1.1" 200 2964
INFO 2026-03-25 02:30:48,123 basehttp 20232 8860 "GET /static/assets/img/icons/original-icon-nobg.png HTTP/1.1" 200 91518
WARNING 2026-03-25 02:30:48,271 basehttp 20232 8860 "GET /.well-known/appspecific/com.chrome.devtools.json HTTP/1.1" 404 4624
WARNING 2026-03-25 02:30:48,476 basehttp 20232 8860 "GET /.well-known/appspecific/com.chrome.devtools.json HTTP/1.1" 404 4624
INFO 2026-03-25 02:30:49,043 basehttp 20232 8860 "GET /sat/guest/ HTTP/1.1" 200 2302
INFO 2026-03-25 02:30:49,108 basehttp 20232 8860 "GET /static/assets/css/makon-style.css HTTP/1.1" 200 2964
INFO 2026-03-25 02:30:49,112 basehttp 20232 5792 "GET /static/assets/img/icons/white-icon-nobg.png HTTP/1.1" 200 84649
INFO 2026-03-25 02:30:49,138 basehttp 20232 5792 "GET /static/assets/img/icons/original-icon-nobg.png HTTP/1.1" 200 91518
WARNING 2026-03-25 02:30:49,199 basehttp 20232 5792 "GET /.well-known/appspecific/com.chrome.devtools.json HTTP/1.1" 404 4624
INFO 2026-03-25 02:30:50,624 basehttp 20232 5792 "GET /login/ HTTP/1.1" 200 3008
WARNING 2026-03-25 02:30:50,685 basehttp 20232 5792 "GET /.well-known/appspecific/com.chrome.devtools.json HTTP/1.1" 404 4624
INFO 2026-03-25 02:30:50,706 basehttp 20232 2400 "GET /static/assets/js/login-main.js HTTP/1.1" 200 517
INFO 2026-03-25 02:30:50,709 basehttp 20232 5792 "GET /static/assets/css/makon-style.css HTTP/1.1" 200 2964
INFO 2026-03-25 02:30:50,726 basehttp 20232 8860 "GET /static/assets/img/icons/white-icon-nobg.png HTTP/1.1" 200 84649
INFO 2026-03-25 02:30:53,725 basehttp 20232 8860 "GET /sat/guest/ HTTP/1.1" 200 2302
INFO 2026-03-25 02:30:53,766 basehttp 20232 8860 "GET /static/assets/css/makon-style.css HTTP/1.1" 304 0
INFO 2026-03-25 02:30:54,678 basehttp 20232 8860 "GET /login/ HTTP/1.1" 200 3008
INFO 2026-03-25 02:30:55,806 basehttp 20232 8860 "GET /sat/guest/ HTTP/1.1" 200 2302
INFO 2026-03-25 02:30:56,784 basehttp 20232 8860 "GET /login/ HTTP/1.1" 200 3008
INFO 2026-03-25 02:30:56,826 basehttp 20232 8860 "GET /static/assets/css/makon-style.css HTTP/1.1" 304 0
INFO 2026-03-25 02:30:57,749 basehttp 20232 8860 "GET /register/ HTTP/1.1" 200 3321
INFO 2026-03-25 02:30:59,051 basehttp 20232 8860 "GET /login/ HTTP/1.1" 200 3008
INFO 2026-03-25 02:31:02,799 basehttp 20232 8860 "GET /sat/guest/ HTTP/1.1" 200 2302
INFO 2026-03-25 02:31:02,856 basehttp 20232 8860 "GET /static/assets/css/makon-style.css HTTP/1.1" 304 0
INFO 2026-03-25 02:31:07,136 basehttp 20232 8860 "POST /sat/guest/ HTTP/1.1" 302 0
INFO 2026-03-25 02:31:07,268 basehttp 20232 8860 "GET /sat/global-events/ HTTP/1.1" 200 2572
INFO 2026-03-25 02:31:07,308 basehttp 20232 8860 "GET /static/assets/css/makon-style.css HTTP/1.1" 304 0
INFO 2026-03-25 02:31:08,566 basehttp 20232 8860 "GET /sat/global-events/Sat_Olympiad/ HTTP/1.1" 200 2375
INFO 2026-03-25 02:31:11,039 basehttp 20232 8860 "POST /sat/global-events/Sat_Olympiad/start/ HTTP/1.1" 302 0
INFO 2026-03-25 02:31:11,218 basehttp 20232 8860 "GET /sat/global-events/attempt/5a4c01bf-b334-4728-bcb0-6840542cbdc8/?section=english&module=module_1 HTTP/1.1" 200 22784
INFO 2026-03-25 02:31:11,275 basehttp 20232 2400 "GET /static/assets/css/makon-eng.css HTTP/1.1" 200 8041
INFO 2026-03-25 02:31:11,275 basehttp 20232 8860 "GET /static/font-awesome-4.7.0/css/font-awesome.min.css HTTP/1.1" 200 31000
INFO 2026-03-25 02:31:11,426 basehttp 20232 8860 "GET /static/assets/img/bookmark_empty.png HTTP/1.1" 200 1078
INFO 2026-03-25 02:31:11,428 basehttp 20232 2400 "GET /static/assets/img/crossAbc.png HTTP/1.1" 200 4685
INFO 2026-03-25 02:31:11,442 basehttp 20232 2400 "GET /static/font-awesome-4.7.0/fonts/fontawesome-webfont.woff2?v=4.7.0 HTTP/1.1" 200 77160
INFO 2026-03-25 02:31:35,870 basehttp 20232 2400 "GET /static/assets/img/bookmark_filled.png HTTP/1.1" 200 1180
INFO 2026-03-25 02:31:42,963 basehttp 20232 2400 "GET /sat/global-events/ HTTP/1.1" 200 2572
INFO 2026-03-25 02:31:43,002 basehttp 20232 2400 "GET /static/assets/css/makon-style.css HTTP/1.1" 304 0
INFO 2026-03-25 02:31:45,283 basehttp 20232 2400 "GET /sat/global-events/Sat_Olympiad/ HTTP/1.1" 200 1818
INFO 2026-03-25 02:31:46,305 basehttp 20232 2400 "GET /sat/global-events/attempt/5a4c01bf-b334-4728-bcb0-6840542cbdc8/ HTTP/1.1" 200 22784
INFO 2026-03-25 02:33:01,673 basehttp 20232 2400 "GET /sat/global-events/ HTTP/1.1" 200 2572
INFO 2026-03-25 02:33:01,708 basehttp 20232 2400 "GET /static/assets/css/makon-style.css HTTP/1.1" 304 0
INFO 2026-03-25 02:33:03,107 basehttp 20232 2400 "GET /sat/global-events/Sat_Olympiad/ HTTP/1.1" 200 1818
INFO 2026-03-25 02:33:05,144 basehttp 20232 2400 "GET /sat/global-events/ HTTP/1.1" 200 2572
INFO 2026-03-25 02:33:07,777 basehttp 20232 2400 "GET /sat/global-events/Sat_Olympiad/ HTTP/1.1" 200 1818
INFO 2026-03-25 02:33:10,440 basehttp 20232 2400 "GET /sat/global-events/attempt/5a4c01bf-b334-4728-bcb0-6840542cbdc8/ HTTP/1.1" 200 22784
INFO 2026-03-25 02:33:32,524 basehttp 20232 2240 "GET / HTTP/1.1" 302 0
INFO 2026-03-25 02:33:32,666 basehttp 20232 2240 "GET /sat/ HTTP/1.1" 302 0
INFO 2026-03-25 02:33:32,862 basehttp 20232 2240 "GET /sat/teacher/classrooms/ HTTP/1.1" 200 6385
INFO 2026-03-25 02:33:35,561 basehttp 20232 2240 "GET / HTTP/1.1" 302 0
INFO 2026-03-25 02:33:35,698 basehttp 20232 2240 "GET /sat/ HTTP/1.1" 302 0
INFO 2026-03-25 02:33:35,889 basehttp 20232 2240 "GET /sat/teacher/classrooms/ HTTP/1.1" 200 6385
WARNING 2026-03-25 02:33:43,251 basehttp 20232 2240 "GET /sat/practise HTTP/1.1" 404 22145
INFO 2026-03-25 02:37:36,028 basehttp 20232 2400 "GET /sat/global-events/attempt/5a4c01bf-b334-4728-bcb0-6840542cbdc8/ HTTP/1.1" 200 23033
INFO 2026-03-25 02:37:39,786 basehttp 20232 2400 "POST /sat/global-events/attempt/5a4c01bf-b334-4728-bcb0-6840542cbdc8/save/ HTTP/1.1" 200 12
INFO 2026-03-25 02:37:39,956 basehttp 20232 2400 "GET /sat/global-events/attempt/5a4c01bf-b334-4728-bcb0-6840542cbdc8/result/ HTTP/1.1" 200 1450
INFO 2026-03-25 02:37:39,988 basehttp 20232 2400 "GET /static/assets/css/makon-style.css HTTP/1.1" 304 0
INFO 2026-03-25 02:37:41,787 basehttp 20232 2400 "GET /sat/global-events/Sat_Olympiad/leaderboard/ HTTP/1.1" 200 1894
INFO 2026-03-25 02:38:37,964 basehttp 20232 2400 "GET /sat/global-events/Sat_Olympiad/leaderboard/ HTTP/1.1" 200 1894
INFO 2026-03-25 02:38:38,000 basehttp 20232 2400 "GET /static/assets/css/makon-style.css HTTP/1.1" 304 0
INFO 2026-03-25 02:38:39,176 basehttp 20232 2400 "GET /sat/global-events/Sat_Olympiad/leaderboard/ HTTP/1.1" 200 1894
INFO 2026-03-25 02:43:07,326 autoreload 20232 6760 C:\Users\turgu\OneDrive\Desktop\makonbook-master\makonbook-master\apps\sat\guest_views.py changed, reloading.
INFO 2026-03-25 02:43:10,521 autoreload 10984 21364 Watching for file changes with StatReloader
INFO 2026-03-25 02:43:18,376 autoreload 10984 21364 C:\Users\turgu\OneDrive\Desktop\makonbook-master\makonbook-master\apps\sat\guest_views.py changed, reloading.
INFO 2026-03-25 02:43:20,975 autoreload 13600 19912 Watching for file changes with StatReloader
INFO 2026-03-25 02:44:16,708 autoreload 13600 19912 C:\Users\turgu\OneDrive\Desktop\makonbook-master\makonbook-master\apps\sat\admin.py changed, reloading.
INFO 2026-03-25 02:44:19,413 autoreload 8804 20276 Watching for file changes with StatReloader
INFO 2026-03-25 02:46:52,486 basehttp 8804 5720 "GET /admin/ HTTP/1.1" 200 31020
INFO 2026-03-25 02:46:56,954 basehttp 8804 5720 "GET /admin/sat/globalevent/ HTTP/1.1" 200 28651
INFO 2026-03-25 02:46:57,202 basehttp 8804 5720 "GET /admin/jsi18n/ HTTP/1.1" 200 3342
INFO 2026-03-25 02:46:58,651 basehttp 8804 5720 "GET /admin/sat/globalevent/1/change/ HTTP/1.1" 200 33813
INFO 2026-03-25 02:46:58,926 basehttp 8804 5720 "GET /admin/jsi18n/ HTTP/1.1" 200 3342
INFO 2026-03-25 02:47:10,077 basehttp 8804 5720 "POST /admin/sat/globalevent/1/change/ HTTP/1.1" 302 0
INFO 2026-03-25 02:47:10,273 basehttp 8804 5720 "GET /admin/sat/globalevent/ HTTP/1.1" 200 28865
INFO 2026-03-25 02:47:10,569 basehttp 8804 5720 "GET /admin/jsi18n/ HTTP/1.1" 200 3342
INFO 2026-03-25 02:47:18,971 basehttp 8804 5720 "POST /admin/sat/globalevent/ HTTP/1.1" 302 0
INFO 2026-03-25 02:47:19,153 basehttp 8804 5720 "GET /admin/sat/globalevent/ HTTP/1.1" 200 28789
INFO 2026-03-25 02:47:19,359 basehttp 8804 5720 "GET /admin/jsi18n/ HTTP/1.1" 200 3342
INFO 2026-03-25 02:47:21,721 basehttp 8804 19144 "GET /sat/global-events/Sat_Olympiad/ HTTP/1.1" 200 1822
INFO 2026-03-25 02:47:21,766 basehttp 8804 19144 "GET /static/assets/css/makon-style.css HTTP/1.1" 304 0
INFO 2026-03-25 02:47:22,804 basehttp 8804 19144 "GET /sat/global-events/attempt/5a4c01bf-b334-4728-bcb0-6840542cbdc8/result/ HTTP/1.1" 200 1472
INFO 2026-03-25 02:47:24,257 basehttp 8804 19144 "GET /sat/global-events/Sat_Olympiad/leaderboard/ HTTP/1.1" 200 2011
INFO 2026-03-25 02:47:26,626 basehttp 8804 19144 "GET /sat/global-events/Sat_Olympiad/ HTTP/1.1" 200 1822
INFO 2026-03-25 02:47:30,805 basehttp 8804 5720 "POST /admin/sat/globalevent/ HTTP/1.1" 302 0
INFO 2026-03-25 02:47:31,004 basehttp 8804 5720 "GET /admin/sat/globalevent/ HTTP/1.1" 200 28789
INFO 2026-03-25 02:47:31,197 basehttp 8804 5720 "GET /admin/jsi18n/ HTTP/1.1" 200 3342
INFO 2026-03-25 02:47:33,064 basehttp 8804 19144 "GET /sat/global-events/attempt/5a4c01bf-b334-4728-bcb0-6840542cbdc8/result/ HTTP/1.1" 200 1340
INFO 2026-03-25 02:47:34,019 basehttp 8804 19144 "GET /sat/global-events/ HTTP/1.1" 200 2572
INFO 2026-03-25 02:47:35,076 basehttp 8804 19144 "GET /sat/global-events/Sat_Olympiad/ HTTP/1.1" 200 1822
INFO 2026-03-25 02:47:35,963 basehttp 8804 19144 "GET /sat/global-events/attempt/5a4c01bf-b334-4728-bcb0-6840542cbdc8/result/ HTTP/1.1" 200 1340
INFO 2026-03-25 02:47:42,433 basehttp 8804 19144 "GET /sat/global-events/ HTTP/1.1" 200 2572
INFO 2026-03-25 02:47:46,871 basehttp 8804 5720 "POST /admin/sat/globalevent/ HTTP/1.1" 302 0
INFO 2026-03-25 02:47:47,180 basehttp 8804 5720 "GET /admin/sat/globalevent/ HTTP/1.1" 200 28797
INFO 2026-03-25 02:47:47,423 basehttp 8804 5720 "GET /admin/jsi18n/ HTTP/1.1" 200 3342
INFO 2026-03-25 02:47:48,810 basehttp 8804 19144 "GET /sat/global-events/Sat_Olympiad/ HTTP/1.1" 200 1822
INFO 2026-03-25 02:47:49,587 basehttp 8804 19144 "GET /sat/global-events/attempt/5a4c01bf-b334-4728-bcb0-6840542cbdc8/result/ HTTP/1.1" 200 1450
INFO 2026-03-25 02:47:50,424 basehttp 8804 19144 "GET /sat/global-events/Sat_Olympiad/leaderboard/ HTTP/1.1" 200 1996
INFO 2026-03-25 02:48:48,852 basehttp 8804 5720 "POST /admin/sat/globalevent/ HTTP/1.1" 302 0
INFO 2026-03-25 02:48:49,091 basehttp 8804 5720 "GET /admin/sat/globalevent/ HTTP/1.1" 200 28797
INFO 2026-03-25 02:48:49,391 basehttp 8804 5720 "GET /admin/jsi18n/ HTTP/1.1" 200 3342
INFO 2026-03-25 02:48:53,641 basehttp 8804 19144 "GET /sat/global-events/Sat_Olympiad/leaderboard/ HTTP/1.1" 200 1996
INFO 2026-03-25 02:48:54,935 basehttp 8804 19144 "GET /sat/global-events/Sat_Olympiad/ HTTP/1.1" 200 1824
INFO 2026-03-25 02:48:57,140 basehttp 8804 19144 "GET /sat/global-events/ HTTP/1.1" 200 2065
INFO 2026-03-25 02:49:02,694 basehttp 8804 19144 "GET /sat/global-events/Sat_Olympiad/ HTTP/1.1" 200 1824
INFO 2026-03-25 02:49:06,285 basehttp 8804 19144 "GET /sat/global-events/ HTTP/1.1" 200 2065
INFO 2026-03-25 02:49:06,326 basehttp 8804 19144 "GET /static/assets/css/makon-style.css HTTP/1.1" 304 0
INFO 2026-03-25 02:49:12,903 basehttp 8804 19144 "GET /sat/global-events/attempt/5a4c01bf-b334-4728-bcb0-6840542cbdc8/result/ HTTP/1.1" 200 1450
INFO 2026-03-25 02:49:14,233 basehttp 8804 19144 "GET /sat/global-events/Sat_Olympiad/leaderboard/ HTTP/1.1" 200 1996
INFO 2026-03-25 02:53:17,329 autoreload 8804 20276 C:\Users\turgu\OneDrive\Desktop\makonbook-master\makonbook-master\apps\sat\guest_views.py changed, reloading.
INFO 2026-03-25 02:53:19,737 autoreload 3224 22116 Watching for file changes with StatReloader
INFO 2026-03-25 02:53:39,022 autoreload 3224 22116 C:\Users\turgu\OneDrive\Desktop\makonbook-master\makonbook-master\apps\sat\guest_views.py changed, reloading.
INFO 2026-03-25 02:53:41,562 autoreload 20132 20040 Watching for file changes with StatReloader
INFO 2026-03-25 02:53:55,456 autoreload 20132 20040 C:\Users\turgu\OneDrive\Desktop\makonbook-master\makonbook-master\apps\sat\guest_views.py changed, reloading.
INFO 2026-03-25 02:53:57,965 autoreload 21896 18248 Watching for file changes with StatReloader
INFO 2026-03-25 02:55:02,508 autoreload 21896 18248 C:\Users\turgu\OneDrive\Desktop\makonbook-master\makonbook-master\apps\sat\guest_views.py changed, reloading.
INFO 2026-03-25 02:55:05,098 autoreload 17440 16736 Watching for file changes with StatReloader
INFO 2026-03-25 02:55:34,470 autoreload 17440 16736 C:\Users\turgu\OneDrive\Desktop\makonbook-master\makonbook-master\apps\sat\guest_views.py changed, reloading.
INFO 2026-03-25 02:55:37,679 autoreload 21876 5136 Watching for file changes with StatReloader
INFO 2026-03-25 02:55:47,211 basehttp 21876 16600 "POST /admin/sat/globalevent/ HTTP/1.1" 302 0
INFO 2026-03-25 02:55:47,679 basehttp 21876 16600 "GET /admin/sat/globalevent/ HTTP/1.1" 200 28797
INFO 2026-03-25 02:55:47,991 basehttp 21876 16600 "GET /admin/jsi18n/ HTTP/1.1" 200 3342
INFO 2026-03-25 02:55:50,086 basehttp 21876 16360 "GET /sat/global-events/Sat_Olympiad/leaderboard/ HTTP/1.1" 200 1996
INFO 2026-03-25 02:55:50,129 basehttp 21876 16360 "GET /static/assets/css/makon-style.css HTTP/1.1" 304 0
INFO 2026-03-25 02:55:53,116 basehttp 21876 16360 "GET /sat/global-events/ HTTP/1.1" 200 2572
INFO 2026-03-25 02:55:54,279 basehttp 21876 16360 "GET /sat/global-events/Sat_Olympiad/ HTTP/1.1" 200 1822
INFO 2026-03-25 02:55:55,167 basehttp 21876 16360 "GET /sat/global-events/attempt/5a4c01bf-b334-4728-bcb0-6840542cbdc8/result/ HTTP/1.1" 200 1534
INFO 2026-03-25 02:55:55,886 basehttp 21876 16360 "GET /sat/global-events/Sat_Olympiad/leaderboard/ HTTP/1.1" 200 1996
INFO 2026-03-25 02:56:00,121 basehttp 21876 16360 "GET /sat/global-events/Sat_Olympiad/ HTTP/1.1" 200 1822
INFO 2026-03-25 02:56:01,460 basehttp 21876 16360 "GET /sat/global-events/ HTTP/1.1" 200 2572
INFO 2026-03-25 02:56:06,080 basehttp 21876 16600 "GET /admin/sat/guestparticipant/ HTTP/1.1" 200 25426
INFO 2026-03-25 02:56:06,286 basehttp 21876 16600 "GET /admin/jsi18n/ HTTP/1.1" 200 3342
INFO 2026-03-25 02:56:11,655 basehttp 21876 16600 "POST /admin/sat/guestparticipant/ HTTP/1.1" 200 23591
INFO 2026-03-25 02:56:13,020 basehttp 21876 16600 "POST /admin/sat/guestparticipant/ HTTP/1.1" 302 0
INFO 2026-03-25 02:56:13,184 basehttp 21876 16600 "GET /admin/sat/guestparticipant/ HTTP/1.1" 200 23116
INFO 2026-03-25 02:56:13,389 basehttp 21876 16600 "GET /admin/jsi18n/ HTTP/1.1" 200 3342
INFO 2026-03-25 02:56:16,903 basehttp 21876 16360 "GET /sat/global-events/ HTTP/1.1" 200 2572
INFO 2026-03-25 02:56:18,592 basehttp 21876 16360 "GET /sat/global-events/Sat_Olympiad/ HTTP/1.1" 200 2375
INFO 2026-03-25 02:56:21,117 basehttp 21876 16360 "POST /sat/global-events/Sat_Olympiad/start/ HTTP/1.1" 302 0
INFO 2026-03-25 02:56:21,128 basehttp 21876 16360 "GET /sat/guest/ HTTP/1.1" 200 2302
INFO 2026-03-25 02:56:30,045 basehttp 21876 16360 "POST /sat/guest/ HTTP/1.1" 302 0
INFO 2026-03-25 02:56:30,178 basehttp 21876 16360 "GET /sat/global-events/ HTTP/1.1" 200 2574
INFO 2026-03-25 02:56:31,213 basehttp 21876 16360 "GET /sat/global-events/Sat_Olympiad/ HTTP/1.1" 200 2375
INFO 2026-03-25 02:56:33,285 basehttp 21876 16360 "POST /sat/global-events/Sat_Olympiad/start/ HTTP/1.1" 302 0
INFO 2026-03-25 02:56:33,442 basehttp 21876 16360 "GET /sat/global-events/attempt/2c486bf7-d1d4-4cf9-8791-602e6c644af7/?section=english&module=module_1 HTTP/1.1" 200 23035
INFO 2026-03-25 02:56:37,825 basehttp 21876 16360 "POST /sat/global-events/attempt/2c486bf7-d1d4-4cf9-8791-602e6c644af7/save/ HTTP/1.1" 200 12
INFO 2026-03-25 02:56:38,057 basehttp 21876 16360 "GET /sat/global-events/attempt/2c486bf7-d1d4-4cf9-8791-602e6c644af7/result/ HTTP/1.1" 200 1438
INFO 2026-03-25 02:56:39,709 basehttp 21876 16360 "GET /sat/global-events/Sat_Olympiad/leaderboard/ HTTP/1.1" 200 1559
INFO 2026-03-25 02:56:41,773 basehttp 21876 16360 "GET /sat/global-events/Sat_Olympiad/ HTTP/1.1" 200 1822
INFO 2026-03-25 02:56:43,980 basehttp 21876 16360 "GET /sat/global-events/attempt/2c486bf7-d1d4-4cf9-8791-602e6c644af7/result/ HTTP/1.1" 200 1441
INFO 2026-03-25 02:57:21,642 basehttp 21876 16600 "GET /admin/sat/globalevent/ HTTP/1.1" 200 28651
INFO 2026-03-25 02:57:21,889 basehttp 21876 16600 "GET /admin/jsi18n/ HTTP/1.1" 200 3342
INFO 2026-03-25 02:57:23,621 basehttp 21876 16600 "GET /admin/sat/globalevent/add/ HTTP/1.1" 200 33371
INFO 2026-03-25 02:57:23,911 basehttp 21876 16600 "GET /admin/jsi18n/ HTTP/1.1" 200 3342
INFO 2026-03-25 02:57:34,185 basehttp 21876 16600 "GET /admin/autocomplete/?app_label=sat&model_name=globalevent&field_name=test HTTP/1.1" 200 757
INFO 2026-03-25 02:57:36,712 basehttp 21876 16600 "GET /admin/autocomplete/?app_label=sat&model_name=globalevent&field_name=test HTTP/1.1" 200 757
INFO 2026-03-25 02:57:52,905 basehttp 21876 16600 "POST /admin/sat/globalevent/add/ HTTP/1.1" 302 0
INFO 2026-03-25 02:57:53,132 basehttp 21876 16600 "GET /admin/sat/globalevent/ HTTP/1.1" 200 30036
INFO 2026-03-25 02:57:53,407 basehttp 21876 16600 "GET /admin/jsi18n/ HTTP/1.1" 200 3342
INFO 2026-03-25 02:57:57,914 basehttp 21876 16360 "GET /sat/global-events/ HTTP/1.1" 200 3131
INFO 2026-03-25 02:58:04,712 basehttp 21876 16360 "GET /sat/global-events/test/ HTTP/1.1" 200 2158
INFO 2026-03-25 02:58:06,932 basehttp 21876 16360 "POST /sat/global-events/test/start/ HTTP/1.1" 302 0
INFO 2026-03-25 02:58:08,392 basehttp 21876 16360 "GET /sat/global-events/attempt/fb9559ec-70d7-4ff7-8f87-9bfc3ce5fa91/?section=english&module=module_1 HTTP/1.1" 200 59484
INFO 2026-03-25 02:58:53,372 basehttp 21876 16360 "POST /sat/global-events/attempt/fb9559ec-70d7-4ff7-8f87-9bfc3ce5fa91/save/ HTTP/1.1" 200 12
INFO 2026-03-25 02:58:53,689 basehttp 21876 16360 "GET /sat/global-events/attempt/fb9559ec-70d7-4ff7-8f87-9bfc3ce5fa91/result/ HTTP/1.1" 200 1314
INFO 2026-03-25 02:58:53,723 basehttp 21876 16360 "GET /static/assets/css/makon-style.css HTTP/1.1" 304 0
INFO 2026-03-25 03:00:05,850 basehttp 21876 16360 "GET /sat/global-events/ HTTP/1.1" 200 3131
INFO 2026-03-25 03:00:07,137 basehttp 21876 16360 "GET /sat/global-events/test/ HTTP/1.1" 200 1779
INFO 2026-03-25 03:00:08,265 basehttp 21876 16360 "GET /sat/global-events/attempt/fb9559ec-70d7-4ff7-8f87-9bfc3ce5fa91/result/ HTTP/1.1" 200 1317
INFO 2026-03-25 03:00:10,002 basehttp 21876 16360 "GET /sat/global-events/ HTTP/1.1" 200 3131
INFO 2026-03-25 03:00:11,151 basehttp 21876 16360 "GET /sat/global-events/test/ HTTP/1.1" 200 1779
INFO 2026-03-25 03:06:42,811 autoreload 21876 5136 C:\Users\turgu\OneDrive\Desktop\makonbook-master\makonbook-master\apps\sat\guest_views.py changed, reloading.
INFO 2026-03-25 03:06:45,591 autoreload 21952 13864 Watching for file changes with StatReloader
INFO 2026-03-25 03:07:14,903 autoreload 21952 13864 C:\Users\turgu\OneDrive\Desktop\makonbook-master\makonbook-master\apps\sat\guest_views.py changed, reloading.
INFO 2026-03-25 03:07:17,786 autoreload 16636 19416 Watching for file changes with StatReloader
INFO 2026-03-25 03:08:22,819 autoreload 16636 19416 C:\Users\turgu\OneDrive\Desktop\makonbook-master\makonbook-master\apps\sat\guest_views.py changed, reloading.
INFO 2026-03-25 03:08:25,478 autoreload 2080 21372 Watching for file changes with StatReloader
INFO 2026-03-25 03:08:40,161 autoreload 2080 21372 C:\Users\turgu\OneDrive\Desktop\makonbook-master\makonbook-master\apps\sat\guest_views.py changed, reloading.
INFO 2026-03-25 03:08:42,576 autoreload 17244 22188 Watching for file changes with StatReloader
INFO 2026-03-25 03:09:03,048 autoreload 17244 22188 C:\Users\turgu\OneDrive\Desktop\makonbook-master\makonbook-master\apps\sat\guest_views.py changed, reloading.
INFO 2026-03-25 03:09:05,800 autoreload 18116 18476 Watching for file changes with StatReloader
INFO 2026-03-25 03:09:39,472 autoreload 18116 18476 C:\Users\turgu\OneDrive\Desktop\makonbook-master\makonbook-master\apps\sat\guest_views.py changed, reloading.
INFO 2026-03-25 03:09:41,945 autoreload 4284 18812 Watching for file changes with StatReloader
INFO 2026-03-25 03:10:12,494 autoreload 4284 18812 C:\Users\turgu\OneDrive\Desktop\makonbook-master\makonbook-master\apps\sat\guest_views.py changed, reloading.
INFO 2026-03-25 03:10:14,868 autoreload 14784 22208 Watching for file changes with StatReloader
INFO 2026-03-25 03:11:14,457 autoreload 14784 22208 C:\Users\turgu\OneDrive\Desktop\makonbook-master\makonbook-master\apps\sat\guest_views.py changed, reloading.
INFO 2026-03-25 03:11:17,134 autoreload 10664 19356 Watching for file changes with StatReloader
INFO 2026-03-25 03:12:18,154 basehttp 10664 19528 "GET /sat/global-events/test/ HTTP/1.1" 200 1779
INFO 2026-03-25 03:12:18,195 basehttp 10664 19528 "GET /static/assets/css/makon-style.css HTTP/1.1" 304 0
INFO 2026-03-25 03:12:19,449 basehttp 10664 19528 "GET /sat/global-events/attempt/fb9559ec-70d7-4ff7-8f87-9bfc3ce5fa91/result/ HTTP/1.1" 200 1423
INFO 2026-03-25 03:12:25,751 basehttp 10664 19528 "GET /sat/global-events/ HTTP/1.1" 200 3131
INFO 2026-03-25 03:12:30,419 basehttp 10664 19872 "GET /admin/sat/globalevent/2/change/ HTTP/1.1" 200 33710
INFO 2026-03-25 03:12:30,781 basehttp 10664 19872 "GET /admin/jsi18n/ HTTP/1.1" 200 3342
INFO 2026-03-25 03:12:34,355 basehttp 10664 19872 "GET /admin/sat/globaleventanswer/ HTTP/1.1" 200 43284
INFO 2026-03-25 03:12:34,634 basehttp 10664 19872 "GET /admin/jsi18n/ HTTP/1.1" 200 3342
INFO 2026-03-25 03:12:37,502 basehttp 10664 19872 "GET /admin/sat/globalevent/ HTTP/1.1" 200 29832
INFO 2026-03-25 03:12:37,739 basehttp 10664 19872 "GET /admin/jsi18n/ HTTP/1.1" 200 3342
INFO 2026-03-25 03:12:38,898 basehttp 10664 19872 "GET /admin/sat/guestparticipant/ HTTP/1.1" 200 24684
INFO 2026-03-25 03:12:39,134 basehttp 10664 19872 "GET /admin/jsi18n/ HTTP/1.1" 200 3342
INFO 2026-03-25 03:12:42,509 basehttp 10664 19872 "POST /admin/sat/guestparticipant/ HTTP/1.1" 200 26344
INFO 2026-03-25 03:12:44,607 basehttp 10664 19872 "POST /admin/sat/guestparticipant/ HTTP/1.1" 302 0
INFO 2026-03-25 03:12:44,777 basehttp 10664 19872 "GET /admin/sat/guestparticipant/ HTTP/1.1" 200 23115
INFO 2026-03-25 03:12:44,969 basehttp 10664 19872 "GET /admin/jsi18n/ HTTP/1.1" 200 3342
INFO 2026-03-25 03:12:47,696 basehttp 10664 19528 "GET /sat/global-events/test/ HTTP/1.1" 200 2158
INFO 2026-03-25 03:12:49,753 basehttp 10664 19528 "POST /sat/global-events/test/start/ HTTP/1.1" 302 0
INFO 2026-03-25 03:12:49,765 basehttp 10664 19528 "GET /sat/guest/ HTTP/1.1" 200 2302
INFO 2026-03-25 03:12:56,636 basehttp 10664 19528 "POST /sat/guest/ HTTP/1.1" 302 0
INFO 2026-03-25 03:12:56,813 basehttp 10664 19528 "GET /sat/global-events/ HTTP/1.1" 200 3131
INFO 2026-03-25 03:12:57,753 basehttp 10664 19528 "GET /sat/global-events/test/ HTTP/1.1" 200 2158
INFO 2026-03-25 03:13:00,044 basehttp 10664 19528 "POST /sat/global-events/test/start/ HTTP/1.1" 302 0
INFO 2026-03-25 03:13:01,056 basehttp 10664 19528 "GET /sat/global-events/attempt/e6deb249-496a-458a-98e6-c017f69c7ed0/?section=english&module=module_1 HTTP/1.1" 200 60291
INFO 2026-03-25 03:13:09,891 basehttp 10664 19528 "POST /sat/global-events/attempt/e6deb249-496a-458a-98e6-c017f69c7ed0/save/ HTTP/1.1" 200 12
INFO 2026-03-25 03:13:10,126 basehttp 10664 19528 "POST /sat/global-events/attempt/e6deb249-496a-458a-98e6-c017f69c7ed0/submit/ HTTP/1.1" 200 128
INFO 2026-03-25 03:13:10,324 basehttp 10664 19528 "GET /sat/global-events/attempt/e6deb249-496a-458a-98e6-c017f69c7ed0/?section=english&module=module_2 HTTP/1.1" 200 64489
INFO 2026-03-25 03:13:49,602 basehttp 10664 19528 "POST /sat/global-events/attempt/e6deb249-496a-458a-98e6-c017f69c7ed0/save/ HTTP/1.1" 200 12
INFO 2026-03-25 03:13:49,734 basehttp 10664 19528 "POST /sat/global-events/attempt/e6deb249-496a-458a-98e6-c017f69c7ed0/submit/ HTTP/1.1" 200 125
INFO 2026-03-25 03:13:53,890 basehttp 10664 19528 "GET /sat/global-events/attempt/e6deb249-496a-458a-98e6-c017f69c7ed0/?section=math&module=module_1 HTTP/1.1" 200 52663
INFO 2026-03-25 03:13:54,032 basehttp 10664 19528 "GET /static/assets/css/makon-math.css HTTP/1.1" 200 7442
INFO 2026-03-25 03:14:47,563 basehttp 10664 19528 "POST /sat/global-events/attempt/e6deb249-496a-458a-98e6-c017f69c7ed0/save/ HTTP/1.1" 200 12
INFO 2026-03-25 03:14:47,703 basehttp 10664 19528 "POST /sat/global-events/attempt/e6deb249-496a-458a-98e6-c017f69c7ed0/submit/ HTTP/1.1" 200 125
INFO 2026-03-25 03:14:48,045 basehttp 10664 19528 "GET /sat/global-events/attempt/e6deb249-496a-458a-98e6-c017f69c7ed0/?section=math&module=module_2 HTTP/1.1" 200 55867
INFO 2026-03-25 03:15:12,877 basehttp 10664 19528 "POST /sat/global-events/attempt/e6deb249-496a-458a-98e6-c017f69c7ed0/save/ HTTP/1.1" 200 12
ERROR 2026-03-25 03:15:13,222 basehttp 10664 19528 "POST /sat/global-events/attempt/e6deb249-496a-458a-98e6-c017f69c7ed0/submit/ HTTP/1.1" 500 94551
INFO 2026-03-25 03:15:18,046 basehttp 10664 19528 "POST /sat/global-events/attempt/e6deb249-496a-458a-98e6-c017f69c7ed0/save/ HTTP/1.1" 200 12
ERROR 2026-03-25 03:15:18,272 basehttp 10664 19528 "POST /sat/global-events/attempt/e6deb249-496a-458a-98e6-c017f69c7ed0/submit/ HTTP/1.1" 500 94328
INFO 2026-03-25 03:16:22,765 basehttp 10664 19528 "POST /sat/global-events/attempt/e6deb249-496a-458a-98e6-c017f69c7ed0/save/ HTTP/1.1" 200 12
ERROR 2026-03-25 03:16:22,972 basehttp 10664 19528 "POST /sat/global-events/attempt/e6deb249-496a-458a-98e6-c017f69c7ed0/submit/ HTTP/1.1" 500 94328
INFO 2026-03-25 03:20:49,637 autoreload 10664 19356 C:\Users\turgu\OneDrive\Desktop\makonbook-master\makonbook-master\apps\sat\guest_views.py changed, reloading.
INFO 2026-03-25 03:20:52,972 autoreload 17952 10768 Watching for file changes with StatReloader
INFO 2026-03-25 03:20:59,600 basehttp 17952 21488 "POST /sat/global-events/attempt/e6deb249-496a-458a-98e6-c017f69c7ed0/save/ HTTP/1.1" 200 12
ERROR 2026-03-25 03:20:59,971 basehttp 17952 21488 "POST /sat/global-events/attempt/e6deb249-496a-458a-98e6-c017f69c7ed0/submit/ HTTP/1.1" 500 94560
INFO 2026-03-25 03:21:03,898 basehttp 17952 21488 "POST /sat/global-events/attempt/e6deb249-496a-458a-98e6-c017f69c7ed0/save/ HTTP/1.1" 200 12
ERROR 2026-03-25 03:21:04,140 basehttp 17952 21488 "POST /sat/global-events/attempt/e6deb249-496a-458a-98e6-c017f69c7ed0/submit/ HTTP/1.1" 500 94560
INFO 2026-03-25 03:21:09,607 basehttp 17952 21488 "GET /sat/global-events/attempt/e6deb249-496a-458a-98e6-c017f69c7ed0/?section=math&module=module_2 HTTP/1.1" 200 55875
INFO 2026-03-25 03:21:15,473 basehttp 17952 21488 "POST /sat/global-events/attempt/e6deb249-496a-458a-98e6-c017f69c7ed0/save/ HTTP/1.1" 200 12
ERROR 2026-03-25 03:21:15,799 basehttp 17952 21488 "POST /sat/global-events/attempt/e6deb249-496a-458a-98e6-c017f69c7ed0/submit/ HTTP/1.1" 500 94560
INFO 2026-03-25 03:29:19,138 autoreload 17952 10768 C:\Users\turgu\OneDrive\Desktop\makonbook-master\makonbook-master\apps\sat\guest_views.py changed, reloading.
INFO 2026-03-25 03:29:23,774 autoreload 19460 5948 Watching for file changes with StatReloader
INFO 2026-03-25 03:49:17,708 autoreload 19460 5948 C:\Users\turgu\OneDrive\Desktop\makonbook-master\makonbook-master\apps\sat\guest_views.py changed, reloading.
INFO 2026-03-25 03:49:26,053 autoreload 20396 19744 Watching for file changes with StatReloader
INFO 2026-03-25 03:49:36,128 basehttp 20396 17284 "GET /sat/global-events/attempt/e6deb249-496a-458a-98e6-c017f69c7ed0/?section=math&module=module_2 HTTP/1.1" 200 55875
INFO 2026-03-25 03:49:47,015 basehttp 20396 19628 "GET /sat/global-events/attempt/e6deb249-496a-458a-98e6-c017f69c7ed0/?section=math&module=module_2 HTTP/1.1" 200 55875
INFO 2026-03-25 03:49:51,770 basehttp 20396 19628 "POST /sat/global-events/attempt/e6deb249-496a-458a-98e6-c017f69c7ed0/save/ HTTP/1.1" 200 12
INFO 2026-03-25 03:49:52,341 basehttp 20396 19628 "POST /sat/global-events/attempt/e6deb249-496a-458a-98e6-c017f69c7ed0/submit/ HTTP/1.1" 200 103
INFO 2026-03-25 03:49:52,515 basehttp 20396 19628 "GET /sat/global-events/attempt/e6deb249-496a-458a-98e6-c017f69c7ed0/result/ HTTP/1.1" 200 1438
INFO 2026-03-25 03:49:52,556 basehttp 20396 19628 "GET /static/assets/css/makon-style.css HTTP/1.1" 304 0
INFO 2026-03-25 03:56:42,614 basehttp 20396 12424 "GET /sat/global-events/ HTTP/1.1" 200 3131
INFO 2026-03-25 03:56:48,442 basehttp 20396 22184 "GET /admin/sat/guestparticipant/ HTTP/1.1" 200 24674
INFO 2026-03-25 03:56:48,754 basehttp 20396 22184 "GET /admin/jsi18n/ HTTP/1.1" 200 3342
INFO 2026-03-25 03:56:51,353 basehttp 20396 22184 "GET /admin/sat/guestparticipant/5/change/ HTTP/1.1" 200 26322
INFO 2026-03-25 03:56:51,609 basehttp 20396 22184 "GET /admin/jsi18n/ HTTP/1.1" 200 3342
INFO 2026-03-25 03:56:57,726 basehttp 20396 22184 "GET /admin/sat/guestparticipant/5/delete/ HTTP/1.1" 200 33917
INFO 2026-03-25 03:57:02,239 basehttp 20396 22184 "GET /admin/sat/guestparticipant/5/change/ HTTP/1.1" 200 26322
INFO 2026-03-25 03:59:26,485 autoreload 20396 19744 C:\Users\turgu\OneDrive\Desktop\makonbook-master\makonbook-master\apps\sat\guest_views.py changed, reloading.
INFO 2026-03-25 03:59:36,878 autoreload 7932 19560 Watching for file changes with StatReloader
INFO 2026-03-25 03:59:39,180 basehttp 7932 320 "GET /sat/global-events/test/ HTTP/1.1" 200 1779
INFO 2026-03-25 03:59:39,223 basehttp 7932 320 "GET /static/assets/css/makon-style.css HTTP/1.1" 304 0
ERROR 2026-03-25 03:59:40,658 basehttp 7932 320 "GET /sat/global-events/attempt/e6deb249-496a-458a-98e6-c017f69c7ed0/result/ HTTP/1.1" 500 170592
INFO 2026-03-25 04:00:08,006 autoreload 20940 18876 Watching for file changes with StatReloader
INFO 2026-03-25 04:00:09,287 basehttp 20940 5300 "GET /admin/sat/guestparticipant/ HTTP/1.1" 200 24674
INFO 2026-03-25 04:00:09,568 basehttp 20940 5300 "GET /admin/jsi18n/ HTTP/1.1" 200 3342
INFO 2026-03-25 04:00:13,631 basehttp 20940 5300 "POST /admin/sat/guestparticipant/ HTTP/1.1" 200 34026
INFO 2026-03-25 04:00:16,589 basehttp 20940 5300 "POST /admin/sat/guestparticipant/ HTTP/1.1" 302 0
INFO 2026-03-25 04:00:16,756 basehttp 20940 5300 "GET /admin/sat/guestparticipant/ HTTP/1.1" 200 23115
INFO 2026-03-25 04:00:16,949 basehttp 20940 5300 "GET /admin/jsi18n/ HTTP/1.1" 200 3342
INFO 2026-03-25 04:00:20,627 basehttp 20940 21588 "GET / HTTP/1.1" 302 0
INFO 2026-03-25 04:00:20,645 basehttp 20940 21588 "GET /login/?next=/ HTTP/1.1" 200 3008
INFO 2026-03-25 04:00:20,963 basehttp 20940 17820 "GET /static/assets/js/login-main.js HTTP/1.1" 200 517
INFO 2026-03-25 04:00:20,963 basehttp 20940 21588 "GET /static/assets/css/makon-style.css HTTP/1.1" 200 2964
INFO 2026-03-25 04:00:20,967 basehttp 20940 10488 "GET /static/assets/img/icons/white-icon-nobg.png HTTP/1.1" 200 84649
INFO 2026-03-25 04:00:21,040 basehttp 20940 10488 "GET /static/assets/img/icons/original-icon-nobg.png HTTP/1.1" 200 91518
INFO 2026-03-25 04:00:23,216 basehttp 20940 10488 "GET /sat/guest/ HTTP/1.1" 200 2302
INFO 2026-03-25 04:00:26,797 basehttp 20940 10488 "POST /sat/guest/ HTTP/1.1" 302 0
INFO 2026-03-25 04:00:26,968 basehttp 20940 10488 "GET /sat/global-events/ HTTP/1.1" 200 3129
INFO 2026-03-25 04:00:28,210 basehttp 20940 10488 "GET /sat/global-events/test/ HTTP/1.1" 200 2158
INFO 2026-03-25 04:00:32,326 basehttp 20940 10488 "POST /sat/global-events/test/start/ HTTP/1.1" 302 0
INFO 2026-03-25 04:00:34,032 basehttp 20940 10488 "GET /sat/global-events/attempt/b19bf71c-027d-4244-9f0a-e746502cbed1/?section=english&module=module_1 HTTP/1.1" 200 60289
INFO 2026-03-25 04:00:34,094 basehttp 20940 21588 "GET /static/assets/css/makon-eng.css HTTP/1.1" 200 8041
INFO 2026-03-25 04:00:34,094 basehttp 20940 10488 "GET /static/font-awesome-4.7.0/css/font-awesome.min.css HTTP/1.1" 200 31000
INFO 2026-03-25 04:00:34,752 basehttp 20940 10488 "GET /static/assets/img/bookmark_empty.png HTTP/1.1" 200 1078
INFO 2026-03-25 04:00:34,752 basehttp 20940 21588 "GET /static/assets/img/crossAbc.png HTTP/1.1" 200 4685
INFO 2026-03-25 04:00:34,778 basehttp 20940 21588 "GET /static/font-awesome-4.7.0/fonts/fontawesome-webfont.woff2?v=4.7.0 HTTP/1.1" 200 77160
INFO 2026-03-25 04:00:52,236 basehttp 20940 21588 "POST /sat/global-events/attempt/b19bf71c-027d-4244-9f0a-e746502cbed1/save/ HTTP/1.1" 200 12
INFO 2026-03-25 04:00:52,386 basehttp 20940 21588 "POST /sat/global-events/attempt/b19bf71c-027d-4244-9f0a-e746502cbed1/submit/ HTTP/1.1" 200 128
INFO 2026-03-25 04:00:53,513 basehttp 20940 21588 "GET /sat/global-events/attempt/b19bf71c-027d-4244-9f0a-e746502cbed1/?section=english&module=module_2 HTTP/1.1" 200 64487
INFO 2026-03-25 04:01:11,717 basehttp 20940 21588 "POST /sat/global-events/attempt/b19bf71c-027d-4244-9f0a-e746502cbed1/save/ HTTP/1.1" 200 12
INFO 2026-03-25 04:01:11,862 basehttp 20940 21588 "POST /sat/global-events/attempt/b19bf71c-027d-4244-9f0a-e746502cbed1/submit/ HTTP/1.1" 200 125
INFO 2026-03-25 04:01:15,880 basehttp 20940 21588 "GET /sat/global-events/attempt/b19bf71c-027d-4244-9f0a-e746502cbed1/?section=math&module=module_1 HTTP/1.1" 200 52669
INFO 2026-03-25 04:01:15,929 basehttp 20940 21588 "GET /static/assets/css/makon-math.css HTTP/1.1" 200 7442
INFO 2026-03-25 04:02:16,806 basehttp 20940 21588 "POST /sat/global-events/attempt/b19bf71c-027d-4244-9f0a-e746502cbed1/save/ HTTP/1.1" 200 12
INFO 2026-03-25 04:02:16,937 basehttp 20940 21588 "POST /sat/global-events/attempt/b19bf71c-027d-4244-9f0a-e746502cbed1/submit/ HTTP/1.1" 200 125
INFO 2026-03-25 04:02:17,447 basehttp 20940 21588 "GET /sat/global-events/attempt/b19bf71c-027d-4244-9f0a-e746502cbed1/?section=math&module=module_2 HTTP/1.1" 200 55873
INFO 2026-03-25 04:03:04,690 basehttp 20940 21588 "POST /sat/global-events/attempt/b19bf71c-027d-4244-9f0a-e746502cbed1/save/ HTTP/1.1" 200 12
INFO 2026-03-25 04:03:05,275 basehttp 20940 21588 "POST /sat/global-events/attempt/b19bf71c-027d-4244-9f0a-e746502cbed1/submit/ HTTP/1.1" 200 103
ERROR 2026-03-25 04:03:05,881 basehttp 20940 21588 "GET /sat/global-events/attempt/b19bf71c-027d-4244-9f0a-e746502cbed1/result/ HTTP/1.1" 500 170657
INFO 2026-03-25 04:03:40,440 basehttp 20940 21588 "GET /sat/global-events/attempt/b19bf71c-027d-4244-9f0a-e746502cbed1/?section=math&module=module_2 HTTP/1.1" 302 0
ERROR 2026-03-25 04:03:40,939 basehttp 20940 21588 "GET /sat/global-events/attempt/b19bf71c-027d-4244-9f0a-e746502cbed1/result/ HTTP/1.1" 500 170788
INFO 2026-03-25 04:03:44,099 basehttp 20940 21588 "GET /sat/global-events/attempt/b19bf71c-027d-4244-9f0a-e746502cbed1/?section=english&module=module_2 HTTP/1.1" 302 0
ERROR 2026-03-25 04:03:44,574 basehttp 20940 21588 "GET /sat/global-events/attempt/b19bf71c-027d-4244-9f0a-e746502cbed1/result/ HTTP/1.1" 500 170791
ERROR 2026-03-25 04:03:47,546 basehttp 20940 21588 "GET /sat/global-events/attempt/b19bf71c-027d-4244-9f0a-e746502cbed1/result/ HTTP/1.1" 500 170788
INFO 2026-03-25 04:03:57,618 autoreload 21684 20052 Watching for file changes with StatReloader
INFO 2026-03-25 04:03:58,648 basehttp 21684 15936 "GET /sat/global-events/test/ HTTP/1.1" 200 1779
ERROR 2026-03-25 04:04:00,771 basehttp 21684 15936 "GET /sat/global-events/attempt/b19bf71c-027d-4244-9f0a-e746502cbed1/result/ HTTP/1.1" 500 170578
INFO 2026-03-25 04:04:10,401 basehttp 21684 10792 "GET /admin/sat/guestparticipant/ HTTP/1.1" 200 24666
INFO 2026-03-25 04:04:10,670 basehttp 21684 10792 "GET /admin/jsi18n/ HTTP/1.1" 200 3342
INFO 2026-03-25 04:04:15,769 basehttp 21684 10792 "POST /admin/sat/guestparticipant/ HTTP/1.1" 200 33902
INFO 2026-03-25 04:04:19,289 basehttp 21684 10792 "POST /admin/sat/guestparticipant/ HTTP/1.1" 302 0
INFO 2026-03-25 04:04:19,452 basehttp 21684 10792 "GET /admin/sat/guestparticipant/ HTTP/1.1" 200 23115
INFO 2026-03-25 04:04:19,657 basehttp 21684 10792 "GET /admin/jsi18n/ HTTP/1.1" 200 3342
INFO 2026-03-25 04:04:52,224 autoreload 21684 20052 C:\Users\turgu\OneDrive\Desktop\makonbook-master\makonbook-master\apps\sat\guest_views.py changed, reloading.
INFO 2026-03-25 04:04:54,900 autoreload 15708 19088 Watching for file changes with StatReloader
INFO 2026-03-25 04:04:58,520 basehttp 15708 19732 "GET /sat/global-events/test/ HTTP/1.1" 200 2158
INFO 2026-03-25 04:04:59,851 basehttp 15708 19732 "POST /sat/global-events/test/start/ HTTP/1.1" 302 0
INFO 2026-03-25 04:04:59,868 basehttp 15708 19732 "GET /sat/guest/ HTTP/1.1" 200 2302
INFO 2026-03-25 04:05:02,443 basehttp 15708 19732 "POST /sat/guest/ HTTP/1.1" 302 0
INFO 2026-03-25 04:05:02,588 basehttp 15708 19732 "GET /sat/global-events/ HTTP/1.1" 200 3129
INFO 2026-03-25 04:05:03,836 basehttp 15708 19732 "GET /sat/global-events/test/ HTTP/1.1" 200 2158
INFO 2026-03-25 04:05:04,727 basehttp 15708 19732 "POST /sat/global-events/test/start/ HTTP/1.1" 302 0
INFO 2026-03-25 04:05:06,120 basehttp 15708 19732 "GET /sat/global-events/attempt/260f37fa-1dd6-4a79-b070-8d57fb1db913/?section=english&module=module_1 HTTP/1.1" 200 60289
INFO 2026-03-25 04:05:09,133 basehttp 15708 19732 "POST /sat/global-events/attempt/260f37fa-1dd6-4a79-b070-8d57fb1db913/save/ HTTP/1.1" 200 12
INFO 2026-03-25 04:05:09,259 basehttp 15708 19732 "POST /sat/global-events/attempt/260f37fa-1dd6-4a79-b070-8d57fb1db913/submit/ HTTP/1.1" 200 128
INFO 2026-03-25 04:05:09,463 basehttp 15708 19732 "GET /sat/global-events/attempt/260f37fa-1dd6-4a79-b070-8d57fb1db913/?section=english&module=module_2 HTTP/1.1" 200 64487
INFO 2026-03-25 04:05:12,536 basehttp 15708 19732 "POST /sat/global-events/attempt/260f37fa-1dd6-4a79-b070-8d57fb1db913/save/ HTTP/1.1" 200 12
INFO 2026-03-25 04:05:12,683 basehttp 15708 19732 "POST /sat/global-events/attempt/260f37fa-1dd6-4a79-b070-8d57fb1db913/submit/ HTTP/1.1" 200 125
INFO 2026-03-25 04:05:17,333 basehttp 15708 19732 "GET /sat/global-events/attempt/260f37fa-1dd6-4a79-b070-8d57fb1db913/?section=math&module=module_1 HTTP/1.1" 200 52669
INFO 2026-03-25 04:05:24,488 basehttp 15708 19732 "POST /sat/global-events/attempt/260f37fa-1dd6-4a79-b070-8d57fb1db913/save/ HTTP/1.1" 200 12
INFO 2026-03-25 04:05:24,620 basehttp 15708 19732 "POST /sat/global-events/attempt/260f37fa-1dd6-4a79-b070-8d57fb1db913/submit/ HTTP/1.1" 200 125
INFO 2026-03-25 04:05:24,941 basehttp 15708 19732 "GET /sat/global-events/attempt/260f37fa-1dd6-4a79-b070-8d57fb1db913/?section=math&module=module_2 HTTP/1.1" 200 55873
INFO 2026-03-25 04:05:27,764 basehttp 15708 19732 "POST /sat/global-events/attempt/260f37fa-1dd6-4a79-b070-8d57fb1db913/save/ HTTP/1.1" 200 12
INFO 2026-03-25 04:05:28,311 basehttp 15708 19732 "POST /sat/global-events/attempt/260f37fa-1dd6-4a79-b070-8d57fb1db913/submit/ HTTP/1.1" 200 103
INFO 2026-03-25 04:05:28,728 basehttp 15708 19732 "GET /sat/global-events/attempt/260f37fa-1dd6-4a79-b070-8d57fb1db913/result/ HTTP/1.1" 200 1421
INFO 2026-03-25 04:05:38,320 basehttp 15708 19732 "GET /sat/global-events/ HTTP/1.1" 200 3129
INFO 2026-03-25 04:05:43,874 basehttp 15708 19732 "GET /sat/global-events/test/ HTTP/1.1" 200 1779
INFO 2026-03-25 04:05:49,336 basehttp 15708 2648 "GET /admin/sat/globalevent/ HTTP/1.1" 200 29832
INFO 2026-03-25 04:05:49,626 basehttp 15708 2648 "GET /admin/jsi18n/ HTTP/1.1" 200 3342
INFO 2026-03-25 04:05:53,240 basehttp 15708 2648 "POST /admin/sat/globalevent/ HTTP/1.1" 302 0
INFO 2026-03-25 04:05:53,470 basehttp 15708 2648 "GET /admin/sat/globalevent/ HTTP/1.1" 200 29986
INFO 2026-03-25 04:05:53,706 basehttp 15708 2648 "GET /admin/jsi18n/ HTTP/1.1" 200 3342
INFO 2026-03-25 04:05:57,506 basehttp 15708 19732 "GET /sat/global-events/attempt/260f37fa-1dd6-4a79-b070-8d57fb1db913/result/ HTTP/1.1" 200 1523
INFO 2026-03-25 04:05:58,679 basehttp 15708 19732 "GET /sat/global-events/test/leaderboard/ HTTP/1.1" 200 1534
INFO 2026-03-25 04:06:02,429 basehttp 15708 19732 "GET /sat/global-events/test/ HTTP/1.1" 200 1779
INFO 2026-03-25 04:06:03,738 basehttp 15708 19732 "GET /sat/global-events/ HTTP/1.1" 200 3129
INFO 2026-03-25 04:06:06,446 basehttp 15708 19732 "GET /sat/guest/logout/ HTTP/1.1" 302 0
INFO 2026-03-25 04:06:06,458 basehttp 15708 19732 "GET /sat/guest/ HTTP/1.1" 200 2302
INFO 2026-03-25 09:14:42,037 basehttp 15708 17864 "GET /login/ HTTP/1.1" 200 3008
INFO 2026-03-25 09:14:42,098 basehttp 15708 17864 "GET /static/assets/css/makon-style.css HTTP/1.1" 304 0
INFO 2026-03-25 09:14:44,260 basehttp 15708 17864 "GET /sat/guest/ HTTP/1.1" 200 2302
INFO 2026-03-25 09:14:49,426 basehttp 15708 7508 "POST /admin/sat/globalevent/ HTTP/1.1" 302 0
INFO 2026-03-25 09:14:49,699 basehttp 15708 7508 "GET /admin/sat/globalevent/ HTTP/1.1" 200 29988
INFO 2026-03-25 09:14:49,994 basehttp 15708 7508 "GET /admin/jsi18n/ HTTP/1.1" 200 3342
INFO 2026-03-25 09:14:55,384 basehttp 15708 17864 "POST /sat/guest/ HTTP/1.1" 302 0
INFO 2026-03-25 09:14:55,514 basehttp 15708 17864 "GET /sat/global-events/ HTTP/1.1" 200 2065
INFO 2026-03-25 09:14:59,157 basehttp 15708 17864 "GET /sat/guest/logout/ HTTP/1.1" 302 0
INFO 2026-03-25 09:14:59,168 basehttp 15708 17864 "GET /sat/guest/ HTTP/1.1" 200 2302
INFO 2026-03-25 09:15:19,207 basehttp 15708 7508 "GET / HTTP/1.1" 302 0
INFO 2026-03-25 09:15:19,348 basehttp 15708 7508 "GET /sat/ HTTP/1.1" 302 0
INFO 2026-03-25 09:15:19,532 basehttp 15708 7508 "GET /sat/teacher/classrooms/ HTTP/1.1" 200 6385
INFO 2026-03-25 09:24:23,288 autoreload 13972 10664 Watching for file changes with StatReloader
INFO 2026-03-25 09:24:26,550 basehttp 13972 14892 "GET /login/ HTTP/1.1" 200 3008
INFO 2026-03-25 09:24:32,062 basehttp 13972 19952 "GET /sat/admin-panel/ HTTP/1.1" 200 11972
INFO 2026-03-25 09:24:33,920 basehttp 13972 19952 "GET /sat/admin-panel/users/ HTTP/1.1" 200 15076
INFO 2026-03-25 09:24:43,490 basehttp 13972 14892 "POST /login/ HTTP/1.1" 302 0
INFO 2026-03-25 09:24:43,743 basehttp 13972 14892 "GET /sat/ HTTP/1.1" 302 0
INFO 2026-03-25 09:24:43,933 basehttp 13972 14892 "GET /sat/teacher/classrooms/ HTTP/1.1" 200 6187
INFO 2026-03-25 09:24:44,401 basehttp 13972 17296 "GET /static/assets/vendor/aos/aos.css HTTP/1.1" 200 28765
INFO 2026-03-25 09:24:44,413 basehttp 13972 17296 "GET /static/assets/vendor/bootstrap/js/bootstrap.bundle.min.js HTTP/1.1" 200 80721
INFO 2026-03-25 09:24:44,418 basehttp 13972 17504 "GET /static/assets/css/main.css HTTP/1.1" 200 50430
INFO 2026-03-25 09:24:44,429 basehttp 13972 19184 "GET /static/assets/vendor/glightbox/css/glightbox.min.css HTTP/1.1" 200 13749
INFO 2026-03-25 09:24:44,429 basehttp 13972 17596 "GET /static/assets/vendor/swiper/swiper-bundle.min.css HTTP/1.1" 200 18432
INFO 2026-03-25 09:24:44,431 basehttp 13972 17296 "GET /static/assets/img/icons/SAT%20MAKON%20logo%203.png HTTP/1.1" 200 66505
INFO 2026-03-25 09:24:44,431 basehttp 13972 20296 "GET /static/assets/vendor/bootstrap-icons/bootstrap-icons.css HTTP/1.1" 200 98255
INFO 2026-03-25 09:24:44,435 basehttp 13972 14892 "GET /static/assets/vendor/bootstrap/css/bootstrap.min.css HTTP/1.1" 200 232803
INFO 2026-03-25 09:24:44,447 basehttp 13972 14892 "GET /static/assets/vendor/aos/aos.js HTTP/1.1" 200 13800
INFO 2026-03-25 09:24:44,449 basehttp 13972 17296 "GET /static/assets/vendor/purecounter/purecounter_vanilla.js HTTP/1.1" 200 5417
INFO 2026-03-25 09:24:44,449 basehttp 13972 19184 "GET /static/assets/vendor/isotope-layout/isotope.pkgd.min.js HTTP/1.1" 200 35445
INFO 2026-03-25 09:24:44,449 basehttp 13972 20296 "GET /static/assets/vendor/glightbox/js/glightbox.min.js HTTP/1.1" 200 56300
INFO 2026-03-25 09:24:44,455 basehttp 13972 17596 "GET /static/assets/vendor/swiper/swiper-bundle.min.js HTTP/1.1" 200 149982
INFO 2026-03-25 09:24:44,462 basehttp 13972 19184 "GET /static/assets/vendor/php-email-form/validate.js HTTP/1.1" 200 2734
INFO 2026-03-25 09:24:44,464 basehttp 13972 17296 "GET /static/assets/js/main.js HTTP/1.1" 200 7526
INFO 2026-03-25 09:24:44,524 basehttp 13972 17296 "GET /static/assets/vendor/bootstrap-icons/fonts/bootstrap-icons.woff2?dd67030699838ea613ee6dbda90effa6 HTTP/1.1" 200 130396
INFO 2026-03-25 09:25:29,237 basehttp 13972 17296 "GET /logout/ HTTP/1.1" 302 0
INFO 2026-03-25 09:25:29,250 basehttp 13972 17296 "GET /login HTTP/1.1" 301 0
INFO 2026-03-25 09:25:29,262 basehttp 13972 19184 "GET /login/ HTTP/1.1" 200 3008
INFO 2026-03-25 09:25:58,264 basehttp 13972 19184 "POST /login/ HTTP/1.1" 302 0
INFO 2026-03-25 09:25:58,445 basehttp 13972 19184 "GET /sat/ HTTP/1.1" 200 6189
INFO 2026-03-25 09:26:39,910 basehttp 13972 19184 "GET /logout/ HTTP/1.1" 302 0
INFO 2026-03-25 09:26:39,928 basehttp 13972 19184 "GET /login/ HTTP/1.1" 200 3008
INFO 2026-03-25 09:26:43,834 basehttp 13972 19184 "GET /sat/guest/ HTTP/1.1" 200 2302
INFO 2026-03-25 09:26:46,725 basehttp 13972 19184 "POST /sat/guest/ HTTP/1.1" 302 0
INFO 2026-03-25 09:26:46,860 basehttp 13972 19184 "GET /sat/global-events/ HTTP/1.1" 200 2065
INFO 2026-03-25 09:26:55,023 basehttp 13972 19952 "GET /admin/ HTTP/1.1" 200 30416
INFO 2026-03-25 09:26:58,660 basehttp 13972 19952 "GET /admin/sat/globalevent/ HTTP/1.1" 200 29840
INFO 2026-03-25 09:26:58,938 basehttp 13972 19952 "GET /admin/jsi18n/ HTTP/1.1" 200 3342
INFO 2026-03-25 09:27:05,240 basehttp 13972 19952 "POST /admin/sat/globalevent/ HTTP/1.1" 302 0
INFO 2026-03-25 09:27:05,455 basehttp 13972 19952 "GET /admin/sat/globalevent/ HTTP/1.1" 200 29988
INFO 2026-03-25 09:27:05,742 basehttp 13972 19952 "GET /admin/jsi18n/ HTTP/1.1" 200 3342
INFO 2026-03-25 09:27:09,650 basehttp 13972 19184 "GET /sat/global-events/ HTTP/1.1" 200 3134
INFO 2026-03-25 10:02:35,680 autoreload 17268 19216 Watching for file changes with StatReloader
INFO 2026-03-25 10:02:39,213 basehttp 17268 18224 "GET /sat/guest/logout/ HTTP/1.1" 302 0
INFO 2026-03-25 10:02:39,234 basehttp 17268 18224 "GET /sat/guest/ HTTP/1.1" 200 2302
INFO 2026-03-25 10:02:39,290 basehttp 17268 18224 "GET /static/assets/css/makon-style.css HTTP/1.1" 304 0
INFO 2026-03-25 10:02:40,909 basehttp 17268 18224 "GET /login/ HTTP/1.1" 200 3008
INFO 2026-03-25 10:05:23,265 autoreload 17268 19216 C:\Users\turgu\OneDrive\Desktop\makonbook-master\makonbook-master\apps\sat\views.py changed, reloading.
INFO 2026-03-25 10:05:26,755 autoreload 7352 9576 Watching for file changes with StatReloader
INFO 2026-03-25 10:06:05,322 basehttp 7352 17024 "GET / HTTP/1.1" 302 0
INFO 2026-03-25 10:06:05,452 basehttp 7352 17024 "GET /sat/ HTTP/1.1" 302 0
INFO 2026-03-25 10:06:05,634 basehttp 7352 17024 "GET /sat/teacher/classrooms/ HTTP/1.1" 200 6385
INFO 2026-03-25 10:06:08,721 basehttp 7352 17024 "GET / HTTP/1.1" 302 0
INFO 2026-03-25 10:06:08,874 basehttp 7352 17024 "GET /sat/ HTTP/1.1" 302 0
INFO 2026-03-25 10:06:09,063 basehttp 7352 17024 "GET /sat/teacher/classrooms/ HTTP/1.1" 200 6385
INFO 2026-03-25 10:06:24,836 basehttp 7352 20488 "POST /login/ HTTP/1.1" 302 0
INFO 2026-03-25 10:06:25,087 basehttp 7352 20488 "GET /sat/ HTTP/1.1" 302 0
INFO 2026-03-25 10:06:25,243 basehttp 7352 20488 - Broken pipe from ('127.0.0.1', 53355)
WARNING 2026-03-25 10:06:25,476 log 7352 1796 Forbidden (CSRF token from POST incorrect.): /login/
WARNING 2026-03-25 10:06:25,477 basehttp 7352 1796 "POST /login/ HTTP/1.1" 403 2503
INFO 2026-03-25 10:07:08,420 basehttp 7352 17036 "GET / HTTP/1.1" 302 0
INFO 2026-03-25 10:07:14,481 basehttp 7352 17036 "GET /sat/ HTTP/1.1" 302 0
INFO 2026-03-25 10:07:15,358 basehttp 7352 17036 "GET /sat/teacher/classrooms/ HTTP/1.1" 200 6187
INFO 2026-03-25 10:07:39,038 basehttp 7352 17036 "GET /edit-profile/ HTTP/1.1" 200 7609
INFO 2026-03-25 10:07:39,301 basehttp 7352 17036 "GET /static/assets/css/makon-dashboard.css HTTP/1.1" 304 0
INFO 2026-03-25 10:07:44,063 basehttp 7352 17036 "GET / HTTP/1.1" 302 0
INFO 2026-03-25 10:07:44,218 basehttp 7352 17036 "GET /sat/ HTTP/1.1" 302 0
INFO 2026-03-25 10:07:44,404 basehttp 7352 17036 "GET /sat/teacher/classrooms/ HTTP/1.1" 200 6187
WARNING 2026-03-25 10:07:50,406 log 7352 1796 Forbidden (CSRF token from POST incorrect.): /login/
WARNING 2026-03-25 10:07:50,409 basehttp 7352 1796 "POST /login/ HTTP/1.1" 403 2503
ERROR 2026-03-25 10:07:52,565 basehttp 7352 1796 "GET /login/ HTTP/1.1" 500 97365
INFO 2026-03-25 10:07:54,916 basehttp 7352 1796 "GET / HTTP/1.1" 302 0
INFO 2026-03-25 10:07:55,050 basehttp 7352 1796 "GET /sat/ HTTP/1.1" 302 0
INFO 2026-03-25 10:07:55,204 basehttp 7352 1796 "GET /sat/teacher/classrooms/ HTTP/1.1" 200 6187
INFO 2026-03-25 10:08:04,233 basehttp 7352 17036 "GET /logout/ HTTP/1.1" 302 0
INFO 2026-03-25 10:08:04,307 basehttp 7352 17036 "GET /login HTTP/1.1" 301 0
INFO 2026-03-25 10:08:04,341 basehttp 7352 21452 "GET /login/ HTTP/1.1" 200 3008
INFO 2026-03-25 10:08:10,378 basehttp 7352 21452 "POST /login/ HTTP/1.1" 302 0
INFO 2026-03-25 10:08:10,677 basehttp 7352 21452 "GET /sat/ HTTP/1.1" 200 6189
INFO 2026-03-25 10:08:14,293 basehttp 7352 1796 "GET /sat/teacher/classrooms/create/ HTTP/1.1" 200 6099
INFO 2026-03-25 10:08:24,429 basehttp 7352 1796 "POST /sat/teacher/classrooms/create/ HTTP/1.1" 302 0
INFO 2026-03-25 10:08:24,705 basehttp 7352 1796 "GET /sat/teacher/classrooms/2/ HTTP/1.1" 200 10597
INFO 2026-03-25 10:08:37,867 autoreload 21268 22148 Watching for file changes with StatReloader
INFO 2026-03-25 10:08:41,222 basehttp 21268 17768 "GET /sat/teacher/classrooms/2/ HTTP/1.1" 200 10597
INFO 2026-03-25 10:08:42,570 basehttp 21268 17768 "GET /sat/teacher/classrooms/2/generate-code/ HTTP/1.1" 302 0
INFO 2026-03-25 10:08:42,775 basehttp 21268 17768 "GET /sat/teacher/classrooms/2/ HTTP/1.1" 200 10680
INFO 2026-03-25 10:08:50,374 basehttp 21268 21700 "POST /sat/join/ HTTP/1.1" 302 0
INFO 2026-03-25 10:08:50,671 basehttp 21268 21700 "GET /sat/ HTTP/1.1" 200 6311
INFO 2026-03-25 10:08:59,086 basehttp 21268 17768 "GET /sat/teacher/classrooms/2/ HTTP/1.1" 200 11470
INFO 2026-03-25 10:09:00,648 basehttp 21268 17768 "GET /sat/teacher/classrooms/2/requests/4/approve/ HTTP/1.1" 302 0
INFO 2026-03-25 10:09:00,833 basehttp 21268 17768 "GET /sat/teacher/classrooms/2/ HTTP/1.1" 200 11591
INFO 2026-03-25 10:09:03,993 basehttp 21268 21700 "GET /sat/ HTTP/1.1" 302 0
INFO 2026-03-25 10:09:04,208 basehttp 21268 21700 "GET /sat/classroom/2/ HTTP/1.1" 200 7803
INFO 2026-03-25 10:09:04,570 basehttp 21268 21700 "GET /static/assets/img/icons/icon_dashboard.png HTTP/1.1" 200 10076
INFO 2026-03-25 10:09:10,120 basehttp 21268 17768 "GET /sat/teacher/classrooms/2/students/1498/access/ HTTP/1.1" 200 6108
INFO 2026-03-25 10:09:12,311 basehttp 21268 17592 "POST /sat/teacher/classrooms/2/students/1498/access/ HTTP/1.1" 302 0
INFO 2026-03-25 10:09:12,471 basehttp 21268 17592 "GET /sat/teacher/classrooms/2/ HTTP/1.1" 200 11591
INFO 2026-03-25 10:09:15,644 basehttp 21268 21700 "GET /sat/ HTTP/1.1" 302 0
INFO 2026-03-25 10:09:15,824 basehttp 21268 21700 "GET /sat/classroom/2/ HTTP/1.1" 200 8483
INFO 2026-03-25 10:09:18,125 basehttp 21268 21700 "GET /sat/classroom/2/practice-tests/ HTTP/1.1" 200 7502
INFO 2026-03-25 10:09:21,450 basehttp 21268 21700 "GET / HTTP/1.1" 302 0
INFO 2026-03-25 10:09:21,616 basehttp 21268 21700 "GET /sat/ HTTP/1.1" 302 0
INFO 2026-03-25 10:09:21,800 basehttp 21268 21700 "GET /sat/classroom/2/ HTTP/1.1" 200 8483
INFO 2026-03-25 10:09:24,844 basehttp 21268 21700 "GET /sat/classroom/2/chat/ HTTP/1.1" 200 7325
INFO 2026-03-25 10:09:30,875 basehttp 21268 21700 "POST /sat/classroom/2/chat/send/ HTTP/1.1" 302 0
INFO 2026-03-25 10:09:31,052 basehttp 21268 21700 "GET /sat/classroom/2/chat/ HTTP/1.1" 200 7691
INFO 2026-03-25 10:09:35,083 basehttp 21268 17592 "GET /sat/classroom/2/chat/ HTTP/1.1" 200 7919
INFO 2026-03-25 10:09:40,695 basehttp 21268 17592 "GET /sat/classroom/2/chat/message/6/delete/ HTTP/1.1" 302 0
INFO 2026-03-25 10:09:40,840 basehttp 21268 17592 "GET /sat/classroom/2/chat/ HTTP/1.1" 200 7325
INFO 2026-03-25 10:09:44,383 basehttp 21268 17592 "GET / HTTP/1.1" 302 0
INFO 2026-03-25 10:09:44,522 basehttp 21268 17592 "GET /sat/ HTTP/1.1" 302 0
INFO 2026-03-25 10:09:44,666 basehttp 21268 17592 "GET /sat/teacher/classrooms/ HTTP/1.1" 200 6286
INFO 2026-03-25 10:09:48,281 basehttp 21268 21700 "GET /sat/classroom/2/chat/ HTTP/1.1" 200 7325
INFO 2026-03-25 10:09:51,260 basehttp 21268 21700 "GET / HTTP/1.1" 302 0
INFO 2026-03-25 10:09:51,530 basehttp 21268 21700 "GET /sat/ HTTP/1.1" 302 0
INFO 2026-03-25 10:09:51,737 basehttp 21268 21700 "GET /sat/classroom/2/ HTTP/1.1" 200 8483
INFO 2026-03-25 10:09:55,427 basehttp 21268 17592 "GET /sat/teacher/classrooms/2/ HTTP/1.1" 200 11591
INFO 2026-03-25 10:09:58,712 basehttp 21268 17592 "GET /sat/teacher/classrooms/2/progress/ HTTP/1.1" 200 7392
INFO 2026-03-25 10:10:01,366 basehttp 21268 17592 "GET / HTTP/1.1" 302 0
INFO 2026-03-25 10:10:01,524 basehttp 21268 17592 "GET /sat/ HTTP/1.1" 302 0
INFO 2026-03-25 10:10:01,689 basehttp 21268 17592 "GET /sat/teacher/classrooms/ HTTP/1.1" 200 6286
INFO 2026-03-25 10:10:04,265 basehttp 21268 17592 "GET /sat/teacher/classrooms/2/ HTTP/1.1" 200 11591
INFO 2026-03-25 10:17:32,579 basehttp 21268 18256 "GET /sat/teacher/classrooms/2/ HTTP/1.1" 200 11678
INFO 2026-03-25 10:17:34,289 basehttp 21268 18256 "GET /sat/teacher/classrooms/2/edit/ HTTP/1.1" 302 0
INFO 2026-03-25 10:17:34,434 basehttp 21268 18256 "GET /sat/teacher/classrooms/2/ HTTP/1.1" 200 11678
INFO 2026-03-25 10:17:35,911 basehttp 21268 18256 "GET /sat/teacher/classrooms/2/edit/ HTTP/1.1" 302 0
INFO 2026-03-25 10:17:36,050 basehttp 21268 18256 "GET /sat/teacher/classrooms/2/ HTTP/1.1" 200 11678
INFO 2026-03-25 10:17:36,972 basehttp 21268 18256 "GET /sat/teacher/classrooms/2/edit/ HTTP/1.1" 302 0
INFO 2026-03-25 10:17:37,135 basehttp 21268 18256 "GET /sat/teacher/classrooms/2/ HTTP/1.1" 200 11678
INFO 2026-03-25 10:17:50,026 basehttp 21268 18256 "GET /sat/teacher/classrooms/2/ HTTP/1.1" 200 11591
INFO 2026-03-25 10:18:28,268 basehttp 21268 18256 "GET /sat/teacher/classrooms/ HTTP/1.1" 200 6286
INFO 2026-03-25 10:18:30,473 basehttp 21268 18256 "GET /sat/teacher/classrooms/2/ HTTP/1.1" 200 11591
INFO 2026-03-25 10:19:00,438 basehttp 21268 18256 "GET /sat/teacher/classrooms/2/ HTTP/1.1" 200 11591
INFO 2026-03-25 10:24:44,257 basehttp 21268 19252 "GET /sat/teacher/classrooms/2/ HTTP/1.1" 200 11918
INFO 2026-03-25 10:24:53,204 basehttp 21268 19252 "POST /sat/teacher/classrooms/2/delete/ HTTP/1.1" 302 0
INFO 2026-03-25 10:24:53,378 basehttp 21268 19252 "GET /sat/teacher/classrooms/ HTTP/1.1" 200 6187
WARNING 2026-03-25 10:24:57,681 basehttp 21268 12504 "GET /sat/classroom/2/ HTTP/1.1" 403 41
WARNING 2026-03-25 10:25:04,654 basehttp 21268 12504 "GET /sat/classroom/2/chat/ HTTP/1.1" 404 17228
WARNING 2026-03-25 10:25:10,843 basehttp 21268 12504 "GET /sat/classroom/2/ HTTP/1.1" 403 41
INFO 2026-03-25 10:28:51,051 autoreload 21268 22148 C:\Users\turgu\OneDrive\Desktop\makonbook-master\makonbook-master\apps\sat\views.py changed, reloading.
INFO 2026-03-25 10:28:56,159 autoreload 7140 17412 Watching for file changes with StatReloader
WARNING 2026-03-25 10:29:39,294 basehttp 7140 22340 "GET /sat/classroom/2/ HTTP/1.1" 404 13914
INFO 2026-03-25 10:30:24,919 basehttp 7140 22340 "GET / HTTP/1.1" 302 0
INFO 2026-03-25 10:30:25,252 basehttp 7140 22340 "GET /sat/ HTTP/1.1" 200 6189
INFO 2026-03-25 10:30:30,206 basehttp 7140 20436 "GET /sat/teacher/classrooms/create/ HTTP/1.1" 200 6099
INFO 2026-03-25 10:30:36,179 basehttp 7140 20436 "POST /sat/teacher/classrooms/create/ HTTP/1.1" 302 0
INFO 2026-03-25 10:30:36,378 basehttp 7140 20436 "GET /sat/teacher/classrooms/3/ HTTP/1.1" 200 10900
INFO 2026-03-25 10:30:37,524 basehttp 7140 20436 "GET /sat/teacher/classrooms/3/generate-code/ HTTP/1.1" 302 0
INFO 2026-03-25 10:30:37,684 basehttp 7140 20436 "GET /sat/teacher/classrooms/3/ HTTP/1.1" 200 10983
INFO 2026-03-25 10:30:44,086 basehttp 7140 20436 "POST /sat/teacher/classrooms/3/edit/ HTTP/1.1" 302 0
INFO 2026-03-25 10:30:44,232 basehttp 7140 20436 "GET /sat/teacher/classrooms/3/ HTTP/1.1" 200 10983
INFO 2026-03-25 10:30:49,544 basehttp 7140 22340 "POST /sat/join/ HTTP/1.1" 302 0
INFO 2026-03-25 10:30:49,698 basehttp 7140 22340 "GET /sat/ HTTP/1.1" 200 6311
INFO 2026-03-25 10:30:54,395 basehttp 7140 20436 "GET /sat/teacher/classrooms/3/ HTTP/1.1" 200 11773
INFO 2026-03-25 10:30:55,992 basehttp 7140 20436 "GET /sat/teacher/classrooms/3/requests/6/approve/ HTTP/1.1" 302 0
INFO 2026-03-25 10:30:56,147 basehttp 7140 20436 "GET /sat/teacher/classrooms/3/ HTTP/1.1" 200 11894
INFO 2026-03-25 10:31:00,291 basehttp 7140 22340 "GET /sat/ HTTP/1.1" 302 0
INFO 2026-03-25 10:31:00,467 basehttp 7140 22340 "GET /sat/classroom/3/ HTTP/1.1" 200 7803
INFO 2026-03-25 10:32:12,229 basehttp 7140 20436 "GET /sat/teacher/classrooms/3/ HTTP/1.1" 200 11926
INFO 2026-03-25 10:32:20,664 basehttp 7140 20436 "GET /sat/teacher/classrooms/3/ HTTP/1.1" 200 11909
INFO 2026-03-25 10:32:54,530 basehttp 7140 20436 "GET /sat/teacher/classrooms/3/ HTTP/1.1" 200 11909
INFO 2026-03-25 10:32:55,592 basehttp 7140 20436 "GET /sat/teacher/classrooms/3/ HTTP/1.1" 200 11909
INFO 2026-03-25 10:32:56,569 basehttp 7140 20436 "GET /sat/teacher/classrooms/3/ HTTP/1.1" 200 11909
INFO 2026-03-25 10:33:10,804 basehttp 7140 20436 "GET /sat/teacher/classrooms/3/ HTTP/1.1" 200 11918
INFO 2026-03-25 10:33:24,490 basehttp 7140 20436 "GET /sat/teacher/classrooms/3/ HTTP/1.1" 200 11910
INFO 2026-03-25 10:33:42,232 basehttp 7140 20436 "GET /sat/teacher/classrooms/3/ HTTP/1.1" 200 11893
INFO 2026-03-25 10:33:51,257 basehttp 7140 20436 "GET /sat/teacher/classrooms/3/ HTTP/1.1" 200 11910
INFO 2026-03-25 10:34:14,129 basehttp 7140 20436 "GET /sat/teacher/classrooms/3/ HTTP/1.1" 200 11921
WARNING 2026-03-25 10:35:52,864 basehttp 7140 20436 "GET /.well-known/appspecific/com.chrome.devtools.json HTTP/1.1" 404 4624
INFO 2026-03-25 10:35:53,350 basehttp 7140 14116 "GET /static/assets/vendor/swiper/swiper-bundle.min.js.map HTTP/1.1" 200 203001
INFO 2026-03-25 10:35:53,357 basehttp 7140 20436 "GET /static/assets/vendor/bootstrap/js/bootstrap.bundle.min.js.map HTTP/1.1" 200 332090
INFO 2026-03-25 10:35:53,362 basehttp 7140 19872 "GET /static/assets/vendor/purecounter/purecounter_vanilla.js.map HTTP/1.1" 200 24750
INFO 2026-03-25 10:35:53,402 basehttp 7140 19224 "GET /static/assets/vendor/bootstrap/css/bootstrap.min.css.map HTTP/1.1" 200 589892
INFO 2026-03-25 10:36:27,795 basehttp 7140 19224 "GET /sat/teacher/classrooms/3/ HTTP/1.1" 200 11966
WARNING 2026-03-25 10:36:27,871 basehttp 7140 19224 "GET /.well-known/appspecific/com.chrome.devtools.json HTTP/1.1" 404 4624
INFO 2026-03-25 10:36:27,906 basehttp 7140 14116 "GET /static/assets/vendor/aos/aos.css HTTP/1.1" 200 28765
INFO 2026-03-25 10:36:27,909 basehttp 7140 14704 "GET /static/assets/vendor/glightbox/css/glightbox.min.css HTTP/1.1" 200 13749
INFO 2026-03-25 10:36:27,911 basehttp 7140 19224 "GET /static/font-awesome-4.7.0/css/font-awesome.min.css HTTP/1.1" 200 31000
INFO 2026-03-25 10:36:27,915 basehttp 7140 21960 "GET /static/assets/vendor/swiper/swiper-bundle.min.css HTTP/1.1" 200 18432
INFO 2026-03-25 10:36:27,921 basehttp 7140 20436 "GET /static/assets/vendor/bootstrap-icons/bootstrap-icons.css HTTP/1.1" 200 98255
INFO 2026-03-25 10:36:27,922 basehttp 7140 14116 "GET /static/assets/css/main.css HTTP/1.1" 200 50430
INFO 2026-03-25 10:36:27,940 basehttp 7140 21960 "GET /static/assets/vendor/aos/aos.js HTTP/1.1" 200 13800
INFO 2026-03-25 10:36:27,942 basehttp 7140 14116 "GET /static/assets/vendor/glightbox/js/glightbox.min.js HTTP/1.1" 200 56300
INFO 2026-03-25 10:36:27,942 basehttp 7140 14704 "GET /static/assets/vendor/purecounter/purecounter_vanilla.js HTTP/1.1" 200 5417
INFO 2026-03-25 10:36:27,944 basehttp 7140 20436 "GET /static/assets/vendor/bootstrap/js/bootstrap.bundle.min.js HTTP/1.1" 200 80721
INFO 2026-03-25 10:36:27,945 basehttp 7140 19224 "GET /static/assets/img/icons/SAT%20MAKON%20logo%203.png HTTP/1.1" 200 66505
INFO 2026-03-25 10:36:27,947 basehttp 7140 19872 "GET /static/assets/vendor/bootstrap/css/bootstrap.min.css HTTP/1.1" 200 232803
INFO 2026-03-25 10:36:27,969 basehttp 7140 19224 "GET /static/assets/js/main.js HTTP/1.1" 200 7526
INFO 2026-03-25 10:36:27,974 basehttp 7140 20436 "GET /static/assets/vendor/php-email-form/validate.js HTTP/1.1" 200 2734
INFO 2026-03-25 10:36:27,976 basehttp 7140 19872 "GET /static/assets/vendor/isotope-layout/isotope.pkgd.min.js HTTP/1.1" 200 35445
INFO 2026-03-25 10:36:27,980 basehttp 7140 14704 "GET /static/assets/vendor/swiper/swiper-bundle.min.js HTTP/1.1" 200 149982
INFO 2026-03-25 10:36:28,007 basehttp 7140 20436 "GET /static/font-awesome-4.7.0/fonts/fontawesome-webfont.woff2?v=4.7.0 HTTP/1.1" 200 77160
INFO 2026-03-25 10:36:28,024 basehttp 7140 19872 "GET /static/assets/vendor/bootstrap-icons/fonts/bootstrap-icons.woff2?dd67030699838ea613ee6dbda90effa6 HTTP/1.1" 200 130396
INFO 2026-03-25 10:36:28,098 basehttp 7140 19872 "GET /static/assets/vendor/bootstrap/css/bootstrap.min.css.map HTTP/1.1" 200 589892
INFO 2026-03-25 10:36:28,379 basehttp 7140 19872 "GET /static/assets/vendor/bootstrap/js/bootstrap.bundle.min.js.map HTTP/1.1" 200 332090
INFO 2026-03-25 10:36:28,472 basehttp 7140 19872 "GET /static/assets/vendor/purecounter/purecounter_vanilla.js.map HTTP/1.1" 200 24750
INFO 2026-03-25 10:36:28,476 basehttp 7140 20436 "GET /static/assets/vendor/swiper/swiper-bundle.min.js.map HTTP/1.1" 200 203001
INFO 2026-03-25 10:36:29,124 basehttp 7140 20436 "GET /static/assets/img/icons/original-icon-nobg.png HTTP/1.1" 200 91518
INFO 2026-03-25 10:37:57,291 basehttp 7140 20436 "GET /sat/teacher/classrooms/3/ HTTP/1.1" 200 11996
WARNING 2026-03-25 10:37:57,364 basehttp 7140 20436 "GET /.well-known/appspecific/com.chrome.devtools.json HTTP/1.1" 404 4624
INFO 2026-03-25 10:37:57,396 basehttp 7140 20436 "GET /static/font-awesome-4.7.0/css/font-awesome.min.css HTTP/1.1" 200 31000
INFO 2026-03-25 10:37:57,397 basehttp 7140 21960 "GET /static/assets/vendor/glightbox/css/glightbox.min.css HTTP/1.1" 200 13749
INFO 2026-03-25 10:37:57,397 basehttp 7140 14116 "GET /static/assets/vendor/swiper/swiper-bundle.min.css HTTP/1.1" 200 18432
INFO 2026-03-25 10:37:57,399 basehttp 7140 19224 "GET /static/assets/vendor/aos/aos.css HTTP/1.1" 200 28765
INFO 2026-03-25 10:37:57,400 basehttp 7140 14704 "GET /static/assets/vendor/bootstrap-icons/bootstrap-icons.css HTTP/1.1" 200 98255
INFO 2026-03-25 10:37:57,406 basehttp 7140 20436 "GET /static/assets/css/main.css HTTP/1.1" 200 50430
INFO 2026-03-25 10:37:57,425 basehttp 7140 20436 "GET /static/assets/vendor/purecounter/purecounter_vanilla.js HTTP/1.1" 200 5417
INFO 2026-03-25 10:37:57,425 basehttp 7140 19224 "GET /static/assets/vendor/aos/aos.js HTTP/1.1" 200 13800
INFO 2026-03-25 10:37:57,428 basehttp 7140 14116 "GET /static/assets/vendor/glightbox/js/glightbox.min.js HTTP/1.1" 200 56300
INFO 2026-03-25 10:37:57,429 basehttp 7140 19872 "GET /static/assets/vendor/bootstrap/css/bootstrap.min.css HTTP/1.1" 200 232803
INFO 2026-03-25 10:37:57,435 basehttp 7140 14704 "GET /static/assets/vendor/bootstrap/js/bootstrap.bundle.min.js HTTP/1.1" 200 80721
INFO 2026-03-25 10:37:57,449 basehttp 7140 21960 "GET /static/assets/img/icons/SAT%20MAKON%20logo%203.png HTTP/1.1" 200 66505
INFO 2026-03-25 10:37:57,461 basehttp 7140 14116 "GET /static/assets/vendor/php-email-form/validate.js HTTP/1.1" 200 2734
INFO 2026-03-25 10:37:57,462 basehttp 7140 19224 "GET /static/assets/js/main.js HTTP/1.1" 200 7526
INFO 2026-03-25 10:37:57,466 basehttp 7140 20436 "GET /static/assets/vendor/isotope-layout/isotope.pkgd.min.js HTTP/1.1" 200 35445
INFO 2026-03-25 10:37:57,469 basehttp 7140 19872 "GET /static/font-awesome-4.7.0/fonts/fontawesome-webfont.woff2?v=4.7.0 HTTP/1.1" 200 77160
INFO 2026-03-25 10:37:57,470 basehttp 7140 14704 "GET /static/assets/vendor/swiper/swiper-bundle.min.js HTTP/1.1" 200 149982
INFO 2026-03-25 10:37:57,476 basehttp 7140 21960 "GET /static/assets/vendor/bootstrap-icons/fonts/bootstrap-icons.woff2?dd67030699838ea613ee6dbda90effa6 HTTP/1.1" 200 130396
INFO 2026-03-25 10:37:57,563 basehttp 7140 21960 "GET /static/assets/vendor/bootstrap/css/bootstrap.min.css.map HTTP/1.1" 200 589892
INFO 2026-03-25 10:37:57,799 basehttp 7140 21960 "GET /static/assets/vendor/bootstrap/js/bootstrap.bundle.min.js.map HTTP/1.1" 200 332090
INFO 2026-03-25 10:37:57,851 basehttp 7140 21960 "GET /static/assets/vendor/purecounter/purecounter_vanilla.js.map HTTP/1.1" 200 24750
INFO 2026-03-25 10:37:57,856 basehttp 7140 14704 "GET /static/assets/vendor/swiper/swiper-bundle.min.js.map HTTP/1.1" 200 203001
INFO 2026-03-25 10:37:58,481 basehttp 7140 14704 "GET /static/assets/img/icons/original-icon-nobg.png HTTP/1.1" 200 91518
INFO 2026-03-25 10:38:46,963 basehttp 7140 14704 "GET /sat/teacher/classrooms/3/ HTTP/1.1" 200 11996
WARNING 2026-03-25 10:38:47,048 basehttp 7140 14704 "GET /.well-known/appspecific/com.chrome.devtools.json HTTP/1.1" 404 4624
INFO 2026-03-25 10:38:47,052 basehttp 7140 19224 "GET /static/assets/vendor/glightbox/css/glightbox.min.css HTTP/1.1" 200 13749
INFO 2026-03-25 10:38:47,054 basehttp 7140 21960 "GET /static/font-awesome-4.7.0/css/font-awesome.min.css HTTP/1.1" 200 31000
INFO 2026-03-25 10:38:47,067 basehttp 7140 20436 "GET /static/assets/vendor/aos/aos.css HTTP/1.1" 200 28765
INFO 2026-03-25 10:38:47,070 basehttp 7140 14116 "GET /static/assets/vendor/bootstrap-icons/bootstrap-icons.css HTTP/1.1" 200 98255
INFO 2026-03-25 10:38:47,072 basehttp 7140 14704 "GET /static/assets/vendor/swiper/swiper-bundle.min.css HTTP/1.1" 200 18432
INFO 2026-03-25 10:38:47,094 basehttp 7140 19224 "GET /static/assets/css/main.css HTTP/1.1" 200 50430
INFO 2026-03-25 10:38:47,096 basehttp 7140 14116 "GET /static/assets/vendor/glightbox/js/glightbox.min.js HTTP/1.1" 200 56300
INFO 2026-03-25 10:38:47,114 basehttp 7140 20436 "GET /static/assets/vendor/bootstrap/js/bootstrap.bundle.min.js HTTP/1.1" 200 80721
INFO 2026-03-25 10:38:47,115 basehttp 7140 14116 "GET /static/assets/vendor/purecounter/purecounter_vanilla.js HTTP/1.1" 200 5417
INFO 2026-03-25 10:38:47,118 basehttp 7140 19872 "GET /static/assets/vendor/bootstrap/css/bootstrap.min.css HTTP/1.1" 200 232803
INFO 2026-03-25 10:38:47,122 basehttp 7140 20436 "GET /static/assets/vendor/isotope-layout/isotope.pkgd.min.js HTTP/1.1" 200 35445
INFO 2026-03-25 10:38:47,124 basehttp 7140 14704 "GET /static/assets/vendor/aos/aos.js HTTP/1.1" 200 13800
INFO 2026-03-25 10:38:47,124 basehttp 7140 21960 "GET /static/assets/img/icons/SAT%20MAKON%20logo%203.png HTTP/1.1" 200 66505
INFO 2026-03-25 10:38:47,125 basehttp 7140 19224 "GET /static/assets/vendor/swiper/swiper-bundle.min.js HTTP/1.1" 200 149982
INFO 2026-03-25 10:38:47,138 basehttp 7140 19224 "GET /static/assets/js/main.js HTTP/1.1" 200 7526
INFO 2026-03-25 10:38:47,146 basehttp 7140 21960 "GET /static/assets/vendor/php-email-form/validate.js HTTP/1.1" 200 2734
INFO 2026-03-25 10:38:47,162 basehttp 7140 19224 "GET /static/assets/vendor/bootstrap-icons/fonts/bootstrap-icons.woff2?dd67030699838ea613ee6dbda90effa6 HTTP/1.1" 200 130396
INFO 2026-03-25 10:38:47,181 basehttp 7140 21960 "GET /static/font-awesome-4.7.0/fonts/fontawesome-webfont.woff2?v=4.7.0 HTTP/1.1" 200 77160
INFO 2026-03-25 10:38:47,281 basehttp 7140 21960 "GET /static/assets/vendor/bootstrap/css/bootstrap.min.css.map HTTP/1.1" 200 589892
INFO 2026-03-25 10:38:47,530 basehttp 7140 21960 "GET /static/assets/vendor/bootstrap/js/bootstrap.bundle.min.js.map HTTP/1.1" 200 332090
INFO 2026-03-25 10:38:47,563 basehttp 7140 19224 "GET /static/assets/vendor/swiper/swiper-bundle.min.js.map HTTP/1.1" 200 203001
INFO 2026-03-25 10:38:47,570 basehttp 7140 21960 "GET /static/assets/vendor/purecounter/purecounter_vanilla.js.map HTTP/1.1" 200 24750
INFO 2026-03-25 10:38:48,022 basehttp 7140 19224 "GET /static/assets/img/icons/original-icon-nobg.png HTTP/1.1" 200 91518
INFO 2026-03-25 10:39:08,246 basehttp 7140 20332 "GET /sat/classroom/3/ HTTP/1.1" 200 7803
INFO 2026-03-25 10:39:14,407 basehttp 7140 20460 "POST /sat/teacher/classrooms/3/delete/ HTTP/1.1" 302 0
INFO 2026-03-25 10:39:14,559 basehttp 7140 20460 "GET /sat/teacher/classrooms/ HTTP/1.1" 200 6187
WARNING 2026-03-25 10:39:17,710 basehttp 7140 20332 "GET /sat/classroom/3/chat/ HTTP/1.1" 404 17228
WARNING 2026-03-25 10:39:19,429 basehttp 7140 20332 "GET /sat/classroom/3/chat/ HTTP/1.1" 404 17228
WARNING 2026-03-25 10:39:23,130 basehttp 7140 20332 "GET /sat/classroom/3/ HTTP/1.1" 404 13914
INFO 2026-03-25 10:41:04,174 autoreload 7140 17412 C:\Users\turgu\OneDrive\Desktop\makonbook-master\makonbook-master\apps\sat\views.py changed, reloading.
INFO 2026-03-25 10:41:07,736 autoreload 5248 22320 Watching for file changes with StatReloader
INFO 2026-03-25 10:41:11,222 basehttp 5248 7940 "GET / HTTP/1.1" 302 0
INFO 2026-03-25 10:41:11,428 basehttp 5248 7940 "GET /sat/ HTTP/1.1" 200 6189
INFO 2026-03-25 10:41:15,230 basehttp 5248 16232 "GET /sat/teacher/classrooms/create/ HTTP/1.1" 200 6099
INFO 2026-03-25 10:41:19,728 basehttp 5248 16232 "POST /sat/teacher/classrooms/create/ HTTP/1.1" 302 0
INFO 2026-03-25 10:41:19,930 basehttp 5248 16232 "GET /sat/teacher/classrooms/4/ HTTP/1.1" 200 11012
INFO 2026-03-25 10:41:21,024 basehttp 5248 16232 "GET /sat/teacher/classrooms/4/generate-code/ HTTP/1.1" 302 0
INFO 2026-03-25 10:41:21,179 basehttp 5248 16232 "GET /sat/teacher/classrooms/4/ HTTP/1.1" 200 11095
INFO 2026-03-25 10:41:26,611 basehttp 5248 7940 "POST /sat/join/ HTTP/1.1" 302 0
INFO 2026-03-25 10:41:26,896 basehttp 5248 7940 "GET /sat/ HTTP/1.1" 200 6309
INFO 2026-03-25 10:41:31,347 basehttp 5248 16232 "GET /sat/teacher/classrooms/4/ HTTP/1.1" 200 11885
INFO 2026-03-25 10:41:33,679 basehttp 5248 16232 "GET /sat/teacher/classrooms/4/requests/8/approve/ HTTP/1.1" 302 0
INFO 2026-03-25 10:41:33,928 basehttp 5248 16232 "GET /sat/teacher/classrooms/4/ HTTP/1.1" 200 12006
INFO 2026-03-25 10:41:36,526 basehttp 5248 7940 "GET /sat/ HTTP/1.1" 302 0
INFO 2026-03-25 10:41:36,736 basehttp 5248 7940 "GET /sat/classroom/4/ HTTP/1.1" 200 7799
INFO 2026-03-25 10:41:45,610 basehttp 5248 16232 "POST /sat/teacher/classrooms/4/delete/ HTTP/1.1" 302 0
INFO 2026-03-25 10:41:45,754 basehttp 5248 16232 "GET /sat/teacher/classrooms/ HTTP/1.1" 200 6187
INFO 2026-03-25 10:41:47,764 basehttp 5248 7940 "GET /sat/classroom/4/ HTTP/1.1" 302 0
INFO 2026-03-25 10:41:47,925 basehttp 5248 7940 "GET /sat/ HTTP/1.1" 200 6189
INFO 2026-03-25 10:41:52,258 basehttp 5248 7940 "GET /sat/classroom/3/ HTTP/1.1" 302 0
INFO 2026-03-25 10:41:52,474 basehttp 5248 7940 "GET /sat/ HTTP/1.1" 200 6189
INFO 2026-03-25 10:41:57,286 basehttp 5248 16232 "GET /sat/teacher/classrooms/create/ HTTP/1.1" 200 6099
INFO 2026-03-25 10:42:01,610 basehttp 5248 7940 "POST /sat/join/ HTTP/1.1" 302 0
INFO 2026-03-25 10:42:01,745 basehttp 5248 7940 "GET /sat/ HTTP/1.1" 200 6189
INFO 2026-03-25 10:42:08,221 basehttp 5248 7940 "POST /sat/join/ HTTP/1.1" 302 0
INFO 2026-03-25 10:42:08,378 basehttp 5248 7940 "GET /sat/ HTTP/1.1" 200 6189
INFO 2026-03-25 10:42:16,500 basehttp 5248 16232 "POST /sat/teacher/classrooms/create/ HTTP/1.1" 302 0
INFO 2026-03-25 10:42:16,733 basehttp 5248 16232 "GET /sat/teacher/classrooms/5/ HTTP/1.1" 200 11009
INFO 2026-03-25 10:42:20,750 basehttp 5248 16232 "GET /sat/teacher/classrooms/5/generate-code/ HTTP/1.1" 302 0
INFO 2026-03-25 10:42:20,937 basehttp 5248 16232 "GET /sat/teacher/classrooms/5/ HTTP/1.1" 200 11092
INFO 2026-03-25 10:42:25,337 basehttp 5248 7940 "POST /sat/join/ HTTP/1.1" 302 0
INFO 2026-03-25 10:42:25,511 basehttp 5248 7940 "GET /sat/ HTTP/1.1" 200 6310
INFO 2026-03-25 10:42:27,944 basehttp 5248 16232 "GET /sat/teacher/classrooms/5/ HTTP/1.1" 200 11884
INFO 2026-03-25 10:42:29,414 basehttp 5248 16232 "GET /sat/teacher/classrooms/5/requests/10/approve/ HTTP/1.1" 302 0
INFO 2026-03-25 10:42:29,552 basehttp 5248 16232 "GET /sat/teacher/classrooms/5/ HTTP/1.1" 200 12003
INFO 2026-03-25 10:42:32,366 basehttp 5248 7940 "GET /sat/ HTTP/1.1" 302 0
INFO 2026-03-25 10:42:32,569 basehttp 5248 7940 "GET /sat/classroom/5/ HTTP/1.1" 200 7801
INFO 2026-03-25 10:42:37,913 basehttp 5248 16232 "POST /sat/teacher/classrooms/5/delete/ HTTP/1.1" 302 0
INFO 2026-03-25 10:42:38,053 basehttp 5248 16232 "GET /sat/teacher/classrooms/ HTTP/1.1" 200 6187
WARNING 2026-03-25 10:42:41,413 basehttp 5248 7940 "GET /sat/classroom/5/chat/ HTTP/1.1" 404 17228
INFO 2026-03-25 10:45:04,587 autoreload 5248 22320 C:\Users\turgu\OneDrive\Desktop\makonbook-master\makonbook-master\apps\sat\views.py changed, reloading.
INFO 2026-03-25 10:45:09,394 autoreload 22404 18308 Watching for file changes with StatReloader
INFO 2026-03-25 10:45:43,195 autoreload 22404 18308 C:\Users\turgu\OneDrive\Desktop\makonbook-master\makonbook-master\apps\sat\views.py changed, reloading.
INFO 2026-03-25 10:45:45,800 autoreload 20580 10236 Watching for file changes with StatReloader
INFO 2026-03-25 10:46:10,310 autoreload 20580 10236 C:\Users\turgu\OneDrive\Desktop\makonbook-master\makonbook-master\apps\sat\views.py changed, reloading.
INFO 2026-03-25 10:46:13,097 autoreload 18544 21420 Watching for file changes with StatReloader
INFO 2026-03-25 10:46:56,120 autoreload 18544 21420 C:\Users\turgu\OneDrive\Desktop\makonbook-master\makonbook-master\apps\sat\views.py changed, reloading.
INFO 2026-03-25 10:46:58,833 autoreload 19004 11104 Watching for file changes with StatReloader
INFO 2026-03-25 10:47:02,957 basehttp 19004 17912 "GET /sat/classroom/5/chat/ HTTP/1.1" 302 0
INFO 2026-03-25 10:47:03,205 basehttp 19004 17912 "GET /sat/ HTTP/1.1" 200 6189
INFO 2026-03-25 10:47:07,827 basehttp 19004 9808 "GET /sat/teacher/classrooms/create/ HTTP/1.1" 200 6099
INFO 2026-03-25 10:47:10,992 basehttp 19004 9808 "POST /sat/teacher/classrooms/create/ HTTP/1.1" 302 0
INFO 2026-03-25 10:47:11,205 basehttp 19004 9808 "GET /sat/teacher/classrooms/6/ HTTP/1.1" 200 10998
INFO 2026-03-25 10:47:12,432 basehttp 19004 9808 "GET /sat/teacher/classrooms/6/generate-code/ HTTP/1.1" 302 0
INFO 2026-03-25 10:47:12,600 basehttp 19004 9808 "GET /sat/teacher/classrooms/6/ HTTP/1.1" 200 11081
INFO 2026-03-25 10:47:16,457 basehttp 19004 17912 "POST /sat/join/ HTTP/1.1" 302 0
INFO 2026-03-25 10:47:16,621 basehttp 19004 17912 "GET /sat/ HTTP/1.1" 200 6309
INFO 2026-03-25 10:47:20,630 basehttp 19004 9808 "GET /sat/teacher/classrooms/6/ HTTP/1.1" 200 11873
INFO 2026-03-25 10:47:22,315 basehttp 19004 9808 "GET /sat/teacher/classrooms/6/requests/12/approve/ HTTP/1.1" 302 0
INFO 2026-03-25 10:47:22,480 basehttp 19004 9808 "GET /sat/teacher/classrooms/6/ HTTP/1.1" 200 11992
INFO 2026-03-25 10:47:25,093 basehttp 19004 17912 "GET /sat/ HTTP/1.1" 302 0
INFO 2026-03-25 10:47:25,292 basehttp 19004 17912 "GET /sat/classroom/6/ HTTP/1.1" 200 7799
INFO 2026-03-25 10:47:28,904 basehttp 19004 9808 "GET /sat/teacher/classrooms/6/students/1498/access/ HTTP/1.1" 200 6108
INFO 2026-03-25 10:47:31,051 basehttp 19004 9808 "POST /sat/teacher/classrooms/6/students/1498/access/ HTTP/1.1" 302 0
INFO 2026-03-25 10:47:31,226 basehttp 19004 9808 "GET /sat/teacher/classrooms/6/ HTTP/1.1" 200 11992
INFO 2026-03-25 10:47:33,271 basehttp 19004 17912 "GET /sat/classroom/6/ HTTP/1.1" 200 8815
INFO 2026-03-25 10:47:41,975 basehttp 19004 9808 "POST /sat/teacher/classrooms/6/delete/ HTTP/1.1" 302 0
INFO 2026-03-25 10:47:42,125 basehttp 19004 9808 "GET /sat/teacher/classrooms/ HTTP/1.1" 200 6187
INFO 2026-03-25 10:47:45,090 basehttp 19004 17912 "GET /sat/classroom/6/practice-tests/ HTTP/1.1" 302 0
INFO 2026-03-25 10:47:45,259 basehttp 19004 17912 "GET /sat/ HTTP/1.1" 200 6189
INFO 2026-03-25 10:47:48,903 basehttp 19004 17912 "GET /sat/classroom/6/vocabulary/ HTTP/1.1" 302 0
INFO 2026-03-25 10:47:49,093 basehttp 19004 17912 "GET /sat/ HTTP/1.1" 200 6189
INFO 2026-03-25 10:47:52,312 basehttp 19004 17912 "GET /sat/classroom/6/admissions/ HTTP/1.1" 302 0
INFO 2026-03-25 10:47:52,487 basehttp 19004 17912 "GET /sat/ HTTP/1.1" 200 6189
INFO 2026-03-25 10:47:55,825 basehttp 19004 17912 "GET /sat/classroom/6/chat/ HTTP/1.1" 302 0
INFO 2026-03-25 10:47:55,996 basehttp 19004 17912 "GET /sat/ HTTP/1.1" 200 6189
INFO 2026-03-25 10:47:58,915 basehttp 19004 17912 "GET /sat/classroom/6/practice-tests/ HTTP/1.1" 302 0
INFO 2026-03-25 10:47:59,102 basehttp 19004 17912 "GET /sat/ HTTP/1.1" 200 6189
INFO 2026-03-25 10:48:02,353 basehttp 19004 17912 "GET /sat/classroom/6/vocabulary/ HTTP/1.1" 302 0
INFO 2026-03-25 10:48:02,566 basehttp 19004 17912 "GET /sat/ HTTP/1.1" 200 6189
INFO 2026-03-25 10:48:06,112 basehttp 19004 17912 "GET /sat/ HTTP/1.1" 200 6189
INFO 2026-03-25 10:52:21,741 basehttp 19004 9808 "GET /sat/teacher/classrooms/ HTTP/1.1" 200 6187
INFO 2026-03-25 10:52:24,671 basehttp 19004 9808 "GET /sat/teacher/classrooms/create/ HTTP/1.1" 200 6099
INFO 2026-03-25 10:52:30,650 basehttp 19004 9808 "POST /sat/teacher/classrooms/create/ HTTP/1.1" 302 0
INFO 2026-03-25 10:52:30,822 basehttp 19004 9808 "GET /sat/teacher/classrooms/7/ HTTP/1.1" 200 11006
INFO 2026-03-25 10:52:32,578 basehttp 19004 9808 "GET /sat/teacher/classrooms/7/generate-code/ HTTP/1.1" 302 0
INFO 2026-03-25 10:52:32,783 basehttp 19004 9808 "GET /sat/teacher/classrooms/7/ HTTP/1.1" 200 11089
INFO 2026-03-25 10:52:36,428 basehttp 19004 9808 "GET /sat/classroom/7/chat/ HTTP/1.1" 200 10229
INFO 2026-03-25 10:52:53,370 basehttp 19004 9808 "POST /sat/classroom/7/chat/send/ HTTP/1.1" 302 0
INFO 2026-03-25 10:52:53,557 basehttp 19004 9808 "GET /sat/classroom/7/chat/ HTTP/1.1" 200 10879
INFO 2026-03-25 10:53:01,691 basehttp 19004 9808 "GET /sat/teacher/classrooms/7/ HTTP/1.1" 200 11089
INFO 2026-03-25 10:53:08,254 basehttp 19004 9808 "GET /sat/classroom/7/chat/ HTTP/1.1" 200 10879
INFO 2026-03-25 10:53:36,501 basehttp 19004 9808 "GET /sat/classroom/7/chat/ HTTP/1.1" 200 10879
INFO 2026-03-25 10:53:39,666 basehttp 19004 9808 "GET /sat/teacher/classrooms/7/ HTTP/1.1" 200 11089
INFO 2026-03-25 10:53:47,072 basehttp 19004 4556 "POST /sat/join/ HTTP/1.1" 302 0
INFO 2026-03-25 10:53:47,297 basehttp 19004 4556 "GET /sat/ HTTP/1.1" 200 6311
INFO 2026-03-25 10:53:47,971 basehttp 19004 9808 "GET /sat/teacher/classrooms/7/ HTTP/1.1" 200 11881
INFO 2026-03-25 10:53:49,839 basehttp 19004 9808 "GET /sat/teacher/classrooms/7/requests/14/approve/ HTTP/1.1" 302 0
INFO 2026-03-25 10:53:50,013 basehttp 19004 9808 "GET /sat/teacher/classrooms/7/ HTTP/1.1" 200 12000
INFO 2026-03-25 10:53:51,101 basehttp 19004 4556 "GET /sat/ HTTP/1.1" 302 0
INFO 2026-03-25 10:53:51,463 basehttp 19004 4556 "GET /sat/classroom/7/ HTTP/1.1" 200 7803
INFO 2026-03-25 10:53:53,290 basehttp 19004 4556 "GET /sat/classroom/7/chat/ HTTP/1.1" 200 10643
INFO 2026-03-25 10:54:02,519 basehttp 19004 4556 "POST /sat/classroom/7/chat/send/ HTTP/1.1" 302 0
INFO 2026-03-25 10:54:02,712 basehttp 19004 4556 "GET /sat/classroom/7/chat/ HTTP/1.1" 200 11156
INFO 2026-03-25 10:54:06,833 basehttp 19004 9808 "GET /sat/classroom/7/chat/ HTTP/1.1" 200 11621
INFO 2026-03-25 10:54:11,940 basehttp 19004 9808 "GET /sat/teacher/classrooms/7/ HTTP/1.1" 200 12000
INFO 2026-03-25 10:56:48,661 basehttp 19004 9808 "GET /sat/classroom/7/chat/ HTTP/1.1" 200 11621
INFO 2026-03-25 10:57:32,603 basehttp 19004 9808 "GET /sat/classroom/7/chat/ HTTP/1.1" 200 15024
INFO 2026-03-25 10:57:38,833 basehttp 19004 9808 "GET /sat/teacher/classrooms/7/ HTTP/1.1" 200 12000
INFO 2026-03-25 10:57:40,770 basehttp 19004 9808 "GET /sat/classroom/7/chat/ HTTP/1.1" 200 15024
INFO 2026-03-25 10:57:49,665 basehttp 19004 9808 "POST /sat/classroom/7/chat/send/ HTTP/1.1" 302 0
INFO 2026-03-25 10:57:49,836 basehttp 19004 9808 "GET /sat/classroom/7/chat/ HTTP/1.1" 200 16004
INFO 2026-03-25 10:57:53,670 basehttp 19004 9808 "POST /sat/classroom/7/chat/send/ HTTP/1.1" 302 0
INFO 2026-03-25 10:57:53,836 basehttp 19004 9808 "GET /sat/classroom/7/chat/ HTTP/1.1" 200 16985
INFO 2026-03-25 10:59:05,851 basehttp 19004 9808 "POST /sat/classroom/7/chat/send/ HTTP/1.1" 302 0
INFO 2026-03-25 10:59:06,022 basehttp 19004 9808 "GET /sat/classroom/7/chat/ HTTP/1.1" 200 17967
INFO 2026-03-25 10:59:09,643 basehttp 19004 9808 "POST /sat/classroom/7/chat/send/ HTTP/1.1" 302 0
INFO 2026-03-25 10:59:09,813 basehttp 19004 9808 "GET /sat/classroom/7/chat/ HTTP/1.1" 200 18948
INFO 2026-03-25 10:59:13,037 basehttp 19004 9808 "POST /sat/classroom/7/chat/send/ HTTP/1.1" 302 0
INFO 2026-03-25 10:59:13,209 basehttp 19004 9808 "GET /sat/classroom/7/chat/ HTTP/1.1" 200 19933
INFO 2026-03-25 11:01:44,839 autoreload 19004 11104 C:\Users\turgu\OneDrive\Desktop\makonbook-master\makonbook-master\apps\sat\views.py changed, reloading.
INFO 2026-03-25 11:01:48,764 autoreload 2512 21200 Watching for file changes with StatReloader
INFO 2026-03-25 11:02:16,840 autoreload 2512 21200 C:\Users\turgu\OneDrive\Desktop\makonbook-master\makonbook-master\apps\sat\views.py changed, reloading.
INFO 2026-03-25 11:02:19,761 autoreload 18832 10592 Watching for file changes with StatReloader
INFO 2026-03-25 11:04:37,695 basehttp 18832 21152 "GET /sat/classroom/7/chat/ HTTP/1.1" 200 23795
INFO 2026-03-25 11:04:42,590 basehttp 18832 21152 "GET /sat/classroom/7/chat/ HTTP/1.1" 200 23795
INFO 2026-03-25 11:04:44,913 basehttp 18832 21152 "GET / HTTP/1.1" 302 0
INFO 2026-03-25 11:04:45,086 basehttp 18832 21152 "GET /sat/ HTTP/1.1" 302 0
INFO 2026-03-25 11:04:45,267 basehttp 18832 21152 "GET /sat/teacher/classrooms/ HTTP/1.1" 200 6276
INFO 2026-03-25 11:04:47,724 basehttp 18832 21152 "GET /sat/teacher/classrooms/7/ HTTP/1.1" 200 12000
INFO 2026-03-25 11:04:48,957 basehttp 18832 21152 "GET /sat/classroom/7/chat/ HTTP/1.1" 200 23795
INFO 2026-03-25 11:04:52,608 basehttp 18832 21152 "GET /sat/teacher/classrooms/7/progress/ HTTP/1.1" 200 7392
INFO 2026-03-25 11:04:54,597 basehttp 18832 21152 "GET / HTTP/1.1" 302 0
INFO 2026-03-25 11:04:54,752 basehttp 18832 21152 "GET /sat/ HTTP/1.1" 302 0
INFO 2026-03-25 11:04:54,918 basehttp 18832 21152 "GET /sat/teacher/classrooms/ HTTP/1.1" 200 6276
INFO 2026-03-25 11:04:56,775 basehttp 18832 21152 "GET /sat/teacher/classrooms/7/ HTTP/1.1" 200 12000
INFO 2026-03-25 11:04:59,864 basehttp 18832 21152 "GET /sat/classroom/7/chat/ HTTP/1.1" 200 23795
INFO 2026-03-25 11:05:02,262 basehttp 18832 21152 "GET /sat/teacher/classrooms/7/ HTTP/1.1" 200 12000
INFO 2026-03-25 11:05:03,762 basehttp 18832 21152 "GET /sat/classroom/7/chat/ HTTP/1.1" 200 23795
INFO 2026-03-25 11:05:06,120 basehttp 18832 21152 "GET /sat/teacher/classrooms/7/progress/ HTTP/1.1" 200 7392
INFO 2026-03-25 11:05:13,275 basehttp 18832 21152 "POST /sat/classroom/7/chat/send/ HTTP/1.1" 200 279
INFO 2026-03-25 11:05:14,365 basehttp 18832 21152 "POST /sat/classroom/7/chat/send/ HTTP/1.1" 200 278
INFO 2026-03-25 11:05:15,474 basehttp 18832 21152 "POST /sat/classroom/7/chat/send/ HTTP/1.1" 200 279
INFO 2026-03-25 11:05:21,875 basehttp 18832 2468 "GET /sat/classroom/7/chat/ HTTP/1.1" 200 24037
INFO 2026-03-25 11:05:25,727 basehttp 18832 2468 "GET /sat/classroom/7/chat/ HTTP/1.1" 200 24037
INFO 2026-03-25 11:05:28,840 basehttp 18832 2468 "GET /sat/classroom/7/ HTTP/1.1" 200 7803
INFO 2026-03-25 11:05:31,092 basehttp 18832 2468 "GET /sat/classroom/7/chat/ HTTP/1.1" 200 24037
INFO 2026-03-25 11:05:34,426 basehttp 18832 2468 "POST /sat/classroom/7/chat/send/ HTTP/1.1" 200 277
INFO 2026-03-25 11:05:38,493 basehttp 18832 21152 "POST /sat/classroom/7/chat/send/ HTTP/1.1" 200 281
INFO 2026-03-25 11:05:40,124 basehttp 18832 21152 "GET /sat/classroom/7/chat/ HTTP/1.1" 200 28700
INFO 2026-03-25 12:02:36,721 basehttp 18832 21000 "GET /admin/sat/globalevent/ HTTP/1.1" 200 29840
INFO 2026-03-25 12:06:18,377 autoreload 18832 10592 C:\Users\turgu\OneDrive\Desktop\makonbook-master\makonbook-master\apps\sat\urls.py changed, reloading.
INFO 2026-03-25 12:06:22,434 autoreload 9116 20448 Watching for file changes with StatReloader
INFO 2026-03-25 12:06:31,174 autoreload 9116 20448 C:\Users\turgu\OneDrive\Desktop\makonbook-master\makonbook-master\apps\sat\views.py changed, reloading.
INFO 2026-03-25 12:06:34,038 autoreload 18612 22596 Watching for file changes with StatReloader
ERROR 2026-03-25 12:10:23,790 basehttp 18612 22032 "GET /sat/classroom/7/chat/ HTTP/1.1" 500 269497
INFO 2026-03-25 12:11:11,756 basehttp 18612 22032 "GET / HTTP/1.1" 302 0
INFO 2026-03-25 12:11:11,903 basehttp 18612 22032 "GET /sat/ HTTP/1.1" 302 0
INFO 2026-03-25 12:11:12,164 basehttp 18612 22032 "GET /sat/teacher/classrooms/ HTTP/1.1" 200 6276
INFO 2026-03-25 12:11:12,664 basehttp 18612 23300 "GET /static/assets/vendor/aos/aos.css HTTP/1.1" 200 28765
INFO 2026-03-25 12:11:12,666 basehttp 18612 22032 "GET /static/font-awesome-4.7.0/css/font-awesome.min.css HTTP/1.1" 200 31000
INFO 2026-03-25 12:11:12,674 basehttp 18612 17384 "GET /static/assets/vendor/glightbox/css/glightbox.min.css HTTP/1.1" 200 13749
INFO 2026-03-25 12:11:12,687 basehttp 18612 19868 "GET /static/assets/vendor/swiper/swiper-bundle.min.css HTTP/1.1" 200 18432
INFO 2026-03-25 12:11:12,691 basehttp 18612 17384 "GET /static/assets/img/icons/SAT%20MAKON%20logo%203.png HTTP/1.1" 200 66505
INFO 2026-03-25 12:11:12,709 basehttp 18612 18876 "GET /static/assets/vendor/bootstrap-icons/bootstrap-icons.css HTTP/1.1" 200 98255
INFO 2026-03-25 12:11:12,710 basehttp 18612 22668 "GET /static/assets/vendor/bootstrap/css/bootstrap.min.css HTTP/1.1" 200 232803
INFO 2026-03-25 12:11:12,726 basehttp 18612 23300 "GET /static/assets/css/main.css HTTP/1.1" 200 50430
INFO 2026-03-25 12:11:12,856 basehttp 18612 18876 "GET /static/assets/vendor/purecounter/purecounter_vanilla.js HTTP/1.1" 200 5417
INFO 2026-03-25 12:11:12,861 basehttp 18612 22032 "GET /static/assets/vendor/bootstrap/js/bootstrap.bundle.min.js HTTP/1.1" 200 80721
INFO 2026-03-25 12:11:12,893 basehttp 18612 22032 "GET /static/assets/vendor/bootstrap-icons/fonts/bootstrap-icons.woff2?dd67030699838ea613ee6dbda90effa6 HTTP/1.1" 200 130396
INFO 2026-03-25 12:11:12,907 basehttp 18612 22668 "GET /static/assets/vendor/swiper/swiper-bundle.min.js HTTP/1.1" 200 149982
INFO 2026-03-25 12:11:12,908 basehttp 18612 18876 "GET /static/font-awesome-4.7.0/fonts/fontawesome-webfont.woff2?v=4.7.0 HTTP/1.1" 200 77160
INFO 2026-03-25 12:11:12,987 basehttp 18612 18876 "GET /static/assets/js/main.js HTTP/1.1" 200 7526
INFO 2026-03-25 12:11:12,990 basehttp 18612 22032 "GET /static/assets/vendor/php-email-form/validate.js HTTP/1.1" 200 2734
INFO 2026-03-25 12:11:13,032 basehttp 18612 19868 "GET /static/assets/vendor/aos/aos.js HTTP/1.1" 200 13800
INFO 2026-03-25 12:11:13,135 basehttp 18612 17384 "GET /static/assets/vendor/glightbox/js/glightbox.min.js HTTP/1.1" 200 56300
INFO 2026-03-25 12:11:13,172 basehttp 18612 23300 "GET /static/assets/vendor/isotope-layout/isotope.pkgd.min.js HTTP/1.1" 200 35445
INFO 2026-03-25 12:11:13,552 basehttp 18612 23300 "GET /static/assets/img/icons/original-icon-nobg.png HTTP/1.1" 200 91518
INFO 2026-03-25 12:11:14,815 basehttp 18612 23300 "GET /sat/teacher/classrooms/7/ HTTP/1.1" 200 12000
ERROR 2026-03-25 12:11:16,071 basehttp 18612 23300 "GET /sat/classroom/7/chat/ HTTP/1.1" 500 269360
INFO 2026-03-25 12:12:36,756 autoreload 18612 22596 C:\Users\turgu\OneDrive\Desktop\makonbook-master\makonbook-master\apps\sat\views.py changed, reloading.
INFO 2026-03-25 12:12:41,617 autoreload 6920 20660 Watching for file changes with StatReloader
INFO 2026-03-25 12:13:17,229 autoreload 4032 10816 Watching for file changes with StatReloader
INFO 2026-03-25 12:13:21,875 basehttp 4032 18436 "GET / HTTP/1.1" 302 0
INFO 2026-03-25 12:13:22,113 basehttp 4032 18436 "GET /sat/ HTTP/1.1" 302 0
INFO 2026-03-25 12:13:22,494 basehttp 4032 18436 "GET /sat/teacher/classrooms/ HTTP/1.1" 200 6276
INFO 2026-03-25 12:13:32,186 basehttp 4032 20256 "GET / HTTP/1.1" 302 0
INFO 2026-03-25 12:13:32,393 basehttp 4032 20256 "GET /sat/ HTTP/1.1" 302 0
INFO 2026-03-25 12:13:32,826 basehttp 4032 20256 "GET /sat/classroom/7/ HTTP/1.1" 200 7803
INFO 2026-03-25 12:13:35,027 basehttp 4032 18436 "GET /sat/teacher/classrooms/7/ HTTP/1.1" 200 12000
INFO 2026-03-25 12:13:36,495 basehttp 4032 20256 "GET /sat/classroom/7/chat/ HTTP/1.1" 200 27238
INFO 2026-03-25 12:13:38,489 basehttp 4032 18436 "GET /sat/classroom/7/chat/ HTTP/1.1" 200 30452
INFO 2026-03-25 12:13:40,875 basehttp 4032 20256 "GET /sat/classroom/7/chat/fetch/?last_id=18 HTTP/1.1" 200 28
INFO 2026-03-25 12:13:41,682 basehttp 4032 20256 "GET / HTTP/1.1" 302 0
INFO 2026-03-25 12:13:41,887 basehttp 4032 20256 "GET /sat/ HTTP/1.1" 302 0
INFO 2026-03-25 12:13:42,057 basehttp 4032 20256 "GET /sat/classroom/7/ HTTP/1.1" 200 7803
INFO 2026-03-25 12:13:42,317 basehttp 4032 18436 "GET /sat/classroom/7/chat/fetch/?last_id=18 HTTP/1.1" 200 28
INFO 2026-03-25 12:13:43,955 basehttp 4032 20256 "GET /sat/classroom/7/chat/ HTTP/1.1" 200 27238
INFO 2026-03-25 12:13:45,297 basehttp 4032 18436 "GET /sat/classroom/7/chat/fetch/?last_id=18 HTTP/1.1" 200 28
INFO 2026-03-25 12:13:48,260 basehttp 4032 18436 "GET /sat/classroom/7/chat/fetch/?last_id=18 HTTP/1.1" 200 28
INFO 2026-03-25 12:13:48,480 basehttp 4032 20256 "GET /sat/classroom/7/chat/fetch/?last_id=18 HTTP/1.1" 200 28
INFO 2026-03-25 12:13:48,668 basehttp 4032 20256 "POST /sat/classroom/7/chat/send/ HTTP/1.1" 200 278
INFO 2026-03-25 12:13:51,255 basehttp 4032 20256 "GET /sat/classroom/7/chat/fetch/?last_id=19 HTTP/1.1" 200 28
INFO 2026-03-25 12:13:51,263 basehttp 4032 18436 "GET /sat/classroom/7/chat/fetch/?last_id=18 HTTP/1.1" 200 263
INFO 2026-03-25 12:13:54,262 basehttp 4032 18436 "POST /sat/classroom/7/chat/send/ HTTP/1.1" 200 278
INFO 2026-03-25 12:13:54,428 basehttp 4032 3108 "GET /sat/classroom/7/chat/fetch/?last_id=19 HTTP/1.1" 200 262
INFO 2026-03-25 12:13:54,453 basehttp 4032 20256 "GET /sat/classroom/7/chat/fetch/?last_id=19 HTTP/1.1" 200 263
INFO 2026-03-25 12:13:57,236 basehttp 4032 3108 "GET /sat/classroom/7/chat/fetch/?last_id=20 HTTP/1.1" 200 28
INFO 2026-03-25 12:13:57,447 basehttp 4032 20256 "GET /sat/classroom/7/chat/fetch/?last_id=20 HTTP/1.1" 200 28
INFO 2026-03-25 12:13:57,769 basehttp 4032 3108 "POST /sat/classroom/7/chat/send/ HTTP/1.1" 200 279
INFO 2026-03-25 12:14:00,259 basehttp 4032 3108 "GET /sat/classroom/7/chat/fetch/?last_id=21 HTTP/1.1" 200 28
INFO 2026-03-25 12:14:00,505 basehttp 4032 20256 "GET /sat/classroom/7/chat/fetch/?last_id=20 HTTP/1.1" 200 264
INFO 2026-03-25 12:14:01,875 basehttp 4032 20256 "POST /sat/classroom/7/chat/send/ HTTP/1.1" 200 280
INFO 2026-03-25 12:14:03,241 basehttp 4032 3108 "GET /sat/classroom/7/chat/fetch/?last_id=21 HTTP/1.1" 200 265
INFO 2026-03-25 12:14:03,519 basehttp 4032 20256 "GET /sat/classroom/7/chat/fetch/?last_id=22 HTTP/1.1" 200 28
INFO 2026-03-25 12:14:04,888 basehttp 4032 3108 "GET /sat/classroom/7/chat/message/22/delete/ HTTP/1.1" 302 0
INFO 2026-03-25 12:14:05,057 basehttp 4032 3108 "GET /sat/classroom/7/chat/ HTTP/1.1" 200 33394
INFO 2026-03-25 12:14:06,282 basehttp 4032 3108 "GET /sat/classroom/7/chat/message/21/delete/ HTTP/1.1" 302 0
INFO 2026-03-25 12:14:06,543 basehttp 4032 3108 "GET /sat/classroom/7/chat/ HTTP/1.1" 200 32413
INFO 2026-03-25 12:14:06,614 basehttp 4032 20256 "GET /sat/classroom/7/chat/fetch/?last_id=22 HTTP/1.1" 200 28
INFO 2026-03-25 12:14:07,829 basehttp 4032 3108 "GET /sat/classroom/7/chat/message/20/delete/ HTTP/1.1" 302 0
INFO 2026-03-25 12:14:07,987 basehttp 4032 3108 "GET /sat/classroom/7/chat/ HTTP/1.1" 200 31433
INFO 2026-03-25 12:14:09,522 basehttp 4032 20256 "GET /sat/classroom/7/chat/fetch/?last_id=22 HTTP/1.1" 200 28
INFO 2026-03-25 12:14:09,557 basehttp 4032 3108 "GET /sat/classroom/7/chat/message/19/delete/ HTTP/1.1" 302 0
INFO 2026-03-25 12:14:09,718 basehttp 4032 3108 "GET /sat/classroom/7/chat/ HTTP/1.1" 200 30452
INFO 2026-03-25 12:14:12,502 basehttp 4032 3108 "GET /sat/classroom/7/chat/message/16/delete/ HTTP/1.1" 302 0
INFO 2026-03-25 12:14:12,685 basehttp 4032 3108 "GET /sat/classroom/7/chat/ HTTP/1.1" 200 29471
INFO 2026-03-25 12:14:13,865 basehttp 4032 3108 "GET /sat/classroom/7/chat/message/17/delete/ HTTP/1.1" 302 0
INFO 2026-03-25 12:14:14,027 basehttp 4032 3108 "GET /sat/classroom/7/chat/ HTTP/1.1" 200 28491
INFO 2026-03-25 12:14:17,252 basehttp 4032 3108 "GET /sat/classroom/7/chat/fetch/?last_id=18 HTTP/1.1" 200 28
INFO 2026-03-25 12:14:18,960 basehttp 4032 20256 "GET /sat/classroom/7/chat/fetch/?last_id=22 HTTP/1.1" 200 28
INFO 2026-03-25 12:14:22,015 basehttp 4032 20256 "GET /sat/classroom/7/chat/fetch/?last_id=22 HTTP/1.1" 200 28
INFO 2026-03-25 12:14:25,198 basehttp 4032 20256 "GET /sat/classroom/7/chat/fetch/?last_id=22 HTTP/1.1" 200 28
INFO 2026-03-25 12:14:28,246 basehttp 4032 20256 "GET /sat/classroom/7/chat/fetch/?last_id=22 HTTP/1.1" 200 28
INFO 2026-03-25 12:14:31,221 basehttp 4032 20256 "GET /sat/classroom/7/chat/fetch/?last_id=22 HTTP/1.1" 200 28
INFO 2026-03-25 12:14:34,478 basehttp 4032 3108 "GET /sat/classroom/7/chat/fetch/?last_id=18 HTTP/1.1" 200 28
INFO 2026-03-25 12:14:34,554 basehttp 4032 20256 "GET /sat/classroom/7/chat/fetch/?last_id=22 HTTP/1.1" 200 28
INFO 2026-03-25 12:14:37,538 basehttp 4032 20256 "GET /sat/classroom/7/chat/fetch/?last_id=22 HTTP/1.1" 200 28
INFO 2026-03-25 12:14:40,559 basehttp 4032 20256 "GET /sat/classroom/7/chat/fetch/?last_id=22 HTTP/1.1" 200 28
INFO 2026-03-25 12:14:43,552 basehttp 4032 20256 "GET /sat/classroom/7/chat/fetch/?last_id=22 HTTP/1.1" 200 28
INFO 2026-03-25 12:14:46,579 basehttp 4032 20256 "GET /sat/classroom/7/chat/fetch/?last_id=22 HTTP/1.1" 200 28
INFO 2026-03-25 12:14:49,590 basehttp 4032 3108 "GET /sat/classroom/7/chat/fetch/?last_id=18 HTTP/1.1" 200 28
INFO 2026-03-25 12:14:49,605 basehttp 4032 20256 "GET /sat/classroom/7/chat/fetch/?last_id=22 HTTP/1.1" 200 28
INFO 2026-03-25 12:14:52,589 basehttp 4032 20256 "GET /sat/classroom/7/chat/fetch/?last_id=22 HTTP/1.1" 200 28
INFO 2026-03-25 12:14:55,631 basehttp 4032 20256 "GET /sat/classroom/7/chat/fetch/?last_id=22 HTTP/1.1" 200 28
INFO 2026-03-25 12:14:58,990 basehttp 4032 20256 "GET /sat/classroom/7/chat/fetch/?last_id=22 HTTP/1.1" 200 28
INFO 2026-03-25 12:15:02,043 basehttp 4032 20256 "GET /sat/classroom/7/chat/fetch/?last_id=22 HTTP/1.1" 200 28
INFO 2026-03-25 12:15:04,472 basehttp 4032 3108 "GET /sat/classroom/7/chat/fetch/?last_id=18 HTTP/1.1" 200 28
INFO 2026-03-25 12:15:05,021 basehttp 4032 20256 "GET /sat/classroom/7/chat/fetch/?last_id=22 HTTP/1.1" 200 28
INFO 2026-03-25 12:15:07,999 basehttp 4032 20256 "GET /sat/classroom/7/chat/fetch/?last_id=22 HTTP/1.1" 200 28
INFO 2026-03-25 12:15:11,021 basehttp 4032 20256 "GET /sat/classroom/7/chat/fetch/?last_id=22 HTTP/1.1" 200 28
INFO 2026-03-25 12:15:14,008 basehttp 4032 20256 "GET /sat/classroom/7/chat/fetch/?last_id=22 HTTP/1.1" 200 28
INFO 2026-03-25 12:15:17,025 basehttp 4032 20256 "GET /sat/classroom/7/chat/fetch/?last_id=22 HTTP/1.1" 200 28
INFO 2026-03-25 12:15:19,459 basehttp 4032 3108 "GET /sat/classroom/7/chat/fetch/?last_id=18 HTTP/1.1" 200 28
INFO 2026-03-25 12:15:20,022 basehttp 4032 20256 "GET /sat/classroom/7/chat/fetch/?last_id=22 HTTP/1.1" 200 28
INFO 2026-03-25 12:15:23,023 basehttp 4032 20256 "GET /sat/classroom/7/chat/fetch/?last_id=22 HTTP/1.1" 200 28
INFO 2026-03-25 12:15:26,051 basehttp 4032 20256 "GET /sat/classroom/7/chat/fetch/?last_id=22 HTTP/1.1" 200 28
INFO 2026-03-25 12:15:29,050 basehttp 4032 20256 "GET /sat/classroom/7/chat/fetch/?last_id=22 HTTP/1.1" 200 28
INFO 2026-03-25 12:15:32,156 basehttp 4032 20256 "GET /sat/classroom/7/chat/fetch/?last_id=22 HTTP/1.1" 200 28
INFO 2026-03-25 12:15:34,456 basehttp 4032 3108 "GET /sat/classroom/7/chat/fetch/?last_id=18 HTTP/1.1" 200 28
INFO 2026-03-25 12:15:35,073 basehttp 4032 20256 "GET /sat/classroom/7/chat/fetch/?last_id=22 HTTP/1.1" 200 28
INFO 2026-03-25 12:15:38,077 basehttp 4032 20256 "GET /sat/classroom/7/chat/fetch/?last_id=22 HTTP/1.1" 200 28
INFO 2026-03-25 12:15:41,138 basehttp 4032 20256 "GET /sat/classroom/7/chat/fetch/?last_id=22 HTTP/1.1" 200 28
INFO 2026-03-25 12:15:44,106 basehttp 4032 20256 "GET /sat/classroom/7/chat/fetch/?last_id=22 HTTP/1.1" 200 28
INFO 2026-03-25 12:15:47,203 basehttp 4032 20256 "GET /sat/classroom/7/chat/fetch/?last_id=22 HTTP/1.1" 200 28
INFO 2026-03-25 12:15:49,452 basehttp 4032 3108 "GET /sat/classroom/7/chat/fetch/?last_id=18 HTTP/1.1" 200 28
INFO 2026-03-25 12:15:50,119 basehttp 4032 20256 "GET /sat/classroom/7/chat/fetch/?last_id=22 HTTP/1.1" 200 28
INFO 2026-03-25 12:15:53,124 basehttp 4032 20256 "GET /sat/classroom/7/chat/fetch/?last_id=22 HTTP/1.1" 200 28
INFO 2026-03-25 12:15:56,215 basehttp 4032 20256 "GET /sat/classroom/7/chat/fetch/?last_id=22 HTTP/1.1" 200 28
INFO 2026-03-25 12:15:59,125 basehttp 4032 20256 "GET /sat/classroom/7/chat/fetch/?last_id=22 HTTP/1.1" 200 28
INFO 2026-03-25 12:16:02,275 basehttp 4032 20256 "GET /sat/classroom/7/chat/fetch/?last_id=22 HTTP/1.1" 200 28
INFO 2026-03-25 12:16:04,559 basehttp 4032 3108 "GET /sat/classroom/7/chat/fetch/?last_id=18 HTTP/1.1" 200 28
INFO 2026-03-25 12:16:05,147 basehttp 4032 20256 "GET /sat/classroom/7/chat/fetch/?last_id=22 HTTP/1.1" 200 28
INFO 2026-03-25 12:16:08,158 basehttp 4032 20256 "GET /sat/classroom/7/chat/fetch/?last_id=22 HTTP/1.1" 200 28
INFO 2026-03-25 12:16:11,171 basehttp 4032 20256 "GET /sat/classroom/7/chat/fetch/?last_id=22 HTTP/1.1" 200 28
INFO 2026-03-25 12:16:14,159 basehttp 4032 20256 "GET /sat/classroom/7/chat/fetch/?last_id=22 HTTP/1.1" 200 28
INFO 2026-03-25 12:16:17,212 basehttp 4032 20256 "GET /sat/classroom/7/chat/fetch/?last_id=22 HTTP/1.1" 200 28
INFO 2026-03-25 12:16:20,192 basehttp 4032 20256 "GET /sat/classroom/7/chat/fetch/?last_id=22 HTTP/1.1" 200 28
INFO 2026-03-25 12:16:23,201 basehttp 4032 20256 "GET /sat/classroom/7/chat/fetch/?last_id=22 HTTP/1.1" 200 28
INFO 2026-03-25 12:16:26,323 basehttp 4032 20256 "GET /sat/classroom/7/chat/fetch/?last_id=22 HTTP/1.1" 200 28
INFO 2026-03-25 12:16:29,228 basehttp 4032 20256 "GET /sat/classroom/7/chat/fetch/?last_id=22 HTTP/1.1" 200 28
INFO 2026-03-25 12:16:32,222 basehttp 4032 20256 "GET /sat/classroom/7/chat/fetch/?last_id=22 HTTP/1.1" 200 28
INFO 2026-03-25 12:16:35,232 basehttp 4032 20256 "GET /sat/classroom/7/chat/fetch/?last_id=22 HTTP/1.1" 200 28
INFO 2026-03-25 12:16:38,263 basehttp 4032 20256 "GET /sat/classroom/7/chat/fetch/?last_id=22 HTTP/1.1" 200 28
INFO 2026-03-25 12:16:41,349 basehttp 4032 20256 "GET /sat/classroom/7/chat/fetch/?last_id=22 HTTP/1.1" 200 28
INFO 2026-03-25 12:16:44,400 basehttp 4032 20256 "GET /sat/classroom/7/chat/fetch/?last_id=22 HTTP/1.1" 200 28
INFO 2026-03-25 12:16:47,271 basehttp 4032 20256 "GET /sat/classroom/7/chat/fetch/?last_id=22 HTTP/1.1" 200 28
INFO 2026-03-25 12:16:50,381 basehttp 4032 20256 "GET /sat/classroom/7/chat/fetch/?last_id=22 HTTP/1.1" 200 28
INFO 2026-03-25 12:16:53,287 basehttp 4032 20256 "GET /sat/classroom/7/chat/fetch/?last_id=22 HTTP/1.1" 200 28
INFO 2026-03-25 12:17:01,499 basehttp 4032 3108 "GET /sat/classroom/7/chat/fetch/?last_id=18 HTTP/1.1" 200 28
INFO 2026-03-25 12:17:09,796 basehttp 4032 20256 "GET /sat/classroom/7/chat/fetch/?last_id=22 HTTP/1.1" 200 28
INFO 2026-03-25 12:17:24,791 basehttp 4032 20256 "GET /sat/classroom/7/chat/fetch/?last_id=22 HTTP/1.1" 200 28
INFO 2026-03-25 12:17:39,786 basehttp 4032 20256 "GET /sat/classroom/7/chat/fetch/?last_id=22 HTTP/1.1" 200 28
INFO 2026-03-25 12:17:54,852 basehttp 4032 20256 "GET /sat/classroom/7/chat/fetch/?last_id=22 HTTP/1.1" 200 28
INFO 2026-03-25 12:18:01,504 basehttp 4032 3108 "GET /sat/classroom/7/chat/fetch/?last_id=18 HTTP/1.1" 200 28
INFO 2026-03-25 12:18:09,833 basehttp 4032 20256 "GET /sat/classroom/7/chat/fetch/?last_id=22 HTTP/1.1" 200 28
INFO 2026-03-25 12:18:24,998 basehttp 4032 20256 "GET /sat/classroom/7/chat/fetch/?last_id=22 HTTP/1.1" 200 28
INFO 2026-03-25 12:18:39,926 basehttp 4032 20256 "GET /sat/classroom/7/chat/fetch/?last_id=22 HTTP/1.1" 200 28
INFO 2026-03-25 12:18:54,837 basehttp 4032 20256 "GET /sat/classroom/7/chat/fetch/?last_id=22 HTTP/1.1" 200 28
INFO 2026-03-25 12:19:01,493 basehttp 4032 3108 "GET /sat/classroom/7/chat/fetch/?last_id=18 HTTP/1.1" 200 28
INFO 2026-03-25 12:19:10,081 basehttp 4032 20256 "GET /sat/classroom/7/chat/fetch/?last_id=22 HTTP/1.1" 200 28
INFO 2026-03-25 12:19:25,059 basehttp 4032 20256 "GET /sat/classroom/7/chat/fetch/?last_id=22 HTTP/1.1" 200 28
INFO 2026-03-25 12:19:40,064 basehttp 4032 20256 "GET /sat/classroom/7/chat/fetch/?last_id=22 HTTP/1.1" 200 28
INFO 2026-03-25 12:19:55,086 basehttp 4032 20256 "GET /sat/classroom/7/chat/fetch/?last_id=22 HTTP/1.1" 200 28
INFO 2026-03-25 12:20:01,474 basehttp 4032 3108 "GET /sat/classroom/7/chat/fetch/?last_id=18 HTTP/1.1" 200 28
INFO 2026-03-25 12:20:10,211 basehttp 4032 20256 "GET /sat/classroom/7/chat/fetch/?last_id=22 HTTP/1.1" 200 28
INFO 2026-03-25 12:20:25,212 basehttp 4032 20256 "GET /sat/classroom/7/chat/fetch/?last_id=22 HTTP/1.1" 200 28
INFO 2026-03-25 12:20:40,273 basehttp 4032 20256 "GET /sat/classroom/7/chat/fetch/?last_id=22 HTTP/1.1" 200 28
INFO 2026-03-25 12:20:55,233 basehttp 4032 20256 "GET /sat/classroom/7/chat/fetch/?last_id=22 HTTP/1.1" 200 28
INFO 2026-03-25 12:21:01,475 basehttp 4032 3108 "GET /sat/classroom/7/chat/fetch/?last_id=18 HTTP/1.1" 200 28
INFO 2026-03-25 12:21:10,271 basehttp 4032 20256 "GET /sat/classroom/7/chat/fetch/?last_id=22 HTTP/1.1" 200 28
INFO 2026-03-25 12:21:25,266 basehttp 4032 20256 "GET /sat/classroom/7/chat/fetch/?last_id=22 HTTP/1.1" 200 28
INFO 2026-03-25 12:21:40,292 basehttp 4032 20256 "GET /sat/classroom/7/chat/fetch/?last_id=22 HTTP/1.1" 200 28
INFO 2026-03-25 12:21:55,304 basehttp 4032 20256 "GET /sat/classroom/7/chat/fetch/?last_id=22 HTTP/1.1" 200 28
INFO 2026-03-25 12:22:01,484 basehttp 4032 3108 "GET /sat/classroom/7/chat/fetch/?last_id=18 HTTP/1.1" 200 28
INFO 2026-03-25 12:22:10,321 basehttp 4032 20256 "GET /sat/classroom/7/chat/fetch/?last_id=22 HTTP/1.1" 200 28
INFO 2026-03-25 12:22:25,291 basehttp 4032 20256 "GET /sat/classroom/7/chat/fetch/?last_id=22 HTTP/1.1" 200 28
INFO 2026-03-25 12:22:40,313 basehttp 4032 20256 "GET /sat/classroom/7/chat/fetch/?last_id=22 HTTP/1.1" 200 28
INFO 2026-03-25 12:22:55,413 basehttp 4032 20256 "GET /sat/classroom/7/chat/fetch/?last_id=22 HTTP/1.1" 200 28
INFO 2026-03-25 12:23:01,484 basehttp 4032 3108 "GET /sat/classroom/7/chat/fetch/?last_id=18 HTTP/1.1" 200 28
INFO 2026-03-25 12:23:10,313 basehttp 4032 20256 "GET /sat/classroom/7/chat/fetch/?last_id=22 HTTP/1.1" 200 28
INFO 2026-03-25 12:23:25,347 basehttp 4032 20256 "GET /sat/classroom/7/chat/fetch/?last_id=22 HTTP/1.1" 200 28
INFO 2026-03-25 12:23:40,323 basehttp 4032 20256 "GET /sat/classroom/7/chat/fetch/?last_id=22 HTTP/1.1" 200 28
INFO 2026-03-25 12:23:55,329 basehttp 4032 20256 "GET /sat/classroom/7/chat/fetch/?last_id=22 HTTP/1.1" 200 28
INFO 2026-03-25 12:24:01,498 basehttp 4032 3108 "GET /sat/classroom/7/chat/fetch/?last_id=18 HTTP/1.1" 200 28
INFO 2026-03-25 12:24:10,436 basehttp 4032 20256 "GET /sat/classroom/7/chat/fetch/?last_id=22 HTTP/1.1" 200 28
INFO 2026-03-25 12:24:25,345 basehttp 4032 20256 "GET /sat/classroom/7/chat/fetch/?last_id=22 HTTP/1.1" 200 28
INFO 2026-03-25 12:24:40,451 basehttp 4032 20256 "GET /sat/classroom/7/chat/fetch/?last_id=22 HTTP/1.1" 200 28
INFO 2026-03-25 12:24:55,353 basehttp 4032 20256 "GET /sat/classroom/7/chat/fetch/?last_id=22 HTTP/1.1" 200 28
INFO 2026-03-25 12:25:01,481 basehttp 4032 3108 "GET /sat/classroom/7/chat/fetch/?last_id=18 HTTP/1.1" 200 28
INFO 2026-03-25 12:25:10,364 basehttp 4032 20256 "GET /sat/classroom/7/chat/fetch/?last_id=22 HTTP/1.1" 200 28
INFO 2026-03-25 12:25:25,484 basehttp 4032 20256 "GET /sat/classroom/7/chat/fetch/?last_id=22 HTTP/1.1" 200 28
INFO 2026-03-25 12:25:40,390 basehttp 4032 20256 "GET /sat/classroom/7/chat/fetch/?last_id=22 HTTP/1.1" 200 28
INFO 2026-03-25 12:25:55,408 basehttp 4032 20256 "GET /sat/classroom/7/chat/fetch/?last_id=22 HTTP/1.1" 200 28
INFO 2026-03-25 12:26:01,501 basehttp 4032 3108 "GET /sat/classroom/7/chat/fetch/?last_id=18 HTTP/1.1" 200 28
INFO 2026-03-25 12:26:10,376 basehttp 4032 20256 "GET /sat/classroom/7/chat/fetch/?last_id=22 HTTP/1.1" 200 28
INFO 2026-03-25 12:26:15,451 basehttp 4032 20256 "GET /sat/classroom/7/chat/fetch/?last_id=22 HTTP/1.1" 200 28
INFO 2026-03-25 12:26:18,352 basehttp 4032 20256 "GET /sat/classroom/7/chat/fetch/?last_id=22 HTTP/1.1" 200 28
INFO 2026-03-25 12:26:21,388 basehttp 4032 20256 "GET /sat/classroom/7/chat/fetch/?last_id=22 HTTP/1.1" 200 28
INFO 2026-03-25 12:26:24,475 basehttp 4032 20256 "GET /sat/classroom/7/chat/fetch/?last_id=22 HTTP/1.1" 200 28
INFO 2026-03-25 12:26:27,374 basehttp 4032 20256 "GET /sat/classroom/7/chat/fetch/?last_id=22 HTTP/1.1" 200 28
INFO 2026-03-25 12:26:30,493 basehttp 4032 20256 "GET /sat/classroom/7/chat/fetch/?last_id=22 HTTP/1.1" 200 28
INFO 2026-03-25 12:26:33,384 basehttp 4032 20256 "GET /sat/classroom/7/chat/fetch/?last_id=22 HTTP/1.1" 200 28
INFO 2026-03-25 12:26:36,414 basehttp 4032 20256 "GET /sat/classroom/7/chat/fetch/?last_id=22 HTTP/1.1" 200 28
INFO 2026-03-25 12:26:39,535 basehttp 4032 20256 "GET /sat/classroom/7/chat/fetch/?last_id=22 HTTP/1.1" 200 28
INFO 2026-03-25 12:26:42,433 basehttp 4032 20256 "GET /sat/classroom/7/chat/fetch/?last_id=22 HTTP/1.1" 200 28
INFO 2026-03-25 12:26:45,550 basehttp 4032 20256 "GET /sat/classroom/7/chat/fetch/?last_id=22 HTTP/1.1" 200 28
INFO 2026-03-25 12:26:48,460 basehttp 4032 20256 "GET /sat/classroom/7/chat/fetch/?last_id=22 HTTP/1.1" 200 28
INFO 2026-03-25 12:26:51,479 basehttp 4032 20256 "GET /sat/classroom/7/chat/fetch/?last_id=22 HTTP/1.1" 200 28
INFO 2026-03-25 12:26:54,591 basehttp 4032 20256 "GET /sat/classroom/7/chat/fetch/?last_id=22 HTTP/1.1" 200 28
INFO 2026-03-25 12:26:57,500 basehttp 4032 20256 "GET /sat/classroom/7/chat/fetch/?last_id=22 HTTP/1.1" 200 28
INFO 2026-03-25 12:27:00,517 basehttp 4032 20256 "GET /sat/classroom/7/chat/fetch/?last_id=22 HTTP/1.1" 200 28
INFO 2026-03-25 12:27:01,475 basehttp 4032 3108 "GET /sat/classroom/7/chat/fetch/?last_id=18 HTTP/1.1" 200 28
INFO 2026-03-25 12:27:03,521 basehttp 4032 20256 "GET /sat/classroom/7/chat/fetch/?last_id=22 HTTP/1.1" 200 28
INFO 2026-03-25 12:27:06,606 basehttp 4032 20256 "GET /sat/classroom/7/chat/fetch/?last_id=22 HTTP/1.1" 200 28
INFO 2026-03-25 12:27:09,531 basehttp 4032 20256 "GET /sat/classroom/7/chat/fetch/?last_id=22 HTTP/1.1" 200 28
INFO 2026-03-25 12:27:12,544 basehttp 4032 20256 "GET /sat/classroom/7/chat/fetch/?last_id=22 HTTP/1.1" 200 28
INFO 2026-03-25 12:27:15,545 basehttp 4032 20256 "GET /sat/classroom/7/chat/fetch/?last_id=22 HTTP/1.1" 200 28
INFO 2026-03-25 12:27:18,566 basehttp 4032 20256 "GET /sat/classroom/7/chat/fetch/?last_id=22 HTTP/1.1" 200 28
INFO 2026-03-25 12:27:21,588 basehttp 4032 20256 "GET /sat/classroom/7/chat/fetch/?last_id=22 HTTP/1.1" 200 28
INFO 2026-03-25 12:27:24,597 basehttp 4032 20256 "GET /sat/classroom/7/chat/fetch/?last_id=22 HTTP/1.1" 200 28
INFO 2026-03-25 12:27:27,590 basehttp 4032 20256 "GET /sat/classroom/7/chat/fetch/?last_id=22 HTTP/1.1" 200 28
INFO 2026-03-25 12:27:30,604 basehttp 4032 20256 "GET /sat/classroom/7/chat/fetch/?last_id=22 HTTP/1.1" 200 28
INFO 2026-03-25 12:27:33,599 basehttp 4032 20256 "GET /sat/classroom/7/chat/fetch/?last_id=22 HTTP/1.1" 200 28
INFO 2026-03-25 12:27:36,605 basehttp 4032 20256 "GET /sat/classroom/7/chat/fetch/?last_id=22 HTTP/1.1" 200 28
INFO 2026-03-25 12:27:39,634 basehttp 4032 20256 "GET /sat/classroom/7/chat/fetch/?last_id=22 HTTP/1.1" 200 28
INFO 2026-03-25 12:27:42,624 basehttp 4032 20256 "GET /sat/classroom/7/chat/fetch/?last_id=22 HTTP/1.1" 200 28
INFO 2026-03-25 12:27:45,637 basehttp 4032 20256 "GET /sat/classroom/7/chat/fetch/?last_id=22 HTTP/1.1" 200 28
INFO 2026-03-25 12:27:48,648 basehttp 4032 20256 "GET /sat/classroom/7/chat/fetch/?last_id=22 HTTP/1.1" 200 28
INFO 2026-03-25 12:27:51,666 basehttp 4032 20256 "GET /sat/classroom/7/chat/fetch/?last_id=22 HTTP/1.1" 200 28
INFO 2026-03-25 12:27:54,705 basehttp 4032 20256 "GET /sat/classroom/7/chat/fetch/?last_id=22 HTTP/1.1" 200 28
INFO 2026-03-25 12:28:01,515 basehttp 4032 3108 "GET /sat/classroom/7/chat/fetch/?last_id=18 HTTP/1.1" 200 28
INFO 2026-03-25 12:28:10,082 basehttp 4032 20256 "GET /sat/classroom/7/chat/fetch/?last_id=22 HTTP/1.1" 200 28
INFO 2026-03-25 12:28:25,070 basehttp 4032 20256 "GET /sat/classroom/7/chat/fetch/?last_id=22 HTTP/1.1" 200 28
INFO 2026-03-25 12:28:38,558 autoreload 4032 10816 C:\Users\turgu\OneDrive\Desktop\makonbook-master\makonbook-master\apps\sat\views.py changed, reloading.
INFO 2026-03-25 12:28:41,899 autoreload 20076 22372 Watching for file changes with StatReloader
INFO 2026-03-25 12:28:43,131 basehttp 20076 2984 "GET /sat/classroom/7/chat/fetch/?last_id=22 HTTP/1.1" 200 28
INFO 2026-03-25 12:28:47,488 autoreload 20076 22372 C:\Users\turgu\OneDrive\Desktop\makonbook-master\makonbook-master\apps\sat\views.py changed, reloading.
INFO 2026-03-25 12:28:50,321 autoreload 1796 17172 Watching for file changes with StatReloader
INFO 2026-03-25 12:28:55,063 basehttp 1796 10400 "GET /sat/classroom/7/chat/fetch/?last_id=22 HTTP/1.1" 200 28
INFO 2026-03-25 12:29:01,515 basehttp 1796 20216 "GET /sat/classroom/7/chat/fetch/?last_id=18 HTTP/1.1" 200 28
INFO 2026-03-25 12:29:10,063 basehttp 1796 10400 "GET /sat/classroom/7/chat/fetch/?last_id=22 HTTP/1.1" 200 28
INFO 2026-03-25 12:29:25,050 basehttp 1796 10400 "GET /sat/classroom/7/chat/fetch/?last_id=22 HTTP/1.1" 200 28
INFO 2026-03-25 12:29:40,057 basehttp 1796 10400 "GET /sat/classroom/7/chat/fetch/?last_id=22 HTTP/1.1" 200 28
INFO 2026-03-25 12:29:55,033 basehttp 1796 10400 "GET /sat/classroom/7/chat/fetch/?last_id=22 HTTP/1.1" 200 28
INFO 2026-03-25 12:30:01,513 basehttp 1796 20216 "GET /sat/classroom/7/chat/fetch/?last_id=18 HTTP/1.1" 200 28
INFO 2026-03-25 12:30:10,092 basehttp 1796 10400 "GET /sat/classroom/7/chat/fetch/?last_id=22 HTTP/1.1" 200 28
INFO 2026-03-25 12:30:25,068 basehttp 1796 10400 "GET /sat/classroom/7/chat/fetch/?last_id=22 HTTP/1.1" 200 28
INFO 2026-03-25 12:30:40,151 basehttp 1796 10400 "GET /sat/classroom/7/chat/fetch/?last_id=22 HTTP/1.1" 200 28
INFO 2026-03-25 12:30:55,110 basehttp 1796 10400 "GET /sat/classroom/7/chat/fetch/?last_id=22 HTTP/1.1" 200 28
INFO 2026-03-25 12:31:01,507 basehttp 1796 20216 "GET /sat/classroom/7/chat/fetch/?last_id=18 HTTP/1.1" 200 28
INFO 2026-03-25 12:31:10,112 basehttp 1796 10400 "GET /sat/classroom/7/chat/fetch/?last_id=22 HTTP/1.1" 200 28
INFO 2026-03-25 12:31:25,169 basehttp 1796 10400 "GET /sat/classroom/7/chat/fetch/?last_id=22 HTTP/1.1" 200 28
INFO 2026-03-25 12:31:40,137 basehttp 1796 10400 "GET /sat/classroom/7/chat/fetch/?last_id=22 HTTP/1.1" 200 28
INFO 2026-03-25 12:31:55,279 basehttp 1796 10400 "GET /sat/classroom/7/chat/fetch/?last_id=22 HTTP/1.1" 200 28
INFO 2026-03-25 12:32:01,570 basehttp 1796 20216 "GET /sat/classroom/7/chat/fetch/?last_id=18 HTTP/1.1" 200 28
INFO 2026-03-25 12:32:10,143 basehttp 1796 10400 "GET /sat/classroom/7/chat/fetch/?last_id=22 HTTP/1.1" 200 28
INFO 2026-03-25 12:32:25,166 basehttp 1796 10400 "GET /sat/classroom/7/chat/fetch/?last_id=22 HTTP/1.1" 200 28
INFO 2026-03-25 12:32:40,194 basehttp 1796 10400 "GET /sat/classroom/7/chat/fetch/?last_id=22 HTTP/1.1" 200 28
INFO 2026-03-25 12:32:55,235 basehttp 1796 10400 "GET /sat/classroom/7/chat/fetch/?last_id=22 HTTP/1.1" 200 28
INFO 2026-03-25 12:33:01,471 basehttp 1796 20216 "GET /sat/classroom/7/chat/fetch/?last_id=18 HTTP/1.1" 200 28
INFO 2026-03-25 12:33:10,199 basehttp 1796 10400 "GET /sat/classroom/7/chat/fetch/?last_id=22 HTTP/1.1" 200 28
INFO 2026-03-25 12:33:25,221 basehttp 1796 10400 "GET /sat/classroom/7/chat/fetch/?last_id=22 HTTP/1.1" 200 28
INFO 2026-03-25 12:33:40,238 basehttp 1796 10400 "GET /sat/classroom/7/chat/fetch/?last_id=22 HTTP/1.1" 200 28
INFO 2026-03-25 12:33:55,195 basehttp 1796 10400 "GET /sat/classroom/7/chat/fetch/?last_id=22 HTTP/1.1" 200 28
INFO 2026-03-25 12:34:01,538 basehttp 1796 20216 "GET /sat/classroom/7/chat/fetch/?last_id=18 HTTP/1.1" 200 28
INFO 2026-03-25 12:34:10,251 basehttp 1796 10400 "GET /sat/classroom/7/chat/fetch/?last_id=22 HTTP/1.1" 200 28
INFO 2026-03-25 12:34:25,211 basehttp 1796 10400 "GET /sat/classroom/7/chat/fetch/?last_id=22 HTTP/1.1" 200 28
INFO 2026-03-25 12:34:40,214 basehttp 1796 10400 "GET /sat/classroom/7/chat/fetch/?last_id=22 HTTP/1.1" 200 28
INFO 2026-03-25 12:34:55,232 basehttp 1796 10400 "GET /sat/classroom/7/chat/fetch/?last_id=22 HTTP/1.1" 200 28
INFO 2026-03-25 12:35:01,491 basehttp 1796 20216 "GET /sat/classroom/7/chat/fetch/?last_id=18 HTTP/1.1" 200 28
INFO 2026-03-25 12:35:10,232 basehttp 1796 10400 "GET /sat/classroom/7/chat/fetch/?last_id=22 HTTP/1.1" 200 28
INFO 2026-03-25 12:35:25,245 basehttp 1796 10400 "GET /sat/classroom/7/chat/fetch/?last_id=22 HTTP/1.1" 200 28
INFO 2026-03-25 12:35:40,304 basehttp 1796 10400 "GET /sat/classroom/7/chat/fetch/?last_id=22 HTTP/1.1" 200 28
INFO 2026-03-25 12:35:55,265 basehttp 1796 10400 "GET /sat/classroom/7/chat/fetch/?last_id=22 HTTP/1.1" 200 28
INFO 2026-03-25 12:36:01,494 basehttp 1796 20216 "GET /sat/classroom/7/chat/fetch/?last_id=18 HTTP/1.1" 200 28
INFO 2026-03-25 12:36:10,282 basehttp 1796 10400 "GET /sat/classroom/7/chat/fetch/?last_id=22 HTTP/1.1" 200 28
INFO 2026-03-25 12:36:17,323 basehttp 1796 10400 "GET /sat/classroom/7/chat/fetch/?last_id=22 HTTP/1.1" 200 28
INFO 2026-03-25 12:36:20,111 basehttp 1796 10400 "GET /sat/classroom/7/chat/fetch/?last_id=22 HTTP/1.1" 200 28
INFO 2026-03-25 12:36:21,268 basehttp 1796 20216 "GET /sat/classroom/7/chat/fetch/?last_id=18 HTTP/1.1" 200 28
INFO 2026-03-25 12:36:23,251 basehttp 1796 10400 - Broken pipe from ('127.0.0.1', 52794)
INFO 2026-03-25 12:36:23,865 basehttp 1796 22872 "GET /sat/classroom/7/chat/ HTTP/1.1" 200 27667
INFO 2026-03-25 12:36:24,220 basehttp 1796 20216 "GET /sat/classroom/7/chat/fetch/?last_id=18 HTTP/1.1" 200 28
INFO 2026-03-25 12:36:26,387 basehttp 1796 20216 "GET /sat/classroom/7/chat/ HTTP/1.1" 200 30447
INFO 2026-03-25 12:36:52,041 basehttp 1796 20216 "GET /sat/classroom/7/chat/message/18/delete/ HTTP/1.1" 302 0
INFO 2026-03-25 12:36:52,333 basehttp 1796 20216 "GET /sat/classroom/7/chat/ HTTP/1.1" 200 29435
INFO 2026-03-25 12:37:00,558 basehttp 1796 20216 "GET /sat/classroom/7/chat/message/15/delete/ HTTP/1.1" 302 0
INFO 2026-03-25 12:37:00,717 basehttp 1796 20216 "GET /sat/classroom/7/chat/ HTTP/1.1" 200 28426
INFO 2026-03-25 12:37:06,529 basehttp 1796 22872 "GET /sat/classroom/7/chat/ HTTP/1.1" 200 26174
INFO 2026-03-25 12:43:10,755 basehttp 1796 14736 "GET /sat/classroom/7/chat/ HTTP/1.1" 200 28278
INFO 2026-03-25 12:43:10,755 basehttp 1796 18968 "GET /sat/classroom/7/chat/ HTTP/1.1" 200 26026
INFO 2026-03-25 12:43:14,947 basehttp 1796 14736 "GET /sat/classroom/7/chat/fetch/?last_id=14 HTTP/1.1" 200 28
INFO 2026-03-25 12:43:16,414 basehttp 1796 18968 "POST /sat/classroom/7/chat/send/ HTTP/1.1" 200 278
INFO 2026-03-25 12:43:16,871 basehttp 1796 18968 "GET /sat/classroom/7/chat/fetch/?last_id=23 HTTP/1.1" 200 28
INFO 2026-03-25 12:43:17,890 basehttp 1796 14736 "GET /sat/classroom/7/chat/fetch/?last_id=14 HTTP/1.1" 200 263
INFO 2026-03-25 12:43:19,896 basehttp 1796 18968 "GET /sat/classroom/7/chat/fetch/?last_id=23 HTTP/1.1" 200 28
INFO 2026-03-25 12:43:20,423 basehttp 1796 14736 "POST /sat/classroom/7/chat/message/23/delete/ HTTP/1.1" 200 58
INFO 2026-03-25 12:43:20,891 basehttp 1796 14736 "GET /sat/classroom/7/chat/fetch/?last_id=23 HTTP/1.1" 200 28
INFO 2026-03-25 12:43:21,532 basehttp 1796 14736 "POST /sat/classroom/7/chat/message/14/delete/ HTTP/1.1" 200 58
INFO 2026-03-25 12:43:22,330 basehttp 1796 14736 "POST /sat/classroom/7/chat/message/13/delete/ HTTP/1.1" 200 58
INFO 2026-03-25 12:43:22,661 basehttp 1796 14736 "POST /sat/classroom/7/chat/message/12/delete/ HTTP/1.1" 200 58
INFO 2026-03-25 12:43:22,835 basehttp 1796 18968 "GET /sat/classroom/7/chat/fetch/?last_id=23 HTTP/1.1" 200 28
INFO 2026-03-25 12:43:22,973 basehttp 1796 14736 "POST /sat/classroom/7/chat/message/11/delete/ HTTP/1.1" 200 58
INFO 2026-03-25 12:43:23,440 basehttp 1796 14736 "POST /sat/classroom/7/chat/message/10/delete/ HTTP/1.1" 200 58
WARNING 2026-03-25 12:43:23,685 basehttp 1796 14736 "POST /sat/classroom/7/chat/message/10/delete/ HTTP/1.1" 404 18272
INFO 2026-03-25 12:43:23,754 basehttp 1796 23272 "POST /sat/classroom/7/chat/message/9/delete/ HTTP/1.1" 200 57
INFO 2026-03-25 12:43:23,873 basehttp 1796 14736 "GET /sat/classroom/7/chat/fetch/?last_id=23 HTTP/1.1" 200 28
INFO 2026-03-25 12:43:26,001 basehttp 1796 14736 "POST /sat/classroom/7/chat/message/8/delete/ HTTP/1.1" 200 57
INFO 2026-03-25 12:43:26,221 basehttp 1796 18968 "GET /sat/classroom/7/chat/fetch/?last_id=23 HTTP/1.1" 200 28
INFO 2026-03-25 12:43:26,893 basehttp 1796 14736 "GET /sat/classroom/7/chat/fetch/?last_id=23 HTTP/1.1" 200 28
INFO 2026-03-25 12:43:27,121 basehttp 1796 14736 "POST /sat/classroom/7/chat/message/7/delete/ HTTP/1.1" 200 57
INFO 2026-03-25 12:43:29,191 basehttp 1796 18968 "GET /sat/classroom/7/chat/fetch/?last_id=23 HTTP/1.1" 200 28
INFO 2026-03-25 12:43:29,881 basehttp 1796 14736 "GET /sat/classroom/7/chat/fetch/?last_id=23 HTTP/1.1" 200 28
INFO 2026-03-25 12:43:30,575 basehttp 1796 14736 "POST /sat/classroom/7/chat/send/ HTTP/1.1" 200 312
INFO 2026-03-25 12:43:32,255 basehttp 1796 18968 "GET /sat/classroom/7/chat/fetch/?last_id=23 HTTP/1.1" 200 297
INFO 2026-03-25 12:43:32,885 basehttp 1796 14736 "GET /sat/classroom/7/chat/fetch/?last_id=24 HTTP/1.1" 200 28
INFO 2026-03-25 12:43:34,075 basehttp 1796 18968 "GET /sat/classroom/7/chat/ HTTP/1.1" 200 20777
INFO 2026-03-25 12:43:35,897 basehttp 1796 14736 "GET /sat/classroom/7/chat/fetch/?last_id=24 HTTP/1.1" 200 28
INFO 2026-03-25 12:43:38,294 basehttp 1796 18968 "GET /sat/classroom/7/chat/fetch/?last_id=24 HTTP/1.1" 200 28
INFO 2026-03-25 12:43:38,869 basehttp 1796 14736 "GET /sat/classroom/7/chat/fetch/?last_id=24 HTTP/1.1" 200 28
INFO 2026-03-25 12:43:41,216 basehttp 1796 18968 "GET /sat/classroom/7/chat/fetch/?last_id=24 HTTP/1.1" 200 28
INFO 2026-03-25 12:43:41,876 basehttp 1796 14736 "GET /sat/classroom/7/chat/fetch/?last_id=24 HTTP/1.1" 200 28
INFO 2026-03-25 12:43:44,331 basehttp 1796 18968 "GET /sat/classroom/7/chat/fetch/?last_id=24 HTTP/1.1" 200 28
INFO 2026-03-25 12:43:44,881 basehttp 1796 14736 "GET /sat/classroom/7/chat/fetch/?last_id=24 HTTP/1.1" 200 28
INFO 2026-03-25 12:43:47,222 basehttp 1796 18968 "GET /sat/classroom/7/chat/fetch/?last_id=24 HTTP/1.1" 200 28
INFO 2026-03-25 12:43:47,984 basehttp 1796 14736 "GET /sat/classroom/7/chat/fetch/?last_id=24 HTTP/1.1" 200 28
INFO 2026-03-25 12:43:50,283 basehttp 1796 18968 "GET /sat/classroom/7/chat/fetch/?last_id=24 HTTP/1.1" 200 28
INFO 2026-03-25 12:43:50,921 basehttp 1796 14736 "GET /sat/classroom/7/chat/fetch/?last_id=24 HTTP/1.1" 200 28
INFO 2026-03-25 12:43:53,232 basehttp 1796 18968 "GET /sat/classroom/7/chat/fetch/?last_id=24 HTTP/1.1" 200 28
INFO 2026-03-25 12:43:53,897 basehttp 1796 14736 "GET /sat/classroom/7/chat/fetch/?last_id=24 HTTP/1.1" 200 28
INFO 2026-03-25 12:43:55,458 basehttp 1796 18968 "GET /sat/classroom/7/chat/fetch/?last_id=24 HTTP/1.1" 200 28
INFO 2026-03-25 12:43:58,411 basehttp 1796 18968 "GET /sat/classroom/7/chat/fetch/?last_id=24 HTTP/1.1" 200 28
INFO 2026-03-25 12:43:59,523 basehttp 1796 18968 "POST /sat/classroom/7/chat/send/ HTTP/1.1" 200 298
INFO 2026-03-25 12:44:00,944 basehttp 1796 14736 "GET /sat/classroom/7/chat/fetch/?last_id=24 HTTP/1.1" 200 283
INFO 2026-03-25 12:44:02,695 basehttp 1796 14736 "POST /sat/classroom/7/chat/message/25/delete/ HTTP/1.1" 200 58
INFO 2026-03-25 12:44:03,507 basehttp 1796 14736 "POST /sat/classroom/7/chat/message/24/delete/ HTTP/1.1" 200 58
INFO 2026-03-25 12:44:03,915 basehttp 1796 14736 "GET /sat/classroom/7/chat/fetch/?last_id=25 HTTP/1.1" 200 28
INFO 2026-03-25 12:44:06,391 basehttp 1796 14736 "GET /sat/teacher/classrooms/7/ HTTP/1.1" 200 12000
INFO 2026-03-25 12:44:07,835 basehttp 1796 18968 "GET /sat/classroom/7/chat/fetch/?last_id=25 HTTP/1.1" 200 28
INFO 2026-03-25 12:44:10,797 basehttp 1796 18968 "GET /sat/classroom/7/chat/fetch/?last_id=25 HTTP/1.1" 200 28
INFO 2026-03-25 12:44:12,221 basehttp 1796 18968 "GET /sat/classroom/7/chat/ HTTP/1.1" 200 20143
INFO 2026-03-25 12:44:14,783 basehttp 1796 18968 "GET / HTTP/1.1" 302 0
INFO 2026-03-25 12:44:14,988 basehttp 1796 18968 "GET /sat/ HTTP/1.1" 302 0
INFO 2026-03-25 12:44:15,195 basehttp 1796 18968 "GET /sat/classroom/7/ HTTP/1.1" 200 7803
